[INFO    ] 2026-01-01 20:22:44 | trading.services.sync.all_asset_prices | sync_from_yahoo_finance:168 | Synced 244 price records for 000001:xsec (Yahoo: 000001.SZ, Total days: 244)
[INFO    ] 2026-01-01 20:22:44 | trading.services.sync.all_asset_prices | sync_all_asset_price_history:286 | Price history sync completed: 1 synced, 0 failed, 244 total records
[INFO    ] 2026-01-01 20:28:16 | trading.services.sync.all_asset_prices | sync_from_yahoo_finance:168 | Synced 244 price records for 000002:xsec (Yahoo: 000002.SZ, Total days: 244)
[INFO    ] 2026-01-01 20:28:43 | trading.services.sync.all_asset_prices | sync_from_yahoo_finance:168 | Synced 23 price records for 000002:xsec (Yahoo: 000002.SZ, Total days: 244)
[INFO    ] 2026-01-01 20:28:58 | trading.services.sync.all_asset_prices | sync_from_yahoo_finance:168 | Synced 244 price records for 000002:xsec (Yahoo: 000002.SZ, Total days: 244)
[INFO    ] 2026-01-01 20:29:29 | trading.services.sync.all_asset_prices | sync_from_yahoo_finance:168 | Synced 244 price records for 000001:xsec (Yahoo: 000001.SZ, Total days: 244)
[INFO    ] 2026-01-01 20:30:54 | trading.sync.PositionSyncService | _log_start:77 | 🔄 Starting position sync for Saxo Bank
[INFO    ] 2026-01-01 20:30:55 | trading.sync.PositionSyncService | sync:77 | Retrieved 6 positions from SAXO
[INFO    ] 2026-01-01 20:30:55 | trading.sync.PositionSyncService | _get_or_create_all_asset:416 | Found AllAsset by UIC 211: AAPL:xnas (was looking for UIC_211)
[INFO    ] 2026-01-01 20:30:55 | trading.sync.PositionSyncService | _sync_single_position:297 | Creating new position for UIC_211 (side=LONG, qty=1.0)
[INFO    ] 2026-01-01 20:30:55 | trading.sync.PositionSyncService | _sync_single_position:311 | Position 26 created successfully: AAPL:xnas LONG qty=1.0
[INFO    ] 2026-01-01 20:30:55 | trading.sync.PositionSyncService | _sync_positions:160 | Created position for UIC_211
[INFO    ] 2026-01-01 20:30:55 | trading.sync.PositionSyncService | _sync_single_position:284 | Updating existing position 25 for UIC_9580372 (side=LONG)
[INFO    ] 2026-01-01 20:30:55 | trading.sync.PositionSyncService | _sync_single_position:294 | Position 25 updated successfully: UIC_9580372 LONG qty=3.0
[INFO    ] 2026-01-01 20:30:55 | trading.sync.PositionSyncService | _sync_positions:163 | Updated position for UIC_9580372
[INFO    ] 2026-01-01 20:30:55 | trading.sync.PositionSyncService | _sync_single_position:284 | Updating existing position 21 for UIC_20088572 (side=LONG)
[INFO    ] 2026-01-01 20:30:55 | trading.sync.PositionSyncService | _sync_single_position:294 | Position 21 updated successfully: UIC_20088572 LONG qty=2.0
[INFO    ] 2026-01-01 20:30:55 | trading.sync.PositionSyncService | _sync_positions:163 | Updated position for UIC_20088572
[INFO    ] 2026-01-01 20:30:55 | trading.sync.PositionSyncService | _sync_single_position:284 | Updating existing position 22 for UIC_48172478 (side=LONG)
[INFO    ] 2026-01-01 20:30:55 | trading.sync.PositionSyncService | _sync_single_position:294 | Position 22 updated successfully: UIC_48172478 LONG qty=6.0
[INFO    ] 2026-01-01 20:30:55 | trading.sync.PositionSyncService | _sync_positions:163 | Updated position for UIC_48172478
[INFO    ] 2026-01-01 20:30:55 | trading.sync.PositionSyncService | _sync_single_position:284 | Updating existing position 23 for UIC_602 (side=LONG)
[INFO    ] 2026-01-01 20:30:55 | trading.sync.PositionSyncService | _sync_single_position:294 | Position 23 updated successfully: UIC_602 LONG qty=1.0
[INFO    ] 2026-01-01 20:30:55 | trading.sync.PositionSyncService | _sync_positions:163 | Updated position for UIC_602
[INFO    ] 2026-01-01 20:30:56 | trading.sync.PositionSyncService | _sync_single_position:284 | Updating existing position 24 for UIC_14042319 (side=LONG)
[INFO    ] 2026-01-01 20:30:56 | trading.sync.PositionSyncService | _sync_single_position:294 | Position 24 updated successfully: UIC_14042319 LONG qty=6.0
[INFO    ] 2026-01-01 20:30:56 | trading.sync.PositionSyncService | _sync_positions:163 | Updated position for UIC_14042319
[INFO    ] 2026-01-01 20:30:56 | trading.sync.PositionSyncService | _log_complete:115 | 🏁 positions sync completed: 1 created, 5 updated (1.28s)
[INFO    ] 2026-01-01 20:31:58 | trading.sync.PositionSyncService | _log_start:77 | 🔄 Starting position sync for Saxo Bank
[INFO    ] 2026-01-01 20:31:59 | trading.sync.PositionSyncService | sync:77 | Retrieved 6 positions from SAXO
[INFO    ] 2026-01-01 20:31:59 | trading.sync.PositionSyncService | _get_or_create_all_asset:416 | Found AllAsset by UIC 211: AAPL:xnas (was looking for UIC_211)
[INFO    ] 2026-01-01 20:31:59 | trading.sync.PositionSyncService | _sync_single_position:297 | Creating new position for UIC_211 (side=LONG, qty=1.0)
[INFO    ] 2026-01-01 20:31:59 | trading.sync.PositionSyncService | _sync_single_position:311 | Position 27 created successfully: AAPL:xnas LONG qty=1.0
[INFO    ] 2026-01-01 20:31:59 | trading.sync.PositionSyncService | _sync_positions:160 | Created position for UIC_211
[INFO    ] 2026-01-01 20:31:59 | trading.sync.PositionSyncService | _sync_single_position:297 | Creating new position for UIC_9580372 (side=LONG, qty=3.0)
[INFO    ] 2026-01-01 20:31:59 | trading.sync.PositionSyncService | _sync_single_position:311 | Position 28 created successfully: UIC_9580372 LONG qty=3.0
[INFO    ] 2026-01-01 20:31:59 | trading.sync.PositionSyncService | _sync_positions:160 | Created position for UIC_9580372
[INFO    ] 2026-01-01 20:31:59 | trading.sync.PositionSyncService | _sync_single_position:297 | Creating new position for UIC_20088572 (side=LONG, qty=2.0)
[INFO    ] 2026-01-01 20:31:59 | trading.sync.PositionSyncService | _sync_single_position:311 | Position 29 created successfully: UIC_20088572 LONG qty=2.0
[INFO    ] 2026-01-01 20:31:59 | trading.sync.PositionSyncService | _sync_positions:160 | Created position for UIC_20088572
[INFO    ] 2026-01-01 20:31:59 | trading.sync.PositionSyncService | _sync_single_position:297 | Creating new position for UIC_48172478 (side=LONG, qty=6.0)
[INFO    ] 2026-01-01 20:31:59 | trading.sync.PositionSyncService | _sync_single_position:311 | Position 30 created successfully: UIC_48172478 LONG qty=6.0
[INFO    ] 2026-01-01 20:31:59 | trading.sync.PositionSyncService | _sync_positions:160 | Created position for UIC_48172478
[INFO    ] 2026-01-01 20:31:59 | trading.sync.PositionSyncService | _sync_single_position:297 | Creating new position for UIC_602 (side=LONG, qty=1.0)
[INFO    ] 2026-01-01 20:31:59 | trading.sync.PositionSyncService | _sync_single_position:311 | Position 31 created successfully: UIC_602 LONG qty=1.0
[INFO    ] 2026-01-01 20:31:59 | trading.sync.PositionSyncService | _sync_positions:160 | Created position for UIC_602
[INFO    ] 2026-01-01 20:31:59 | trading.sync.PositionSyncService | _sync_single_position:297 | Creating new position for UIC_14042319 (side=LONG, qty=6.0)
[INFO    ] 2026-01-01 20:31:59 | trading.sync.PositionSyncService | _sync_single_position:311 | Position 32 created successfully: UIC_14042319 LONG qty=6.0
[INFO    ] 2026-01-01 20:31:59 | trading.sync.PositionSyncService | _sync_positions:160 | Created position for UIC_14042319
[INFO    ] 2026-01-01 20:31:59 | trading.sync.PositionSyncService | _log_complete:115 | 🏁 positions sync completed: 6 created, 0 updated (1.00s)
[INFO    ] 2026-01-01 21:10:15 | trading.sync.PositionSyncService | _log_start:77 | 🔄 Starting position sync for Saxo Bank
[INFO    ] 2026-01-01 21:10:16 | trading.sync.PositionSyncService | sync:77 | Retrieved 6 positions from SAXO
[INFO    ] 2026-01-01 21:10:16 | trading.sync.PositionSyncService | _sync_single_position:234 | Position with UIC fallback symbol: UIC_211, UIC=211, asset_type=Stock, will attempt to fetch real symbol from API
[INFO    ] 2026-01-01 21:10:17 | trading.sync.PositionSyncService | _get_or_create_all_asset:453 | Found AllAsset by UIC 211: AAPL:xnas (was looking for UIC_211)
[INFO    ] 2026-01-01 21:10:17 | trading.sync.PositionSyncService | _sync_single_position:329 | Creating new position for UIC_211 (side=LONG, qty=1.0)
[INFO    ] 2026-01-01 21:10:17 | trading.sync.PositionSyncService | _sync_single_position:343 | Position 33 created successfully: AAPL:xnas LONG qty=1.0
[INFO    ] 2026-01-01 21:10:17 | trading.sync.PositionSyncService | _sync_positions:160 | Created position for UIC_211
[INFO    ] 2026-01-01 21:10:17 | trading.sync.PositionSyncService | _sync_single_position:234 | Position with UIC fallback symbol: UIC_9580372, UIC=9580372, asset_type=Stock, will attempt to fetch real symbol from API
[INFO    ] 2026-01-01 21:10:17 | trading.sync.PositionSyncService | _sync_single_position:329 | Creating new position for UIC_9580372 (side=LONG, qty=3.0)
[INFO    ] 2026-01-01 21:10:17 | trading.sync.PositionSyncService | _sync_single_position:343 | Position 34 created successfully: UIC_9580372 LONG qty=3.0
[INFO    ] 2026-01-01 21:10:17 | trading.sync.PositionSyncService | _sync_positions:160 | Created position for UIC_9580372
[INFO    ] 2026-01-01 21:10:17 | trading.sync.PositionSyncService | _sync_single_position:234 | Position with UIC fallback symbol: UIC_20088572, UIC=20088572, asset_type=Stock, will attempt to fetch real symbol from API
[INFO    ] 2026-01-01 21:10:18 | trading.sync.PositionSyncService | _sync_single_position:329 | Creating new position for UIC_20088572 (side=LONG, qty=2.0)
[INFO    ] 2026-01-01 21:10:18 | trading.sync.PositionSyncService | _sync_single_position:343 | Position 35 created successfully: UIC_20088572 LONG qty=2.0
[INFO    ] 2026-01-01 21:10:18 | trading.sync.PositionSyncService | _sync_positions:160 | Created position for UIC_20088572
[INFO    ] 2026-01-01 21:10:18 | trading.sync.PositionSyncService | _sync_single_position:234 | Position with UIC fallback symbol: UIC_48172478, UIC=48172478, asset_type=Stock, will attempt to fetch real symbol from API
[INFO    ] 2026-01-01 21:10:18 | trading.sync.PositionSyncService | _sync_single_position:329 | Creating new position for UIC_48172478 (side=LONG, qty=6.0)
[INFO    ] 2026-01-01 21:10:18 | trading.sync.PositionSyncService | _sync_single_position:343 | Position 36 created successfully: UIC_48172478 LONG qty=6.0
[INFO    ] 2026-01-01 21:10:18 | trading.sync.PositionSyncService | _sync_positions:160 | Created position for UIC_48172478
[INFO    ] 2026-01-01 21:10:18 | trading.sync.PositionSyncService | _sync_single_position:234 | Position with UIC fallback symbol: UIC_602, UIC=602, asset_type=Stock, will attempt to fetch real symbol from API
[INFO    ] 2026-01-01 21:10:19 | trading.sync.PositionSyncService | _sync_single_position:329 | Creating new position for UIC_602 (side=LONG, qty=1.0)
[INFO    ] 2026-01-01 21:10:19 | trading.sync.PositionSyncService | _sync_single_position:343 | Position 37 created successfully: UIC_602 LONG qty=1.0
[INFO    ] 2026-01-01 21:10:19 | trading.sync.PositionSyncService | _sync_positions:160 | Created position for UIC_602
[INFO    ] 2026-01-01 21:10:19 | trading.sync.PositionSyncService | _sync_single_position:234 | Position with UIC fallback symbol: UIC_14042319, UIC=14042319, asset_type=Etf, will attempt to fetch real symbol from API
[INFO    ] 2026-01-01 21:10:19 | trading.sync.PositionSyncService | _sync_single_position:329 | Creating new position for UIC_14042319 (side=LONG, qty=6.0)
[INFO    ] 2026-01-01 21:10:19 | trading.sync.PositionSyncService | _sync_single_position:343 | Position 38 created successfully: UIC_14042319 LONG qty=6.0
[INFO    ] 2026-01-01 21:10:19 | trading.sync.PositionSyncService | _sync_positions:160 | Created position for UIC_14042319
[INFO    ] 2026-01-01 21:10:19 | trading.sync.PositionSyncService | _log_complete:115 | 🏁 positions sync completed: 6 created, 0 updated (4.19s)
[INFO    ] 2026-01-02 11:28:56 | trading.sync.PositionSyncService | _log_start:77 | 🔄 Starting position sync for Saxo Bank
[INFO    ] 2026-01-02 11:28:57 | trading.sync.PositionSyncService | sync:77 | Retrieved 6 positions from SAXO
[INFO    ] 2026-01-02 11:28:57 | trading.sync.PositionSyncService | _sync_single_position:234 | Position with UIC fallback symbol: UIC_211, UIC=211, asset_type=Stock, will attempt to fetch real symbol from API
[INFO    ] 2026-01-02 11:28:57 | trading.sync.PositionSyncService | _get_or_create_all_asset:453 | Found AllAsset by UIC 211: AAPL:xnas (was looking for UIC_211)
[INFO    ] 2026-01-02 11:28:57 | trading.sync.PositionSyncService | _sync_single_position:329 | Creating new position for UIC_211 (side=LONG, qty=1.0)
[INFO    ] 2026-01-02 11:28:57 | trading.sync.PositionSyncService | _sync_single_position:343 | Position 39 created successfully: AAPL:xnas LONG qty=1.0
[INFO    ] 2026-01-02 11:28:57 | trading.sync.PositionSyncService | _sync_positions:160 | Created position for UIC_211
[INFO    ] 2026-01-02 11:28:57 | trading.sync.PositionSyncService | _sync_single_position:234 | Position with UIC fallback symbol: UIC_9580372, UIC=9580372, asset_type=Stock, will attempt to fetch real symbol from API
[INFO    ] 2026-01-02 11:28:57 | trading.sync.PositionSyncService | _sync_single_position:329 | Creating new position for UIC_9580372 (side=LONG, qty=3.0)
[INFO    ] 2026-01-02 11:28:58 | trading.sync.PositionSyncService | _sync_single_position:343 | Position 40 created successfully: UIC_9580372 LONG qty=3.0
[INFO    ] 2026-01-02 11:28:58 | trading.sync.PositionSyncService | _sync_positions:160 | Created position for UIC_9580372
[INFO    ] 2026-01-02 11:28:58 | trading.sync.PositionSyncService | _sync_single_position:234 | Position with UIC fallback symbol: UIC_20088572, UIC=20088572, asset_type=Stock, will attempt to fetch real symbol from API
[INFO    ] 2026-01-02 11:28:58 | trading.sync.PositionSyncService | _sync_single_position:329 | Creating new position for UIC_20088572 (side=LONG, qty=2.0)
[INFO    ] 2026-01-02 11:28:58 | trading.sync.PositionSyncService | _sync_single_position:343 | Position 41 created successfully: UIC_20088572 LONG qty=2.0
[INFO    ] 2026-01-02 11:28:58 | trading.sync.PositionSyncService | _sync_positions:160 | Created position for UIC_20088572
[INFO    ] 2026-01-02 11:28:58 | trading.sync.PositionSyncService | _sync_single_position:234 | Position with UIC fallback symbol: UIC_48172478, UIC=48172478, asset_type=Stock, will attempt to fetch real symbol from API
[INFO    ] 2026-01-02 11:28:58 | trading.sync.PositionSyncService | _sync_single_position:329 | Creating new position for UIC_48172478 (side=LONG, qty=6.0)
[INFO    ] 2026-01-02 11:28:58 | trading.sync.PositionSyncService | _sync_single_position:343 | Position 42 created successfully: UIC_48172478 LONG qty=6.0
[INFO    ] 2026-01-02 11:28:58 | trading.sync.PositionSyncService | _sync_positions:160 | Created position for UIC_48172478
[INFO    ] 2026-01-02 11:28:58 | trading.sync.PositionSyncService | _sync_single_position:234 | Position with UIC fallback symbol: UIC_602, UIC=602, asset_type=Stock, will attempt to fetch real symbol from API
[INFO    ] 2026-01-02 11:28:58 | trading.sync.PositionSyncService | _sync_single_position:329 | Creating new position for UIC_602 (side=LONG, qty=1.0)
[INFO    ] 2026-01-02 11:28:58 | trading.sync.PositionSyncService | _sync_single_position:343 | Position 43 created successfully: UIC_602 LONG qty=1.0
[INFO    ] 2026-01-02 11:28:58 | trading.sync.PositionSyncService | _sync_positions:160 | Created position for UIC_602
[INFO    ] 2026-01-02 11:28:58 | trading.sync.PositionSyncService | _sync_single_position:234 | Position with UIC fallback symbol: UIC_14042319, UIC=14042319, asset_type=Etf, will attempt to fetch real symbol from API
[INFO    ] 2026-01-02 11:28:58 | trading.sync.PositionSyncService | _sync_single_position:329 | Creating new position for UIC_14042319 (side=LONG, qty=6.0)
[INFO    ] 2026-01-02 11:28:58 | trading.sync.PositionSyncService | _sync_single_position:343 | Position 44 created successfully: UIC_14042319 LONG qty=6.0
[INFO    ] 2026-01-02 11:28:58 | trading.sync.PositionSyncService | _sync_positions:160 | Created position for UIC_14042319
[INFO    ] 2026-01-02 11:28:58 | trading.sync.PositionSyncService | _log_complete:115 | 🏁 positions sync completed: 6 created, 0 updated (1.64s)
[INFO    ] 2026-01-02 11:41:43 | trading.sync.PositionSyncService | _log_start:77 | 🔄 Starting position sync for Saxo Bank
[INFO    ] 2026-01-02 11:41:45 | trading.sync.PositionSyncService | sync:77 | Retrieved 6 positions from SAXO
[INFO    ] 2026-01-02 11:41:45 | trading.sync.PositionSyncService | _sync_single_position:234 | Position with UIC fallback symbol: UIC_211, UIC=211, asset_type=Stock, will attempt to fetch real symbol from API
[INFO    ] 2026-01-02 11:41:45 | trading.sync.PositionSyncService | _get_or_create_all_asset:453 | Found AllAsset by UIC 211: AAPL:xnas (was looking for UIC_211)
[INFO    ] 2026-01-02 11:41:45 | trading.sync.PositionSyncService | _sync_single_position:316 | Updating existing position 39 for UIC_211 (side=LONG)
[INFO    ] 2026-01-02 11:41:45 | trading.sync.PositionSyncService | _sync_single_position:326 | Position 39 updated successfully: AAPL:xnas LONG qty=1.0
[INFO    ] 2026-01-02 11:41:45 | trading.sync.PositionSyncService | _sync_positions:163 | Updated position for UIC_211
[INFO    ] 2026-01-02 11:41:45 | trading.sync.PositionSyncService | _sync_single_position:234 | Position with UIC fallback symbol: UIC_9580372, UIC=9580372, asset_type=Stock, will attempt to fetch real symbol from API
[INFO    ] 2026-01-02 11:41:46 | trading.sync.PositionSyncService | _get_or_create_all_asset:453 | Found AllAsset by UIC 9580372: TEP:xpar (was looking for UIC_9580372)
[INFO    ] 2026-01-02 11:41:46 | trading.sync.PositionSyncService | _sync_single_position:329 | Creating new position for UIC_9580372 (side=LONG, qty=3.0)
[INFO    ] 2026-01-02 11:41:46 | trading.sync.PositionSyncService | _sync_single_position:343 | Position 45 created successfully: TEP:xpar LONG qty=3.0
[INFO    ] 2026-01-02 11:41:46 | trading.sync.PositionSyncService | _sync_positions:160 | Created position for UIC_9580372
[INFO    ] 2026-01-02 11:41:46 | trading.sync.PositionSyncService | _sync_single_position:234 | Position with UIC fallback symbol: UIC_20088572, UIC=20088572, asset_type=Stock, will attempt to fetch real symbol from API
[INFO    ] 2026-01-02 11:41:46 | trading.sync.PositionSyncService | _get_or_create_all_asset:453 | Found AllAsset by UIC 20088572: MP:xnys (was looking for UIC_20088572)
[INFO    ] 2026-01-02 11:41:46 | trading.sync.PositionSyncService | _sync_single_position:329 | Creating new position for UIC_20088572 (side=LONG, qty=2.0)
[INFO    ] 2026-01-02 11:41:46 | trading.sync.PositionSyncService | _sync_single_position:343 | Position 46 created successfully: MP:xnys LONG qty=2.0
[INFO    ] 2026-01-02 11:41:46 | trading.sync.PositionSyncService | _sync_positions:160 | Created position for UIC_20088572
[INFO    ] 2026-01-02 11:41:46 | trading.sync.PositionSyncService | _sync_single_position:234 | Position with UIC fallback symbol: UIC_48172478, UIC=48172478, asset_type=Stock, will attempt to fetch real symbol from API
[INFO    ] 2026-01-02 11:41:47 | trading.sync.PositionSyncService | _get_or_create_all_asset:453 | Found AllAsset by UIC 48172478: USAR:xnas (was looking for UIC_48172478)
[INFO    ] 2026-01-02 11:41:47 | trading.sync.PositionSyncService | _sync_single_position:329 | Creating new position for UIC_48172478 (side=LONG, qty=6.0)
[INFO    ] 2026-01-02 11:41:47 | trading.sync.PositionSyncService | _sync_single_position:343 | Position 47 created successfully: USAR:xnas LONG qty=6.0
[INFO    ] 2026-01-02 11:41:47 | trading.sync.PositionSyncService | _sync_positions:160 | Created position for UIC_48172478
[INFO    ] 2026-01-02 11:41:47 | trading.sync.PositionSyncService | _sync_single_position:234 | Position with UIC fallback symbol: UIC_602, UIC=602, asset_type=Stock, will attempt to fetch real symbol from API
[INFO    ] 2026-01-02 11:41:47 | trading.sync.PositionSyncService | _get_or_create_all_asset:453 | Found AllAsset by UIC 602: NUE:xnys (was looking for UIC_602)
[INFO    ] 2026-01-02 11:41:47 | trading.sync.PositionSyncService | _sync_single_position:329 | Creating new position for UIC_602 (side=LONG, qty=1.0)
[INFO    ] 2026-01-02 11:41:47 | trading.sync.PositionSyncService | _sync_single_position:343 | Position 48 created successfully: NUE:xnys LONG qty=1.0
[INFO    ] 2026-01-02 11:41:47 | trading.sync.PositionSyncService | _sync_positions:160 | Created position for UIC_602
[INFO    ] 2026-01-02 11:41:47 | trading.sync.PositionSyncService | _sync_single_position:234 | Position with UIC fallback symbol: UIC_14042319, UIC=14042319, asset_type=Etf, will attempt to fetch real symbol from API
[INFO    ] 2026-01-02 11:41:48 | trading.sync.PositionSyncService | _get_or_create_all_asset:453 | Found AllAsset by UIC 14042319: PAEEM:xpar (was looking for UIC_14042319)
[INFO    ] 2026-01-02 11:41:48 | trading.sync.PositionSyncService | _sync_single_position:329 | Creating new position for UIC_14042319 (side=LONG, qty=6.0)
[INFO    ] 2026-01-02 11:41:48 | trading.sync.PositionSyncService | _sync_single_position:343 | Position 49 created successfully: PAEEM:xpar LONG qty=6.0
[INFO    ] 2026-01-02 11:41:48 | trading.sync.PositionSyncService | _sync_positions:160 | Created position for UIC_14042319
[INFO    ] 2026-01-02 11:41:48 | trading.sync.PositionSyncService | _log_complete:115 | 🏁 positions sync completed: 5 created, 1 updated (4.16s)
[INFO    ] 2026-01-02 12:32:41 | trading.services.sync.all_asset_prices | sync_from_yahoo_finance:168 | Synced 256 price records for PAEEM:xpar (Yahoo: PAEEM.PA, Total days: 256)
[ERROR   ] 2026-01-02 12:32:42 | trading.services.sync.all_asset_prices | sync_from_yahoo_finance:182 | Error syncing price history for NUE:xnys: invalid input syntax for type json
LINE 1: ...TE "trading_allassets" SET "price_history_json" = '{"2024-12...
                                                             ^
DETAIL:  Token "NaN" is invalid.
CONTEXT:  JSON data, line 1: {"2024-12-31": {"open": NaN...
Traceback (most recent call last):
  File "C:\Users\yannb\Documents\1. Programmation\2. projet - site trading\Trading_app_version4\venv\Lib\site-packages\django\db\backends\utils.py", line 105, in _execute
    return self.cursor.execute(sql, params)
           ~~~~~~~~~~~~~~~~~~~^^^^^^^^^^^^^
psycopg2.errors.InvalidTextRepresentation: invalid input syntax for type json
LINE 1: ...TE "trading_allassets" SET "price_history_json" = '{"2024-12...
                                                             ^
DETAIL:  Token "NaN" is invalid.
CONTEXT:  JSON data, line 1: {"2024-12-31": {"open": NaN...


The above exception was the direct cause of the following exception:

Traceback (most recent call last):
  File "C:\Users\yannb\Documents\1. Programmation\2. projet - site trading\Trading_app_version4\backend\apps\trading\services\sync\all_asset_price_sync_service.py", line 166, in sync_from_yahoo_finance
    all_asset.save(update_fields=['price_history_json', 'price_history_days', 'price_history_updated_at'])
    ~~~~~~~~~~~~~~^^^^^^^^^^^^^^^^^^^^^^^^^^^^^^^^^^^^^^^^^^^^^^^^^^^^^^^^^^^^^^^^^^^^^^^^^^^^^^^^^^^^^^^^
  File "C:\Users\yannb\Documents\1. Programmation\2. projet - site trading\Trading_app_version4\venv\Lib\site-packages\django\db\models\base.py", line 874, in save
    self.save_base(
    ~~~~~~~~~~~~~~^
        using=using,
        ^^^^^^^^^^^^
    ...<2 lines>...
        update_fields=update_fields,
        ^^^^^^^^^^^^^^^^^^^^^^^^^^^^
    )
    ^
  File "C:\Users\yannb\Documents\1. Programmation\2. projet - site trading\Trading_app_version4\venv\Lib\site-packages\django\db\models\base.py", line 966, in save_base
    updated = self._save_table(
        raw,
    ...<4 lines>...
        update_fields,
    )
  File "C:\Users\yannb\Documents\1. Programmation\2. projet - site trading\Trading_app_version4\venv\Lib\site-packages\django\db\models\base.py", line 1110, in _save_table
    results = self._do_update(
        base_qs,
    ...<5 lines>...
        returning_fields,
    )
  File "C:\Users\yannb\Documents\1. Programmation\2. projet - site trading\Trading_app_version4\venv\Lib\site-packages\django\db\models\base.py", line 1211, in _do_update
    return filtered._update(values, returning_fields)
           ~~~~~~~~~~~~~~~~^^^^^^^^^^^^^^^^^^^^^^^^^^
  File "C:\Users\yannb\Documents\1. Programmation\2. projet - site trading\Trading_app_version4\venv\Lib\site-packages\django\db\models\query.py", line 1327, in _update
    return query.get_compiler(self.db).execute_returning_sql(returning_fields)
           ~~~~~~~~~~~~~~~~~~~~~~~~~~~~~~~~~~~~~~~~~~~~~~~~~^^^^^^^^^^^^^^^^^^
  File "C:\Users\yannb\Documents\1. Programmation\2. projet - site trading\Trading_app_version4\venv\Lib\site-packages\django\db\models\sql\compiler.py", line 2140, in execute_returning_sql
    row_count = self.execute_sql(ROW_COUNT)
  File "C:\Users\yannb\Documents\1. Programmation\2. projet - site trading\Trading_app_version4\venv\Lib\site-packages\django\db\models\sql\compiler.py", line 2111, in execute_sql
    row_count = super().execute_sql(result_type)
  File "C:\Users\yannb\Documents\1. Programmation\2. projet - site trading\Trading_app_version4\venv\Lib\site-packages\django\db\models\sql\compiler.py", line 1624, in execute_sql
    cursor.execute(sql, params)
    ~~~~~~~~~~~~~~^^^^^^^^^^^^^
  File "C:\Users\yannb\Documents\1. Programmation\2. projet - site trading\Trading_app_version4\venv\Lib\site-packages\django\db\backends\utils.py", line 122, in execute
    return super().execute(sql, params)
           ~~~~~~~~~~~~~~~^^^^^^^^^^^^^
  File "C:\Users\yannb\Documents\1. Programmation\2. projet - site trading\Trading_app_version4\venv\Lib\site-packages\django\db\backends\utils.py", line 79, in execute
    return self._execute_with_wrappers(
           ~~~~~~~~~~~~~~~~~~~~~~~~~~~^
        sql, params, many=False, executor=self._execute
        ^^^^^^^^^^^^^^^^^^^^^^^^^^^^^^^^^^^^^^^^^^^^^^^
    )
    ^
  File "C:\Users\yannb\Documents\1. Programmation\2. projet - site trading\Trading_app_version4\venv\Lib\site-packages\django\db\backends\utils.py", line 92, in _execute_with_wrappers
    return executor(sql, params, many, context)
  File "C:\Users\yannb\Documents\1. Programmation\2. projet - site trading\Trading_app_version4\venv\Lib\site-packages\django\db\backends\utils.py", line 100, in _execute
    with self.db.wrap_database_errors:
         ^^^^^^^^^^^^^^^^^^^^^^^^^^^^
  File "C:\Users\yannb\Documents\1. Programmation\2. projet - site trading\Trading_app_version4\venv\Lib\site-packages\django\db\utils.py", line 94, in __exit__
    raise dj_exc_value.with_traceback(traceback) from exc_value
  File "C:\Users\yannb\Documents\1. Programmation\2. projet - site trading\Trading_app_version4\venv\Lib\site-packages\django\db\backends\utils.py", line 105, in _execute
    return self.cursor.execute(sql, params)
           ~~~~~~~~~~~~~~~~~~~^^^^^^^^^^^^^
django.db.utils.DataError: invalid input syntax for type json
LINE 1: ...TE "trading_allassets" SET "price_history_json" = '{"2024-12...
                                                             ^
DETAIL:  Token "NaN" is invalid.
CONTEXT:  JSON data, line 1: {"2024-12-31": {"open": NaN...

[INFO    ] 2026-01-02 12:32:42 | trading.services.sync.all_asset_prices | sync_from_yahoo_finance:168 | Synced 250 price records for MP:xnys (Yahoo: MP, Total days: 250)
[INFO    ] 2026-01-02 12:32:42 | trading.services.sync.all_asset_prices | sync_from_yahoo_finance:168 | Synced 250 price records for AAPL:xnas (Yahoo: AAPL, Total days: 250)
[INFO    ] 2026-01-02 12:32:42 | trading.services.sync.all_asset_prices | sync_from_yahoo_finance:168 | Synced 250 price records for USAR:xnas (Yahoo: USAR, Total days: 250)
[INFO    ] 2026-01-02 12:32:42 | trading.services.sync.all_asset_prices | sync_from_yahoo_finance:168 | Synced 256 price records for TEP:xpar (Yahoo: TEP.PA, Total days: 256)
[INFO    ] 2026-01-02 13:59:35 | trading.sync.PositionSyncService | _log_start:77 | 🔄 Starting position sync for Saxo Bank
[INFO    ] 2026-01-02 13:59:35 | trading.sync.PositionSyncService | sync:91 | Retrieved 6 positions from SAXO
[INFO    ] 2026-01-02 13:59:35 | trading.sync.PositionSyncService | _sync_single_position:248 | Position with UIC fallback symbol: UIC_211, UIC=211, asset_type=Stock, will attempt to fetch real symbol from API
[INFO    ] 2026-01-02 13:59:36 | trading.sync.PositionSyncService | _get_or_create_all_asset:467 | Found AllAsset by UIC 211: AAPL:xnas (was looking for UIC_211)
[INFO    ] 2026-01-02 13:59:36 | trading.sync.PositionSyncService | _sync_single_position:330 | Updating existing position 39 for UIC_211 (side=LONG)
[INFO    ] 2026-01-02 13:59:36 | trading.sync.PositionSyncService | _sync_single_position:340 | Position 39 updated successfully: AAPL:xnas LONG qty=1.0
[INFO    ] 2026-01-02 13:59:36 | trading.sync.PositionSyncService | _sync_positions:177 | Updated position for UIC_211
[INFO    ] 2026-01-02 13:59:36 | trading.sync.PositionSyncService | _sync_single_position:248 | Position with UIC fallback symbol: UIC_9580372, UIC=9580372, asset_type=Stock, will attempt to fetch real symbol from API
[INFO    ] 2026-01-02 13:59:36 | trading.sync.PositionSyncService | _get_or_create_all_asset:467 | Found AllAsset by UIC 9580372: TEP:xpar (was looking for UIC_9580372)
[INFO    ] 2026-01-02 13:59:36 | trading.sync.PositionSyncService | _sync_single_position:330 | Updating existing position 45 for UIC_9580372 (side=LONG)
[INFO    ] 2026-01-02 13:59:36 | trading.sync.PositionSyncService | _sync_single_position:340 | Position 45 updated successfully: TEP:xpar LONG qty=3.0
[INFO    ] 2026-01-02 13:59:36 | trading.sync.PositionSyncService | _sync_positions:177 | Updated position for UIC_9580372
[INFO    ] 2026-01-02 13:59:36 | trading.sync.PositionSyncService | _sync_single_position:248 | Position with UIC fallback symbol: UIC_20088572, UIC=20088572, asset_type=Stock, will attempt to fetch real symbol from API
[INFO    ] 2026-01-02 13:59:36 | trading.sync.PositionSyncService | _get_or_create_all_asset:467 | Found AllAsset by UIC 20088572: MP:xnys (was looking for UIC_20088572)
[INFO    ] 2026-01-02 13:59:36 | trading.sync.PositionSyncService | _sync_single_position:330 | Updating existing position 46 for UIC_20088572 (side=LONG)
[INFO    ] 2026-01-02 13:59:36 | trading.sync.PositionSyncService | _sync_single_position:340 | Position 46 updated successfully: MP:xnys LONG qty=2.0
[INFO    ] 2026-01-02 13:59:36 | trading.sync.PositionSyncService | _sync_positions:177 | Updated position for UIC_20088572
[INFO    ] 2026-01-02 13:59:36 | trading.sync.PositionSyncService | _sync_single_position:248 | Position with UIC fallback symbol: UIC_48172478, UIC=48172478, asset_type=Stock, will attempt to fetch real symbol from API
[INFO    ] 2026-01-02 13:59:36 | trading.sync.PositionSyncService | _get_or_create_all_asset:467 | Found AllAsset by UIC 48172478: USAR:xnas (was looking for UIC_48172478)
[INFO    ] 2026-01-02 13:59:36 | trading.sync.PositionSyncService | _sync_single_position:330 | Updating existing position 47 for UIC_48172478 (side=LONG)
[INFO    ] 2026-01-02 13:59:36 | trading.sync.PositionSyncService | _sync_single_position:340 | Position 47 updated successfully: USAR:xnas LONG qty=6.0
[INFO    ] 2026-01-02 13:59:36 | trading.sync.PositionSyncService | _sync_positions:177 | Updated position for UIC_48172478
[INFO    ] 2026-01-02 13:59:36 | trading.sync.PositionSyncService | _sync_single_position:248 | Position with UIC fallback symbol: UIC_602, UIC=602, asset_type=Stock, will attempt to fetch real symbol from API
[INFO    ] 2026-01-02 13:59:36 | trading.sync.PositionSyncService | _get_or_create_all_asset:467 | Found AllAsset by UIC 602: NUE:xnys (was looking for UIC_602)
[INFO    ] 2026-01-02 13:59:36 | trading.sync.PositionSyncService | _sync_single_position:330 | Updating existing position 48 for UIC_602 (side=LONG)
[INFO    ] 2026-01-02 13:59:36 | trading.sync.PositionSyncService | _sync_single_position:340 | Position 48 updated successfully: NUE:xnys LONG qty=1.0
[INFO    ] 2026-01-02 13:59:36 | trading.sync.PositionSyncService | _sync_positions:177 | Updated position for UIC_602
[INFO    ] 2026-01-02 13:59:36 | trading.sync.PositionSyncService | _sync_single_position:248 | Position with UIC fallback symbol: UIC_14042319, UIC=14042319, asset_type=Etf, will attempt to fetch real symbol from API
[INFO    ] 2026-01-02 13:59:36 | trading.sync.PositionSyncService | _get_or_create_all_asset:467 | Found AllAsset by UIC 14042319: PAEEM:xpar (was looking for UIC_14042319)
[INFO    ] 2026-01-02 13:59:36 | trading.sync.PositionSyncService | _sync_single_position:330 | Updating existing position 49 for UIC_14042319 (side=LONG)
[INFO    ] 2026-01-02 13:59:36 | trading.sync.PositionSyncService | _sync_single_position:340 | Position 49 updated successfully: PAEEM:xpar LONG qty=6.0
[INFO    ] 2026-01-02 13:59:36 | trading.sync.PositionSyncService | _sync_positions:177 | Updated position for UIC_14042319
[INFO    ] 2026-01-02 13:59:36 | trading.sync.PositionSyncService | _log_complete:115 | 🏁 positions sync completed: 0 created, 6 updated (1.37s)
[INFO    ] 2026-01-02 14:00:00 | trading.services.sync.all_asset_prices | sync_from_yahoo_finance:168 | Synced 256 price records for PAEEM:xpar (Yahoo: PAEEM.PA, Total days: 256)
[ERROR   ] 2026-01-02 14:00:01 | trading.services.sync.all_asset_prices | sync_from_yahoo_finance:182 | Error syncing price history for NUE:xnys: invalid input syntax for type json
LINE 1: ...TE "trading_allassets" SET "price_history_json" = '{"2024-12...
                                                             ^
DETAIL:  Token "NaN" is invalid.
CONTEXT:  JSON data, line 1: {"2024-12-31": {"open": NaN...
Traceback (most recent call last):
  File "C:\Users\yannb\Documents\1. Programmation\2. projet - site trading\Trading_app_version4\venv\Lib\site-packages\django\db\backends\utils.py", line 105, in _execute
    return self.cursor.execute(sql, params)
           ~~~~~~~~~~~~~~~~~~~^^^^^^^^^^^^^
psycopg2.errors.InvalidTextRepresentation: invalid input syntax for type json
LINE 1: ...TE "trading_allassets" SET "price_history_json" = '{"2024-12...
                                                             ^
DETAIL:  Token "NaN" is invalid.
CONTEXT:  JSON data, line 1: {"2024-12-31": {"open": NaN...


The above exception was the direct cause of the following exception:

Traceback (most recent call last):
  File "C:\Users\yannb\Documents\1. Programmation\2. projet - site trading\Trading_app_version4\backend\apps\trading\services\sync\all_asset_price_sync_service.py", line 166, in sync_from_yahoo_finance
    all_asset.save(update_fields=['price_history_json', 'price_history_days', 'price_history_updated_at'])
    ~~~~~~~~~~~~~~^^^^^^^^^^^^^^^^^^^^^^^^^^^^^^^^^^^^^^^^^^^^^^^^^^^^^^^^^^^^^^^^^^^^^^^^^^^^^^^^^^^^^^^^
  File "C:\Users\yannb\Documents\1. Programmation\2. projet - site trading\Trading_app_version4\venv\Lib\site-packages\django\db\models\base.py", line 874, in save
    self.save_base(
    ~~~~~~~~~~~~~~^
        using=using,
        ^^^^^^^^^^^^
    ...<2 lines>...
        update_fields=update_fields,
        ^^^^^^^^^^^^^^^^^^^^^^^^^^^^
    )
    ^
  File "C:\Users\yannb\Documents\1. Programmation\2. projet - site trading\Trading_app_version4\venv\Lib\site-packages\django\db\models\base.py", line 966, in save_base
    updated = self._save_table(
        raw,
    ...<4 lines>...
        update_fields,
    )
  File "C:\Users\yannb\Documents\1. Programmation\2. projet - site trading\Trading_app_version4\venv\Lib\site-packages\django\db\models\base.py", line 1110, in _save_table
    results = self._do_update(
        base_qs,
    ...<5 lines>...
        returning_fields,
    )
  File "C:\Users\yannb\Documents\1. Programmation\2. projet - site trading\Trading_app_version4\venv\Lib\site-packages\django\db\models\base.py", line 1211, in _do_update
    return filtered._update(values, returning_fields)
           ~~~~~~~~~~~~~~~~^^^^^^^^^^^^^^^^^^^^^^^^^^
  File "C:\Users\yannb\Documents\1. Programmation\2. projet - site trading\Trading_app_version4\venv\Lib\site-packages\django\db\models\query.py", line 1327, in _update
    return query.get_compiler(self.db).execute_returning_sql(returning_fields)
           ~~~~~~~~~~~~~~~~~~~~~~~~~~~~~~~~~~~~~~~~~~~~~~~~~^^^^^^^^^^^^^^^^^^
  File "C:\Users\yannb\Documents\1. Programmation\2. projet - site trading\Trading_app_version4\venv\Lib\site-packages\django\db\models\sql\compiler.py", line 2140, in execute_returning_sql
    row_count = self.execute_sql(ROW_COUNT)
  File "C:\Users\yannb\Documents\1. Programmation\2. projet - site trading\Trading_app_version4\venv\Lib\site-packages\django\db\models\sql\compiler.py", line 2111, in execute_sql
    row_count = super().execute_sql(result_type)
  File "C:\Users\yannb\Documents\1. Programmation\2. projet - site trading\Trading_app_version4\venv\Lib\site-packages\django\db\models\sql\compiler.py", line 1624, in execute_sql
    cursor.execute(sql, params)
    ~~~~~~~~~~~~~~^^^^^^^^^^^^^
  File "C:\Users\yannb\Documents\1. Programmation\2. projet - site trading\Trading_app_version4\venv\Lib\site-packages\django\db\backends\utils.py", line 122, in execute
    return super().execute(sql, params)
           ~~~~~~~~~~~~~~~^^^^^^^^^^^^^
  File "C:\Users\yannb\Documents\1. Programmation\2. projet - site trading\Trading_app_version4\venv\Lib\site-packages\django\db\backends\utils.py", line 79, in execute
    return self._execute_with_wrappers(
           ~~~~~~~~~~~~~~~~~~~~~~~~~~~^
        sql, params, many=False, executor=self._execute
        ^^^^^^^^^^^^^^^^^^^^^^^^^^^^^^^^^^^^^^^^^^^^^^^
    )
    ^
  File "C:\Users\yannb\Documents\1. Programmation\2. projet - site trading\Trading_app_version4\venv\Lib\site-packages\django\db\backends\utils.py", line 92, in _execute_with_wrappers
    return executor(sql, params, many, context)
  File "C:\Users\yannb\Documents\1. Programmation\2. projet - site trading\Trading_app_version4\venv\Lib\site-packages\django\db\backends\utils.py", line 100, in _execute
    with self.db.wrap_database_errors:
         ^^^^^^^^^^^^^^^^^^^^^^^^^^^^
  File "C:\Users\yannb\Documents\1. Programmation\2. projet - site trading\Trading_app_version4\venv\Lib\site-packages\django\db\utils.py", line 94, in __exit__
    raise dj_exc_value.with_traceback(traceback) from exc_value
  File "C:\Users\yannb\Documents\1. Programmation\2. projet - site trading\Trading_app_version4\venv\Lib\site-packages\django\db\backends\utils.py", line 105, in _execute
    return self.cursor.execute(sql, params)
           ~~~~~~~~~~~~~~~~~~~^^^^^^^^^^^^^
django.db.utils.DataError: invalid input syntax for type json
LINE 1: ...TE "trading_allassets" SET "price_history_json" = '{"2024-12...
                                                             ^
DETAIL:  Token "NaN" is invalid.
CONTEXT:  JSON data, line 1: {"2024-12-31": {"open": NaN...

[ERROR   ] 2026-01-02 14:00:12 | trading.services.sync.all_asset_prices | sync_from_yahoo_finance:182 | Error syncing price history for NUE:xnys: invalid input syntax for type json
LINE 1: ...TE "trading_allassets" SET "price_history_json" = '{"2024-12...
                                                             ^
DETAIL:  Token "NaN" is invalid.
CONTEXT:  JSON data, line 1: {"2024-12-31": {"open": NaN...
Traceback (most recent call last):
  File "C:\Users\yannb\Documents\1. Programmation\2. projet - site trading\Trading_app_version4\venv\Lib\site-packages\django\db\backends\utils.py", line 105, in _execute
    return self.cursor.execute(sql, params)
           ~~~~~~~~~~~~~~~~~~~^^^^^^^^^^^^^
psycopg2.errors.InvalidTextRepresentation: invalid input syntax for type json
LINE 1: ...TE "trading_allassets" SET "price_history_json" = '{"2024-12...
                                                             ^
DETAIL:  Token "NaN" is invalid.
CONTEXT:  JSON data, line 1: {"2024-12-31": {"open": NaN...


The above exception was the direct cause of the following exception:

Traceback (most recent call last):
  File "C:\Users\yannb\Documents\1. Programmation\2. projet - site trading\Trading_app_version4\backend\apps\trading\services\sync\all_asset_price_sync_service.py", line 166, in sync_from_yahoo_finance
    all_asset.save(update_fields=['price_history_json', 'price_history_days', 'price_history_updated_at'])
    ~~~~~~~~~~~~~~^^^^^^^^^^^^^^^^^^^^^^^^^^^^^^^^^^^^^^^^^^^^^^^^^^^^^^^^^^^^^^^^^^^^^^^^^^^^^^^^^^^^^^^^
  File "C:\Users\yannb\Documents\1. Programmation\2. projet - site trading\Trading_app_version4\venv\Lib\site-packages\django\db\models\base.py", line 874, in save
    self.save_base(
    ~~~~~~~~~~~~~~^
        using=using,
        ^^^^^^^^^^^^
    ...<2 lines>...
        update_fields=update_fields,
        ^^^^^^^^^^^^^^^^^^^^^^^^^^^^
    )
    ^
  File "C:\Users\yannb\Documents\1. Programmation\2. projet - site trading\Trading_app_version4\venv\Lib\site-packages\django\db\models\base.py", line 966, in save_base
    updated = self._save_table(
        raw,
    ...<4 lines>...
        update_fields,
    )
  File "C:\Users\yannb\Documents\1. Programmation\2. projet - site trading\Trading_app_version4\venv\Lib\site-packages\django\db\models\base.py", line 1110, in _save_table
    results = self._do_update(
        base_qs,
    ...<5 lines>...
        returning_fields,
    )
  File "C:\Users\yannb\Documents\1. Programmation\2. projet - site trading\Trading_app_version4\venv\Lib\site-packages\django\db\models\base.py", line 1211, in _do_update
    return filtered._update(values, returning_fields)
           ~~~~~~~~~~~~~~~~^^^^^^^^^^^^^^^^^^^^^^^^^^
  File "C:\Users\yannb\Documents\1. Programmation\2. projet - site trading\Trading_app_version4\venv\Lib\site-packages\django\db\models\query.py", line 1327, in _update
    return query.get_compiler(self.db).execute_returning_sql(returning_fields)
           ~~~~~~~~~~~~~~~~~~~~~~~~~~~~~~~~~~~~~~~~~~~~~~~~~^^^^^^^^^^^^^^^^^^
  File "C:\Users\yannb\Documents\1. Programmation\2. projet - site trading\Trading_app_version4\venv\Lib\site-packages\django\db\models\sql\compiler.py", line 2140, in execute_returning_sql
    row_count = self.execute_sql(ROW_COUNT)
  File "C:\Users\yannb\Documents\1. Programmation\2. projet - site trading\Trading_app_version4\venv\Lib\site-packages\django\db\models\sql\compiler.py", line 2111, in execute_sql
    row_count = super().execute_sql(result_type)
  File "C:\Users\yannb\Documents\1. Programmation\2. projet - site trading\Trading_app_version4\venv\Lib\site-packages\django\db\models\sql\compiler.py", line 1624, in execute_sql
    cursor.execute(sql, params)
    ~~~~~~~~~~~~~~^^^^^^^^^^^^^
  File "C:\Users\yannb\Documents\1. Programmation\2. projet - site trading\Trading_app_version4\venv\Lib\site-packages\django\db\backends\utils.py", line 122, in execute
    return super().execute(sql, params)
           ~~~~~~~~~~~~~~~^^^^^^^^^^^^^
  File "C:\Users\yannb\Documents\1. Programmation\2. projet - site trading\Trading_app_version4\venv\Lib\site-packages\django\db\backends\utils.py", line 79, in execute
    return self._execute_with_wrappers(
           ~~~~~~~~~~~~~~~~~~~~~~~~~~~^
        sql, params, many=False, executor=self._execute
        ^^^^^^^^^^^^^^^^^^^^^^^^^^^^^^^^^^^^^^^^^^^^^^^
    )
    ^
  File "C:\Users\yannb\Documents\1. Programmation\2. projet - site trading\Trading_app_version4\venv\Lib\site-packages\django\db\backends\utils.py", line 92, in _execute_with_wrappers
    return executor(sql, params, many, context)
  File "C:\Users\yannb\Documents\1. Programmation\2. projet - site trading\Trading_app_version4\venv\Lib\site-packages\django\db\backends\utils.py", line 100, in _execute
    with self.db.wrap_database_errors:
         ^^^^^^^^^^^^^^^^^^^^^^^^^^^^
  File "C:\Users\yannb\Documents\1. Programmation\2. projet - site trading\Trading_app_version4\venv\Lib\site-packages\django\db\utils.py", line 94, in __exit__
    raise dj_exc_value.with_traceback(traceback) from exc_value
  File "C:\Users\yannb\Documents\1. Programmation\2. projet - site trading\Trading_app_version4\venv\Lib\site-packages\django\db\backends\utils.py", line 105, in _execute
    return self.cursor.execute(sql, params)
           ~~~~~~~~~~~~~~~~~~~^^^^^^^^^^^^^
django.db.utils.DataError: invalid input syntax for type json
LINE 1: ...TE "trading_allassets" SET "price_history_json" = '{"2024-12...
                                                             ^
DETAIL:  Token "NaN" is invalid.
CONTEXT:  JSON data, line 1: {"2024-12-31": {"open": NaN...

[INFO    ] 2026-01-02 14:00:16 | trading.services.sync.all_asset_prices | sync_from_yahoo_finance:168 | Synced 250 price records for USAR:xnas (Yahoo: USAR, Total days: 250)
[INFO    ] 2026-01-02 14:00:17 | trading.services.sync.all_asset_prices | sync_from_yahoo_finance:168 | Synced 250 price records for MP:xnys (Yahoo: MP, Total days: 250)
[INFO    ] 2026-01-02 14:00:22 | trading.services.sync.all_asset_prices | sync_from_yahoo_finance:168 | Synced 250 price records for AAPL:xnas (Yahoo: AAPL, Total days: 250)
[INFO    ] 2026-01-02 14:00:24 | trading.services.sync.all_asset_prices | sync_from_yahoo_finance:168 | Synced 256 price records for TEP:xpar (Yahoo: TEP.PA, Total days: 256)
[ERROR   ] 2026-01-02 14:00:38 | trading.services.sync.all_asset_prices | sync_from_yahoo_finance:182 | Error syncing price history for NUE:xnys: invalid input syntax for type json
LINE 1: ...TE "trading_allassets" SET "price_history_json" = '{"2024-12...
                                                             ^
DETAIL:  Token "NaN" is invalid.
CONTEXT:  JSON data, line 1: {"2024-12-31": {"open": NaN...
Traceback (most recent call last):
  File "C:\Users\yannb\Documents\1. Programmation\2. projet - site trading\Trading_app_version4\venv\Lib\site-packages\django\db\backends\utils.py", line 105, in _execute
    return self.cursor.execute(sql, params)
           ~~~~~~~~~~~~~~~~~~~^^^^^^^^^^^^^
psycopg2.errors.InvalidTextRepresentation: invalid input syntax for type json
LINE 1: ...TE "trading_allassets" SET "price_history_json" = '{"2024-12...
                                                             ^
DETAIL:  Token "NaN" is invalid.
CONTEXT:  JSON data, line 1: {"2024-12-31": {"open": NaN...


The above exception was the direct cause of the following exception:

Traceback (most recent call last):
  File "C:\Users\yannb\Documents\1. Programmation\2. projet - site trading\Trading_app_version4\backend\apps\trading\services\sync\all_asset_price_sync_service.py", line 166, in sync_from_yahoo_finance
    all_asset.save(update_fields=['price_history_json', 'price_history_days', 'price_history_updated_at'])
    ~~~~~~~~~~~~~~^^^^^^^^^^^^^^^^^^^^^^^^^^^^^^^^^^^^^^^^^^^^^^^^^^^^^^^^^^^^^^^^^^^^^^^^^^^^^^^^^^^^^^^^
  File "C:\Users\yannb\Documents\1. Programmation\2. projet - site trading\Trading_app_version4\venv\Lib\site-packages\django\db\models\base.py", line 874, in save
    self.save_base(
    ~~~~~~~~~~~~~~^
        using=using,
        ^^^^^^^^^^^^
    ...<2 lines>...
        update_fields=update_fields,
        ^^^^^^^^^^^^^^^^^^^^^^^^^^^^
    )
    ^
  File "C:\Users\yannb\Documents\1. Programmation\2. projet - site trading\Trading_app_version4\venv\Lib\site-packages\django\db\models\base.py", line 966, in save_base
    updated = self._save_table(
        raw,
    ...<4 lines>...
        update_fields,
    )
  File "C:\Users\yannb\Documents\1. Programmation\2. projet - site trading\Trading_app_version4\venv\Lib\site-packages\django\db\models\base.py", line 1110, in _save_table
    results = self._do_update(
        base_qs,
    ...<5 lines>...
        returning_fields,
    )
  File "C:\Users\yannb\Documents\1. Programmation\2. projet - site trading\Trading_app_version4\venv\Lib\site-packages\django\db\models\base.py", line 1211, in _do_update
    return filtered._update(values, returning_fields)
           ~~~~~~~~~~~~~~~~^^^^^^^^^^^^^^^^^^^^^^^^^^
  File "C:\Users\yannb\Documents\1. Programmation\2. projet - site trading\Trading_app_version4\venv\Lib\site-packages\django\db\models\query.py", line 1327, in _update
    return query.get_compiler(self.db).execute_returning_sql(returning_fields)
           ~~~~~~~~~~~~~~~~~~~~~~~~~~~~~~~~~~~~~~~~~~~~~~~~~^^^^^^^^^^^^^^^^^^
  File "C:\Users\yannb\Documents\1. Programmation\2. projet - site trading\Trading_app_version4\venv\Lib\site-packages\django\db\models\sql\compiler.py", line 2140, in execute_returning_sql
    row_count = self.execute_sql(ROW_COUNT)
  File "C:\Users\yannb\Documents\1. Programmation\2. projet - site trading\Trading_app_version4\venv\Lib\site-packages\django\db\models\sql\compiler.py", line 2111, in execute_sql
    row_count = super().execute_sql(result_type)
  File "C:\Users\yannb\Documents\1. Programmation\2. projet - site trading\Trading_app_version4\venv\Lib\site-packages\django\db\models\sql\compiler.py", line 1624, in execute_sql
    cursor.execute(sql, params)
    ~~~~~~~~~~~~~~^^^^^^^^^^^^^
  File "C:\Users\yannb\Documents\1. Programmation\2. projet - site trading\Trading_app_version4\venv\Lib\site-packages\django\db\backends\utils.py", line 122, in execute
    return super().execute(sql, params)
           ~~~~~~~~~~~~~~~^^^^^^^^^^^^^
  File "C:\Users\yannb\Documents\1. Programmation\2. projet - site trading\Trading_app_version4\venv\Lib\site-packages\django\db\backends\utils.py", line 79, in execute
    return self._execute_with_wrappers(
           ~~~~~~~~~~~~~~~~~~~~~~~~~~~^
        sql, params, many=False, executor=self._execute
        ^^^^^^^^^^^^^^^^^^^^^^^^^^^^^^^^^^^^^^^^^^^^^^^
    )
    ^
  File "C:\Users\yannb\Documents\1. Programmation\2. projet - site trading\Trading_app_version4\venv\Lib\site-packages\django\db\backends\utils.py", line 92, in _execute_with_wrappers
    return executor(sql, params, many, context)
  File "C:\Users\yannb\Documents\1. Programmation\2. projet - site trading\Trading_app_version4\venv\Lib\site-packages\django\db\backends\utils.py", line 100, in _execute
    with self.db.wrap_database_errors:
         ^^^^^^^^^^^^^^^^^^^^^^^^^^^^
  File "C:\Users\yannb\Documents\1. Programmation\2. projet - site trading\Trading_app_version4\venv\Lib\site-packages\django\db\utils.py", line 94, in __exit__
    raise dj_exc_value.with_traceback(traceback) from exc_value
  File "C:\Users\yannb\Documents\1. Programmation\2. projet - site trading\Trading_app_version4\venv\Lib\site-packages\django\db\backends\utils.py", line 105, in _execute
    return self.cursor.execute(sql, params)
           ~~~~~~~~~~~~~~~~~~~^^^^^^^^^^^^^
django.db.utils.DataError: invalid input syntax for type json
LINE 1: ...TE "trading_allassets" SET "price_history_json" = '{"2024-12...
                                                             ^
DETAIL:  Token "NaN" is invalid.
CONTEXT:  JSON data, line 1: {"2024-12-31": {"open": NaN...

[ERROR   ] 2026-01-02 14:01:45 | trading.services.sync.all_asset_prices | sync_from_yahoo_finance:182 | Error syncing price history for NUE:xnys: invalid input syntax for type json
LINE 1: ...TE "trading_allassets" SET "price_history_json" = '{"2024-12...
                                                             ^
DETAIL:  Token "NaN" is invalid.
CONTEXT:  JSON data, line 1: {"2024-12-31": {"open": NaN...
Traceback (most recent call last):
  File "C:\Users\yannb\Documents\1. Programmation\2. projet - site trading\Trading_app_version4\venv\Lib\site-packages\django\db\backends\utils.py", line 105, in _execute
    return self.cursor.execute(sql, params)
           ~~~~~~~~~~~~~~~~~~~^^^^^^^^^^^^^
psycopg2.errors.InvalidTextRepresentation: invalid input syntax for type json
LINE 1: ...TE "trading_allassets" SET "price_history_json" = '{"2024-12...
                                                             ^
DETAIL:  Token "NaN" is invalid.
CONTEXT:  JSON data, line 1: {"2024-12-31": {"open": NaN...


The above exception was the direct cause of the following exception:

Traceback (most recent call last):
  File "C:\Users\yannb\Documents\1. Programmation\2. projet - site trading\Trading_app_version4\backend\apps\trading\services\sync\all_asset_price_sync_service.py", line 166, in sync_from_yahoo_finance
    all_asset.save(update_fields=['price_history_json', 'price_history_days', 'price_history_updated_at'])
    ~~~~~~~~~~~~~~^^^^^^^^^^^^^^^^^^^^^^^^^^^^^^^^^^^^^^^^^^^^^^^^^^^^^^^^^^^^^^^^^^^^^^^^^^^^^^^^^^^^^^^^
  File "C:\Users\yannb\Documents\1. Programmation\2. projet - site trading\Trading_app_version4\venv\Lib\site-packages\django\db\models\base.py", line 874, in save
    self.save_base(
    ~~~~~~~~~~~~~~^
        using=using,
        ^^^^^^^^^^^^
    ...<2 lines>...
        update_fields=update_fields,
        ^^^^^^^^^^^^^^^^^^^^^^^^^^^^
    )
    ^
  File "C:\Users\yannb\Documents\1. Programmation\2. projet - site trading\Trading_app_version4\venv\Lib\site-packages\django\db\models\base.py", line 966, in save_base
    updated = self._save_table(
        raw,
    ...<4 lines>...
        update_fields,
    )
  File "C:\Users\yannb\Documents\1. Programmation\2. projet - site trading\Trading_app_version4\venv\Lib\site-packages\django\db\models\base.py", line 1110, in _save_table
    results = self._do_update(
        base_qs,
    ...<5 lines>...
        returning_fields,
    )
  File "C:\Users\yannb\Documents\1. Programmation\2. projet - site trading\Trading_app_version4\venv\Lib\site-packages\django\db\models\base.py", line 1211, in _do_update
    return filtered._update(values, returning_fields)
           ~~~~~~~~~~~~~~~~^^^^^^^^^^^^^^^^^^^^^^^^^^
  File "C:\Users\yannb\Documents\1. Programmation\2. projet - site trading\Trading_app_version4\venv\Lib\site-packages\django\db\models\query.py", line 1327, in _update
    return query.get_compiler(self.db).execute_returning_sql(returning_fields)
           ~~~~~~~~~~~~~~~~~~~~~~~~~~~~~~~~~~~~~~~~~~~~~~~~~^^^^^^^^^^^^^^^^^^
  File "C:\Users\yannb\Documents\1. Programmation\2. projet - site trading\Trading_app_version4\venv\Lib\site-packages\django\db\models\sql\compiler.py", line 2140, in execute_returning_sql
    row_count = self.execute_sql(ROW_COUNT)
  File "C:\Users\yannb\Documents\1. Programmation\2. projet - site trading\Trading_app_version4\venv\Lib\site-packages\django\db\models\sql\compiler.py", line 2111, in execute_sql
    row_count = super().execute_sql(result_type)
  File "C:\Users\yannb\Documents\1. Programmation\2. projet - site trading\Trading_app_version4\venv\Lib\site-packages\django\db\models\sql\compiler.py", line 1624, in execute_sql
    cursor.execute(sql, params)
    ~~~~~~~~~~~~~~^^^^^^^^^^^^^
  File "C:\Users\yannb\Documents\1. Programmation\2. projet - site trading\Trading_app_version4\venv\Lib\site-packages\django\db\backends\utils.py", line 122, in execute
    return super().execute(sql, params)
           ~~~~~~~~~~~~~~~^^^^^^^^^^^^^
  File "C:\Users\yannb\Documents\1. Programmation\2. projet - site trading\Trading_app_version4\venv\Lib\site-packages\django\db\backends\utils.py", line 79, in execute
    return self._execute_with_wrappers(
           ~~~~~~~~~~~~~~~~~~~~~~~~~~~^
        sql, params, many=False, executor=self._execute
        ^^^^^^^^^^^^^^^^^^^^^^^^^^^^^^^^^^^^^^^^^^^^^^^
    )
    ^
  File "C:\Users\yannb\Documents\1. Programmation\2. projet - site trading\Trading_app_version4\venv\Lib\site-packages\django\db\backends\utils.py", line 92, in _execute_with_wrappers
    return executor(sql, params, many, context)
  File "C:\Users\yannb\Documents\1. Programmation\2. projet - site trading\Trading_app_version4\venv\Lib\site-packages\django\db\backends\utils.py", line 100, in _execute
    with self.db.wrap_database_errors:
         ^^^^^^^^^^^^^^^^^^^^^^^^^^^^
  File "C:\Users\yannb\Documents\1. Programmation\2. projet - site trading\Trading_app_version4\venv\Lib\site-packages\django\db\utils.py", line 94, in __exit__
    raise dj_exc_value.with_traceback(traceback) from exc_value
  File "C:\Users\yannb\Documents\1. Programmation\2. projet - site trading\Trading_app_version4\venv\Lib\site-packages\django\db\backends\utils.py", line 105, in _execute
    return self.cursor.execute(sql, params)
           ~~~~~~~~~~~~~~~~~~~^^^^^^^^^^^^^
django.db.utils.DataError: invalid input syntax for type json
LINE 1: ...TE "trading_allassets" SET "price_history_json" = '{"2024-12...
                                                             ^
DETAIL:  Token "NaN" is invalid.
CONTEXT:  JSON data, line 1: {"2024-12-31": {"open": NaN...

[INFO    ] 2026-01-02 14:03:28 | trading.sync.TradeSyncService  | _log_start:77 | 🔄 Starting trade sync for Saxo Bank
[INFO    ] 2026-01-02 14:03:29 | trading.sync.TradeSyncService  | sync:87 | Retrieved 8 trades from SAXO
[WARNING ] 2026-01-02 14:03:30 | trading.sync.TradeSyncService  | _get_or_create_all_asset:401 | Failed to retrieve asset from API for UIC 211: duplicate key value violates unique constraint "trading_allassets_symbol_platform_3833b47a_uniq"
DETAIL:  Key (symbol, platform)=(AAPL:xnas, SAXO) already exists.
. Creating minimal AllAsset.
[WARNING ] 2026-01-02 14:03:30 | trading.sync.TradeSyncService  | _get_or_create_all_asset:408 | AllAsset not found for AAPL (SAXO). Creating minimal AllAsset. Consider running asset sync first.
[ERROR   ] 2026-01-02 14:03:30 | trading.sync.TradeSyncService  | _get_or_create_all_asset:432 | Failed to create AllAsset for AAPL (SAXO): An error occurred in the current transaction. You can't execute queries until the end of the 'atomic' block.
Traceback (most recent call last):
  File "C:\Users\yannb\Documents\1. Programmation\2. projet - site trading\Trading_app_version4\venv\Lib\site-packages\django\db\backends\utils.py", line 105, in _execute
    return self.cursor.execute(sql, params)
           ~~~~~~~~~~~~~~~~~~~^^^^^^^^^^^^^
psycopg2.errors.UniqueViolation: duplicate key value violates unique constraint "trading_allassets_symbol_platform_3833b47a_uniq"
DETAIL:  Key (symbol, platform)=(AAPL:xnas, SAXO) already exists.


The above exception was the direct cause of the following exception:

Traceback (most recent call last):
  File "C:\Users\yannb\Documents\1. Programmation\2. projet - site trading\Trading_app_version4\backend\apps\trading\services\sync\trade_sync_service.py", line 381, in _get_or_create_all_asset
    all_asset = AllAssets.objects.create(
        symbol=broker_asset.symbol,  # Le vrai symbole, pas "UIC_xxxx"
    ...<10 lines>...
        saxo_country_code=raw_data.get('country_code', ''),
    )
  File "C:\Users\yannb\Documents\1. Programmation\2. projet - site trading\Trading_app_version4\venv\Lib\site-packages\django\db\models\manager.py", line 87, in manager_method
    return getattr(self.get_queryset(), name)(*args, **kwargs)
           ~~~~~~~~~~~~~~~~~~~~~~~~~~~~~~~~~~^^^^^^^^^^^^^^^^^
  File "C:\Users\yannb\Documents\1. Programmation\2. projet - site trading\Trading_app_version4\venv\Lib\site-packages\django\db\models\query.py", line 669, in create
    obj.save(force_insert=True, using=self.db)
    ~~~~~~~~^^^^^^^^^^^^^^^^^^^^^^^^^^^^^^^^^^
  File "C:\Users\yannb\Documents\1. Programmation\2. projet - site trading\Trading_app_version4\venv\Lib\site-packages\django\db\models\base.py", line 874, in save
    self.save_base(
    ~~~~~~~~~~~~~~^
        using=using,
        ^^^^^^^^^^^^
    ...<2 lines>...
        update_fields=update_fields,
        ^^^^^^^^^^^^^^^^^^^^^^^^^^^^
    )
    ^
  File "C:\Users\yannb\Documents\1. Programmation\2. projet - site trading\Trading_app_version4\venv\Lib\site-packages\django\db\models\base.py", line 966, in save_base
    updated = self._save_table(
        raw,
    ...<4 lines>...
        update_fields,
    )
  File "C:\Users\yannb\Documents\1. Programmation\2. projet - site trading\Trading_app_version4\venv\Lib\site-packages\django\db\models\base.py", line 1167, in _save_table
    results = self._do_insert(
        cls._base_manager, using, insert_fields, returning_fields, raw
    )
  File "C:\Users\yannb\Documents\1. Programmation\2. projet - site trading\Trading_app_version4\venv\Lib\site-packages\django\db\models\base.py", line 1218, in _do_insert
    return manager._insert(
           ~~~~~~~~~~~~~~~^
        [self],
        ^^^^^^^
    ...<3 lines>...
        raw=raw,
        ^^^^^^^^
    )
    ^
  File "C:\Users\yannb\Documents\1. Programmation\2. projet - site trading\Trading_app_version4\venv\Lib\site-packages\django\db\models\manager.py", line 87, in manager_method
    return getattr(self.get_queryset(), name)(*args, **kwargs)
           ~~~~~~~~~~~~~~~~~~~~~~~~~~~~~~~~~~^^^^^^^^^^^^^^^^^
  File "C:\Users\yannb\Documents\1. Programmation\2. projet - site trading\Trading_app_version4\venv\Lib\site-packages\django\db\models\query.py", line 1918, in _insert
    return query.get_compiler(using=using).execute_sql(returning_fields)
           ~~~~~~~~~~~~~~~~~~~~~~~~~~~~~~~~~~~~~~~~~~~^^^^^^^^^^^^^^^^^^
  File "C:\Users\yannb\Documents\1. Programmation\2. projet - site trading\Trading_app_version4\venv\Lib\site-packages\django\db\models\sql\compiler.py", line 1925, in execute_sql
    cursor.execute(sql, params)
    ~~~~~~~~~~~~~~^^^^^^^^^^^^^
  File "C:\Users\yannb\Documents\1. Programmation\2. projet - site trading\Trading_app_version4\venv\Lib\site-packages\django\db\backends\utils.py", line 122, in execute
    return super().execute(sql, params)
           ~~~~~~~~~~~~~~~^^^^^^^^^^^^^
  File "C:\Users\yannb\Documents\1. Programmation\2. projet - site trading\Trading_app_version4\venv\Lib\site-packages\django\db\backends\utils.py", line 79, in execute
    return self._execute_with_wrappers(
           ~~~~~~~~~~~~~~~~~~~~~~~~~~~^
        sql, params, many=False, executor=self._execute
        ^^^^^^^^^^^^^^^^^^^^^^^^^^^^^^^^^^^^^^^^^^^^^^^
    )
    ^
  File "C:\Users\yannb\Documents\1. Programmation\2. projet - site trading\Trading_app_version4\venv\Lib\site-packages\django\db\backends\utils.py", line 92, in _execute_with_wrappers
    return executor(sql, params, many, context)
  File "C:\Users\yannb\Documents\1. Programmation\2. projet - site trading\Trading_app_version4\venv\Lib\site-packages\django\db\backends\utils.py", line 100, in _execute
    with self.db.wrap_database_errors:
         ^^^^^^^^^^^^^^^^^^^^^^^^^^^^
  File "C:\Users\yannb\Documents\1. Programmation\2. projet - site trading\Trading_app_version4\venv\Lib\site-packages\django\db\utils.py", line 94, in __exit__
    raise dj_exc_value.with_traceback(traceback) from exc_value
  File "C:\Users\yannb\Documents\1. Programmation\2. projet - site trading\Trading_app_version4\venv\Lib\site-packages\django\db\backends\utils.py", line 105, in _execute
    return self.cursor.execute(sql, params)
           ~~~~~~~~~~~~~~~~~~~^^^^^^^^^^^^^
django.db.utils.IntegrityError: duplicate key value violates unique constraint "trading_allassets_symbol_platform_3833b47a_uniq"
DETAIL:  Key (symbol, platform)=(AAPL:xnas, SAXO) already exists.


The above exception was the direct cause of the following exception:

Traceback (most recent call last):
  File "C:\Users\yannb\Documents\1. Programmation\2. projet - site trading\Trading_app_version4\backend\apps\trading\services\sync\trade_sync_service.py", line 428, in _get_or_create_all_asset
    all_asset = AllAssets.objects.create(**create_kwargs)
  File "C:\Users\yannb\Documents\1. Programmation\2. projet - site trading\Trading_app_version4\venv\Lib\site-packages\django\db\models\manager.py", line 87, in manager_method
    return getattr(self.get_queryset(), name)(*args, **kwargs)
           ~~~~~~~~~~~~~~~~~~~~~~~~~~~~~~~~~~^^^^^^^^^^^^^^^^^
  File "C:\Users\yannb\Documents\1. Programmation\2. projet - site trading\Trading_app_version4\venv\Lib\site-packages\django\db\models\query.py", line 669, in create
    obj.save(force_insert=True, using=self.db)
    ~~~~~~~~^^^^^^^^^^^^^^^^^^^^^^^^^^^^^^^^^^
  File "C:\Users\yannb\Documents\1. Programmation\2. projet - site trading\Trading_app_version4\venv\Lib\site-packages\django\db\models\base.py", line 874, in save
    self.save_base(
    ~~~~~~~~~~~~~~^
        using=using,
        ^^^^^^^^^^^^
    ...<2 lines>...
        update_fields=update_fields,
        ^^^^^^^^^^^^^^^^^^^^^^^^^^^^
    )
    ^
  File "C:\Users\yannb\Documents\1. Programmation\2. projet - site trading\Trading_app_version4\venv\Lib\site-packages\django\db\models\base.py", line 966, in save_base
    updated = self._save_table(
        raw,
    ...<4 lines>...
        update_fields,
    )
  File "C:\Users\yannb\Documents\1. Programmation\2. projet - site trading\Trading_app_version4\venv\Lib\site-packages\django\db\models\base.py", line 1167, in _save_table
    results = self._do_insert(
        cls._base_manager, using, insert_fields, returning_fields, raw
    )
  File "C:\Users\yannb\Documents\1. Programmation\2. projet - site trading\Trading_app_version4\venv\Lib\site-packages\django\db\models\base.py", line 1218, in _do_insert
    return manager._insert(
           ~~~~~~~~~~~~~~~^
        [self],
        ^^^^^^^
    ...<3 lines>...
        raw=raw,
        ^^^^^^^^
    )
    ^
  File "C:\Users\yannb\Documents\1. Programmation\2. projet - site trading\Trading_app_version4\venv\Lib\site-packages\django\db\models\manager.py", line 87, in manager_method
    return getattr(self.get_queryset(), name)(*args, **kwargs)
           ~~~~~~~~~~~~~~~~~~~~~~~~~~~~~~~~~~^^^^^^^^^^^^^^^^^
  File "C:\Users\yannb\Documents\1. Programmation\2. projet - site trading\Trading_app_version4\venv\Lib\site-packages\django\db\models\query.py", line 1918, in _insert
    return query.get_compiler(using=using).execute_sql(returning_fields)
           ~~~~~~~~~~~~~~~~~~~~~~~~~~~~~~~~~~~~~~~~~~~^^^^^^^^^^^^^^^^^^
  File "C:\Users\yannb\Documents\1. Programmation\2. projet - site trading\Trading_app_version4\venv\Lib\site-packages\django\db\models\sql\compiler.py", line 1925, in execute_sql
    cursor.execute(sql, params)
    ~~~~~~~~~~~~~~^^^^^^^^^^^^^
  File "C:\Users\yannb\Documents\1. Programmation\2. projet - site trading\Trading_app_version4\venv\Lib\site-packages\django\db\backends\utils.py", line 122, in execute
    return super().execute(sql, params)
           ~~~~~~~~~~~~~~~^^^^^^^^^^^^^
  File "C:\Users\yannb\Documents\1. Programmation\2. projet - site trading\Trading_app_version4\venv\Lib\site-packages\django\db\backends\utils.py", line 79, in execute
    return self._execute_with_wrappers(
           ~~~~~~~~~~~~~~~~~~~~~~~~~~~^
        sql, params, many=False, executor=self._execute
        ^^^^^^^^^^^^^^^^^^^^^^^^^^^^^^^^^^^^^^^^^^^^^^^
    )
    ^
  File "C:\Users\yannb\Documents\1. Programmation\2. projet - site trading\Trading_app_version4\venv\Lib\site-packages\django\db\backends\utils.py", line 92, in _execute_with_wrappers
    return executor(sql, params, many, context)
  File "C:\Users\yannb\Documents\1. Programmation\2. projet - site trading\Trading_app_version4\venv\Lib\site-packages\django\db\backends\utils.py", line 99, in _execute
    self.db.validate_no_broken_transaction()
    ~~~~~~~~~~~~~~~~~~~~~~~~~~~~~~~~~~~~~~^^
  File "C:\Users\yannb\Documents\1. Programmation\2. projet - site trading\Trading_app_version4\venv\Lib\site-packages\django\db\backends\base\base.py", line 521, in validate_no_broken_transaction
    raise TransactionManagementError(
    ...<2 lines>...
    ) from self.rollback_exc
django.db.transaction.TransactionManagementError: An error occurred in the current transaction. You can't execute queries until the end of the 'atomic' block.
[ERROR   ] 2026-01-02 14:03:30 | trading.sync.TradeSyncService  | _log_error:94 | ❌ Failed to sync trade 6526462956_5355533876: Could not find or create AllAsset: AAPL
Traceback (most recent call last):
  File "C:\Users\yannb\Documents\1. Programmation\2. projet - site trading\Trading_app_version4\backend\apps\trading\services\sync\trade_sync_service.py", line 157, in _sync_trades
    result = self._sync_single_trade(
        broker_account=broker_account,
        broker_trade=broker_trade,
    )
  File "C:\Users\yannb\Documents\1. Programmation\2. projet - site trading\Trading_app_version4\backend\apps\trading\services\sync\trade_sync_service.py", line 237, in _sync_single_trade
    raise ValueError(f"Could not find or create AllAsset: {broker_trade.symbol}")
ValueError: Could not find or create AllAsset: AAPL
[ERROR   ] 2026-01-02 14:03:30 | trading.sync.TradeSyncService  | _log_error:94 | ❌ Failed to sync trade 6525989102_5355537762: An error occurred in the current transaction. You can't execute queries until the end of the 'atomic' block.
Traceback (most recent call last):
  File "C:\Users\yannb\Documents\1. Programmation\2. projet - site trading\Trading_app_version4\venv\Lib\site-packages\django\db\backends\utils.py", line 105, in _execute
    return self.cursor.execute(sql, params)
           ~~~~~~~~~~~~~~~~~~~^^^^^^^^^^^^^
psycopg2.errors.UniqueViolation: duplicate key value violates unique constraint "trading_allassets_symbol_platform_3833b47a_uniq"
DETAIL:  Key (symbol, platform)=(AAPL:xnas, SAXO) already exists.


The above exception was the direct cause of the following exception:

Traceback (most recent call last):
  File "C:\Users\yannb\Documents\1. Programmation\2. projet - site trading\Trading_app_version4\backend\apps\trading\services\sync\trade_sync_service.py", line 381, in _get_or_create_all_asset
    all_asset = AllAssets.objects.create(
        symbol=broker_asset.symbol,  # Le vrai symbole, pas "UIC_xxxx"
    ...<10 lines>...
        saxo_country_code=raw_data.get('country_code', ''),
    )
  File "C:\Users\yannb\Documents\1. Programmation\2. projet - site trading\Trading_app_version4\venv\Lib\site-packages\django\db\models\manager.py", line 87, in manager_method
    return getattr(self.get_queryset(), name)(*args, **kwargs)
           ~~~~~~~~~~~~~~~~~~~~~~~~~~~~~~~~~~^^^^^^^^^^^^^^^^^
  File "C:\Users\yannb\Documents\1. Programmation\2. projet - site trading\Trading_app_version4\venv\Lib\site-packages\django\db\models\query.py", line 669, in create
    obj.save(force_insert=True, using=self.db)
    ~~~~~~~~^^^^^^^^^^^^^^^^^^^^^^^^^^^^^^^^^^
  File "C:\Users\yannb\Documents\1. Programmation\2. projet - site trading\Trading_app_version4\venv\Lib\site-packages\django\db\models\base.py", line 874, in save
    self.save_base(
    ~~~~~~~~~~~~~~^
        using=using,
        ^^^^^^^^^^^^
    ...<2 lines>...
        update_fields=update_fields,
        ^^^^^^^^^^^^^^^^^^^^^^^^^^^^
    )
    ^
  File "C:\Users\yannb\Documents\1. Programmation\2. projet - site trading\Trading_app_version4\venv\Lib\site-packages\django\db\models\base.py", line 966, in save_base
    updated = self._save_table(
        raw,
    ...<4 lines>...
        update_fields,
    )
  File "C:\Users\yannb\Documents\1. Programmation\2. projet - site trading\Trading_app_version4\venv\Lib\site-packages\django\db\models\base.py", line 1167, in _save_table
    results = self._do_insert(
        cls._base_manager, using, insert_fields, returning_fields, raw
    )
  File "C:\Users\yannb\Documents\1. Programmation\2. projet - site trading\Trading_app_version4\venv\Lib\site-packages\django\db\models\base.py", line 1218, in _do_insert
    return manager._insert(
           ~~~~~~~~~~~~~~~^
        [self],
        ^^^^^^^
    ...<3 lines>...
        raw=raw,
        ^^^^^^^^
    )
    ^
  File "C:\Users\yannb\Documents\1. Programmation\2. projet - site trading\Trading_app_version4\venv\Lib\site-packages\django\db\models\manager.py", line 87, in manager_method
    return getattr(self.get_queryset(), name)(*args, **kwargs)
           ~~~~~~~~~~~~~~~~~~~~~~~~~~~~~~~~~~^^^^^^^^^^^^^^^^^
  File "C:\Users\yannb\Documents\1. Programmation\2. projet - site trading\Trading_app_version4\venv\Lib\site-packages\django\db\models\query.py", line 1918, in _insert
    return query.get_compiler(using=using).execute_sql(returning_fields)
           ~~~~~~~~~~~~~~~~~~~~~~~~~~~~~~~~~~~~~~~~~~~^^^^^^^^^^^^^^^^^^
  File "C:\Users\yannb\Documents\1. Programmation\2. projet - site trading\Trading_app_version4\venv\Lib\site-packages\django\db\models\sql\compiler.py", line 1925, in execute_sql
    cursor.execute(sql, params)
    ~~~~~~~~~~~~~~^^^^^^^^^^^^^
  File "C:\Users\yannb\Documents\1. Programmation\2. projet - site trading\Trading_app_version4\venv\Lib\site-packages\django\db\backends\utils.py", line 122, in execute
    return super().execute(sql, params)
           ~~~~~~~~~~~~~~~^^^^^^^^^^^^^
  File "C:\Users\yannb\Documents\1. Programmation\2. projet - site trading\Trading_app_version4\venv\Lib\site-packages\django\db\backends\utils.py", line 79, in execute
    return self._execute_with_wrappers(
           ~~~~~~~~~~~~~~~~~~~~~~~~~~~^
        sql, params, many=False, executor=self._execute
        ^^^^^^^^^^^^^^^^^^^^^^^^^^^^^^^^^^^^^^^^^^^^^^^
    )
    ^
  File "C:\Users\yannb\Documents\1. Programmation\2. projet - site trading\Trading_app_version4\venv\Lib\site-packages\django\db\backends\utils.py", line 92, in _execute_with_wrappers
    return executor(sql, params, many, context)
  File "C:\Users\yannb\Documents\1. Programmation\2. projet - site trading\Trading_app_version4\venv\Lib\site-packages\django\db\backends\utils.py", line 100, in _execute
    with self.db.wrap_database_errors:
         ^^^^^^^^^^^^^^^^^^^^^^^^^^^^
  File "C:\Users\yannb\Documents\1. Programmation\2. projet - site trading\Trading_app_version4\venv\Lib\site-packages\django\db\utils.py", line 94, in __exit__
    raise dj_exc_value.with_traceback(traceback) from exc_value
  File "C:\Users\yannb\Documents\1. Programmation\2. projet - site trading\Trading_app_version4\venv\Lib\site-packages\django\db\backends\utils.py", line 105, in _execute
    return self.cursor.execute(sql, params)
           ~~~~~~~~~~~~~~~~~~~^^^^^^^^^^^^^
django.db.utils.IntegrityError: duplicate key value violates unique constraint "trading_allassets_symbol_platform_3833b47a_uniq"
DETAIL:  Key (symbol, platform)=(AAPL:xnas, SAXO) already exists.


The above exception was the direct cause of the following exception:

Traceback (most recent call last):
  File "C:\Users\yannb\Documents\1. Programmation\2. projet - site trading\Trading_app_version4\backend\apps\trading\services\sync\trade_sync_service.py", line 428, in _get_or_create_all_asset
    all_asset = AllAssets.objects.create(**create_kwargs)
  File "C:\Users\yannb\Documents\1. Programmation\2. projet - site trading\Trading_app_version4\venv\Lib\site-packages\django\db\models\manager.py", line 87, in manager_method
    return getattr(self.get_queryset(), name)(*args, **kwargs)
           ~~~~~~~~~~~~~~~~~~~~~~~~~~~~~~~~~~^^^^^^^^^^^^^^^^^
  File "C:\Users\yannb\Documents\1. Programmation\2. projet - site trading\Trading_app_version4\venv\Lib\site-packages\django\db\models\query.py", line 669, in create
    obj.save(force_insert=True, using=self.db)
    ~~~~~~~~^^^^^^^^^^^^^^^^^^^^^^^^^^^^^^^^^^
  File "C:\Users\yannb\Documents\1. Programmation\2. projet - site trading\Trading_app_version4\venv\Lib\site-packages\django\db\models\base.py", line 874, in save
    self.save_base(
    ~~~~~~~~~~~~~~^
        using=using,
        ^^^^^^^^^^^^
    ...<2 lines>...
        update_fields=update_fields,
        ^^^^^^^^^^^^^^^^^^^^^^^^^^^^
    )
    ^
  File "C:\Users\yannb\Documents\1. Programmation\2. projet - site trading\Trading_app_version4\venv\Lib\site-packages\django\db\models\base.py", line 966, in save_base
    updated = self._save_table(
        raw,
    ...<4 lines>...
        update_fields,
    )
  File "C:\Users\yannb\Documents\1. Programmation\2. projet - site trading\Trading_app_version4\venv\Lib\site-packages\django\db\models\base.py", line 1167, in _save_table
    results = self._do_insert(
        cls._base_manager, using, insert_fields, returning_fields, raw
    )
  File "C:\Users\yannb\Documents\1. Programmation\2. projet - site trading\Trading_app_version4\venv\Lib\site-packages\django\db\models\base.py", line 1218, in _do_insert
    return manager._insert(
           ~~~~~~~~~~~~~~~^
        [self],
        ^^^^^^^
    ...<3 lines>...
        raw=raw,
        ^^^^^^^^
    )
    ^
  File "C:\Users\yannb\Documents\1. Programmation\2. projet - site trading\Trading_app_version4\venv\Lib\site-packages\django\db\models\manager.py", line 87, in manager_method
    return getattr(self.get_queryset(), name)(*args, **kwargs)
           ~~~~~~~~~~~~~~~~~~~~~~~~~~~~~~~~~~^^^^^^^^^^^^^^^^^
  File "C:\Users\yannb\Documents\1. Programmation\2. projet - site trading\Trading_app_version4\venv\Lib\site-packages\django\db\models\query.py", line 1918, in _insert
    return query.get_compiler(using=using).execute_sql(returning_fields)
           ~~~~~~~~~~~~~~~~~~~~~~~~~~~~~~~~~~~~~~~~~~~^^^^^^^^^^^^^^^^^^
  File "C:\Users\yannb\Documents\1. Programmation\2. projet - site trading\Trading_app_version4\venv\Lib\site-packages\django\db\models\sql\compiler.py", line 1925, in execute_sql
    cursor.execute(sql, params)
    ~~~~~~~~~~~~~~^^^^^^^^^^^^^
  File "C:\Users\yannb\Documents\1. Programmation\2. projet - site trading\Trading_app_version4\venv\Lib\site-packages\django\db\backends\utils.py", line 122, in execute
    return super().execute(sql, params)
           ~~~~~~~~~~~~~~~^^^^^^^^^^^^^
  File "C:\Users\yannb\Documents\1. Programmation\2. projet - site trading\Trading_app_version4\venv\Lib\site-packages\django\db\backends\utils.py", line 79, in execute
    return self._execute_with_wrappers(
           ~~~~~~~~~~~~~~~~~~~~~~~~~~~^
        sql, params, many=False, executor=self._execute
        ^^^^^^^^^^^^^^^^^^^^^^^^^^^^^^^^^^^^^^^^^^^^^^^
    )
    ^
  File "C:\Users\yannb\Documents\1. Programmation\2. projet - site trading\Trading_app_version4\venv\Lib\site-packages\django\db\backends\utils.py", line 92, in _execute_with_wrappers
    return executor(sql, params, many, context)
  File "C:\Users\yannb\Documents\1. Programmation\2. projet - site trading\Trading_app_version4\venv\Lib\site-packages\django\db\backends\utils.py", line 99, in _execute
    self.db.validate_no_broken_transaction()
    ~~~~~~~~~~~~~~~~~~~~~~~~~~~~~~~~~~~~~~^^
  File "C:\Users\yannb\Documents\1. Programmation\2. projet - site trading\Trading_app_version4\venv\Lib\site-packages\django\db\backends\base\base.py", line 521, in validate_no_broken_transaction
    raise TransactionManagementError(
    ...<2 lines>...
    ) from self.rollback_exc
django.db.transaction.TransactionManagementError: An error occurred in the current transaction. You can't execute queries until the end of the 'atomic' block.

The above exception was the direct cause of the following exception:

Traceback (most recent call last):
  File "C:\Users\yannb\Documents\1. Programmation\2. projet - site trading\Trading_app_version4\backend\apps\trading\services\sync\trade_sync_service.py", line 157, in _sync_trades
    result = self._sync_single_trade(
        broker_account=broker_account,
        broker_trade=broker_trade,
    )
  File "C:\Users\yannb\Documents\1. Programmation\2. projet - site trading\Trading_app_version4\backend\apps\trading\services\sync\trade_sync_service.py", line 204, in _sync_single_trade
    ).first()
      ~~~~~^^
  File "C:\Users\yannb\Documents\1. Programmation\2. projet - site trading\Trading_app_version4\venv\Lib\site-packages\django\db\models\query.py", line 1145, in first
    for obj in queryset[:1]:
               ~~~~~~~~^^^^
  File "C:\Users\yannb\Documents\1. Programmation\2. projet - site trading\Trading_app_version4\venv\Lib\site-packages\django\db\models\query.py", line 390, in __iter__
    self._fetch_all()
    ~~~~~~~~~~~~~~~^^
  File "C:\Users\yannb\Documents\1. Programmation\2. projet - site trading\Trading_app_version4\venv\Lib\site-packages\django\db\models\query.py", line 2000, in _fetch_all
    self._result_cache = list(self._iterable_class(self))
                         ~~~~^^^^^^^^^^^^^^^^^^^^^^^^^^^^
  File "C:\Users\yannb\Documents\1. Programmation\2. projet - site trading\Trading_app_version4\venv\Lib\site-packages\django\db\models\query.py", line 95, in __iter__
    results = compiler.execute_sql(
        chunked_fetch=self.chunked_fetch, chunk_size=self.chunk_size
    )
  File "C:\Users\yannb\Documents\1. Programmation\2. projet - site trading\Trading_app_version4\venv\Lib\site-packages\django\db\models\sql\compiler.py", line 1624, in execute_sql
    cursor.execute(sql, params)
    ~~~~~~~~~~~~~~^^^^^^^^^^^^^
  File "C:\Users\yannb\Documents\1. Programmation\2. projet - site trading\Trading_app_version4\venv\Lib\site-packages\django\db\backends\utils.py", line 122, in execute
    return super().execute(sql, params)
           ~~~~~~~~~~~~~~~^^^^^^^^^^^^^
  File "C:\Users\yannb\Documents\1. Programmation\2. projet - site trading\Trading_app_version4\venv\Lib\site-packages\django\db\backends\utils.py", line 79, in execute
    return self._execute_with_wrappers(
           ~~~~~~~~~~~~~~~~~~~~~~~~~~~^
        sql, params, many=False, executor=self._execute
        ^^^^^^^^^^^^^^^^^^^^^^^^^^^^^^^^^^^^^^^^^^^^^^^
    )
    ^
  File "C:\Users\yannb\Documents\1. Programmation\2. projet - site trading\Trading_app_version4\venv\Lib\site-packages\django\db\backends\utils.py", line 92, in _execute_with_wrappers
    return executor(sql, params, many, context)
  File "C:\Users\yannb\Documents\1. Programmation\2. projet - site trading\Trading_app_version4\venv\Lib\site-packages\django\db\backends\utils.py", line 99, in _execute
    self.db.validate_no_broken_transaction()
    ~~~~~~~~~~~~~~~~~~~~~~~~~~~~~~~~~~~~~~^^
  File "C:\Users\yannb\Documents\1. Programmation\2. projet - site trading\Trading_app_version4\venv\Lib\site-packages\django\db\backends\base\base.py", line 521, in validate_no_broken_transaction
    raise TransactionManagementError(
    ...<2 lines>...
    ) from self.rollback_exc
django.db.transaction.TransactionManagementError: An error occurred in the current transaction. You can't execute queries until the end of the 'atomic' block.
[ERROR   ] 2026-01-02 14:03:30 | trading.sync.TradeSyncService  | _log_error:94 | ❌ Failed to sync trade 6525989094_5355537760: An error occurred in the current transaction. You can't execute queries until the end of the 'atomic' block.
Traceback (most recent call last):
  File "C:\Users\yannb\Documents\1. Programmation\2. projet - site trading\Trading_app_version4\venv\Lib\site-packages\django\db\backends\utils.py", line 105, in _execute
    return self.cursor.execute(sql, params)
           ~~~~~~~~~~~~~~~~~~~^^^^^^^^^^^^^
psycopg2.errors.UniqueViolation: duplicate key value violates unique constraint "trading_allassets_symbol_platform_3833b47a_uniq"
DETAIL:  Key (symbol, platform)=(AAPL:xnas, SAXO) already exists.


The above exception was the direct cause of the following exception:

Traceback (most recent call last):
  File "C:\Users\yannb\Documents\1. Programmation\2. projet - site trading\Trading_app_version4\backend\apps\trading\services\sync\trade_sync_service.py", line 381, in _get_or_create_all_asset
    all_asset = AllAssets.objects.create(
        symbol=broker_asset.symbol,  # Le vrai symbole, pas "UIC_xxxx"
    ...<10 lines>...
        saxo_country_code=raw_data.get('country_code', ''),
    )
  File "C:\Users\yannb\Documents\1. Programmation\2. projet - site trading\Trading_app_version4\venv\Lib\site-packages\django\db\models\manager.py", line 87, in manager_method
    return getattr(self.get_queryset(), name)(*args, **kwargs)
           ~~~~~~~~~~~~~~~~~~~~~~~~~~~~~~~~~~^^^^^^^^^^^^^^^^^
  File "C:\Users\yannb\Documents\1. Programmation\2. projet - site trading\Trading_app_version4\venv\Lib\site-packages\django\db\models\query.py", line 669, in create
    obj.save(force_insert=True, using=self.db)
    ~~~~~~~~^^^^^^^^^^^^^^^^^^^^^^^^^^^^^^^^^^
  File "C:\Users\yannb\Documents\1. Programmation\2. projet - site trading\Trading_app_version4\venv\Lib\site-packages\django\db\models\base.py", line 874, in save
    self.save_base(
    ~~~~~~~~~~~~~~^
        using=using,
        ^^^^^^^^^^^^
    ...<2 lines>...
        update_fields=update_fields,
        ^^^^^^^^^^^^^^^^^^^^^^^^^^^^
    )
    ^
  File "C:\Users\yannb\Documents\1. Programmation\2. projet - site trading\Trading_app_version4\venv\Lib\site-packages\django\db\models\base.py", line 966, in save_base
    updated = self._save_table(
        raw,
    ...<4 lines>...
        update_fields,
    )
  File "C:\Users\yannb\Documents\1. Programmation\2. projet - site trading\Trading_app_version4\venv\Lib\site-packages\django\db\models\base.py", line 1167, in _save_table
    results = self._do_insert(
        cls._base_manager, using, insert_fields, returning_fields, raw
    )
  File "C:\Users\yannb\Documents\1. Programmation\2. projet - site trading\Trading_app_version4\venv\Lib\site-packages\django\db\models\base.py", line 1218, in _do_insert
    return manager._insert(
           ~~~~~~~~~~~~~~~^
        [self],
        ^^^^^^^
    ...<3 lines>...
        raw=raw,
        ^^^^^^^^
    )
    ^
  File "C:\Users\yannb\Documents\1. Programmation\2. projet - site trading\Trading_app_version4\venv\Lib\site-packages\django\db\models\manager.py", line 87, in manager_method
    return getattr(self.get_queryset(), name)(*args, **kwargs)
           ~~~~~~~~~~~~~~~~~~~~~~~~~~~~~~~~~~^^^^^^^^^^^^^^^^^
  File "C:\Users\yannb\Documents\1. Programmation\2. projet - site trading\Trading_app_version4\venv\Lib\site-packages\django\db\models\query.py", line 1918, in _insert
    return query.get_compiler(using=using).execute_sql(returning_fields)
           ~~~~~~~~~~~~~~~~~~~~~~~~~~~~~~~~~~~~~~~~~~~^^^^^^^^^^^^^^^^^^
  File "C:\Users\yannb\Documents\1. Programmation\2. projet - site trading\Trading_app_version4\venv\Lib\site-packages\django\db\models\sql\compiler.py", line 1925, in execute_sql
    cursor.execute(sql, params)
    ~~~~~~~~~~~~~~^^^^^^^^^^^^^
  File "C:\Users\yannb\Documents\1. Programmation\2. projet - site trading\Trading_app_version4\venv\Lib\site-packages\django\db\backends\utils.py", line 122, in execute
    return super().execute(sql, params)
           ~~~~~~~~~~~~~~~^^^^^^^^^^^^^
  File "C:\Users\yannb\Documents\1. Programmation\2. projet - site trading\Trading_app_version4\venv\Lib\site-packages\django\db\backends\utils.py", line 79, in execute
    return self._execute_with_wrappers(
           ~~~~~~~~~~~~~~~~~~~~~~~~~~~^
        sql, params, many=False, executor=self._execute
        ^^^^^^^^^^^^^^^^^^^^^^^^^^^^^^^^^^^^^^^^^^^^^^^
    )
    ^
  File "C:\Users\yannb\Documents\1. Programmation\2. projet - site trading\Trading_app_version4\venv\Lib\site-packages\django\db\backends\utils.py", line 92, in _execute_with_wrappers
    return executor(sql, params, many, context)
  File "C:\Users\yannb\Documents\1. Programmation\2. projet - site trading\Trading_app_version4\venv\Lib\site-packages\django\db\backends\utils.py", line 100, in _execute
    with self.db.wrap_database_errors:
         ^^^^^^^^^^^^^^^^^^^^^^^^^^^^
  File "C:\Users\yannb\Documents\1. Programmation\2. projet - site trading\Trading_app_version4\venv\Lib\site-packages\django\db\utils.py", line 94, in __exit__
    raise dj_exc_value.with_traceback(traceback) from exc_value
  File "C:\Users\yannb\Documents\1. Programmation\2. projet - site trading\Trading_app_version4\venv\Lib\site-packages\django\db\backends\utils.py", line 105, in _execute
    return self.cursor.execute(sql, params)
           ~~~~~~~~~~~~~~~~~~~^^^^^^^^^^^^^
django.db.utils.IntegrityError: duplicate key value violates unique constraint "trading_allassets_symbol_platform_3833b47a_uniq"
DETAIL:  Key (symbol, platform)=(AAPL:xnas, SAXO) already exists.


The above exception was the direct cause of the following exception:

Traceback (most recent call last):
  File "C:\Users\yannb\Documents\1. Programmation\2. projet - site trading\Trading_app_version4\backend\apps\trading\services\sync\trade_sync_service.py", line 428, in _get_or_create_all_asset
    all_asset = AllAssets.objects.create(**create_kwargs)
  File "C:\Users\yannb\Documents\1. Programmation\2. projet - site trading\Trading_app_version4\venv\Lib\site-packages\django\db\models\manager.py", line 87, in manager_method
    return getattr(self.get_queryset(), name)(*args, **kwargs)
           ~~~~~~~~~~~~~~~~~~~~~~~~~~~~~~~~~~^^^^^^^^^^^^^^^^^
  File "C:\Users\yannb\Documents\1. Programmation\2. projet - site trading\Trading_app_version4\venv\Lib\site-packages\django\db\models\query.py", line 669, in create
    obj.save(force_insert=True, using=self.db)
    ~~~~~~~~^^^^^^^^^^^^^^^^^^^^^^^^^^^^^^^^^^
  File "C:\Users\yannb\Documents\1. Programmation\2. projet - site trading\Trading_app_version4\venv\Lib\site-packages\django\db\models\base.py", line 874, in save
    self.save_base(
    ~~~~~~~~~~~~~~^
        using=using,
        ^^^^^^^^^^^^
    ...<2 lines>...
        update_fields=update_fields,
        ^^^^^^^^^^^^^^^^^^^^^^^^^^^^
    )
    ^
  File "C:\Users\yannb\Documents\1. Programmation\2. projet - site trading\Trading_app_version4\venv\Lib\site-packages\django\db\models\base.py", line 966, in save_base
    updated = self._save_table(
        raw,
    ...<4 lines>...
        update_fields,
    )
  File "C:\Users\yannb\Documents\1. Programmation\2. projet - site trading\Trading_app_version4\venv\Lib\site-packages\django\db\models\base.py", line 1167, in _save_table
    results = self._do_insert(
        cls._base_manager, using, insert_fields, returning_fields, raw
    )
  File "C:\Users\yannb\Documents\1. Programmation\2. projet - site trading\Trading_app_version4\venv\Lib\site-packages\django\db\models\base.py", line 1218, in _do_insert
    return manager._insert(
           ~~~~~~~~~~~~~~~^
        [self],
        ^^^^^^^
    ...<3 lines>...
        raw=raw,
        ^^^^^^^^
    )
    ^
  File "C:\Users\yannb\Documents\1. Programmation\2. projet - site trading\Trading_app_version4\venv\Lib\site-packages\django\db\models\manager.py", line 87, in manager_method
    return getattr(self.get_queryset(), name)(*args, **kwargs)
           ~~~~~~~~~~~~~~~~~~~~~~~~~~~~~~~~~~^^^^^^^^^^^^^^^^^
  File "C:\Users\yannb\Documents\1. Programmation\2. projet - site trading\Trading_app_version4\venv\Lib\site-packages\django\db\models\query.py", line 1918, in _insert
    return query.get_compiler(using=using).execute_sql(returning_fields)
           ~~~~~~~~~~~~~~~~~~~~~~~~~~~~~~~~~~~~~~~~~~~^^^^^^^^^^^^^^^^^^
  File "C:\Users\yannb\Documents\1. Programmation\2. projet - site trading\Trading_app_version4\venv\Lib\site-packages\django\db\models\sql\compiler.py", line 1925, in execute_sql
    cursor.execute(sql, params)
    ~~~~~~~~~~~~~~^^^^^^^^^^^^^
  File "C:\Users\yannb\Documents\1. Programmation\2. projet - site trading\Trading_app_version4\venv\Lib\site-packages\django\db\backends\utils.py", line 122, in execute
    return super().execute(sql, params)
           ~~~~~~~~~~~~~~~^^^^^^^^^^^^^
  File "C:\Users\yannb\Documents\1. Programmation\2. projet - site trading\Trading_app_version4\venv\Lib\site-packages\django\db\backends\utils.py", line 79, in execute
    return self._execute_with_wrappers(
           ~~~~~~~~~~~~~~~~~~~~~~~~~~~^
        sql, params, many=False, executor=self._execute
        ^^^^^^^^^^^^^^^^^^^^^^^^^^^^^^^^^^^^^^^^^^^^^^^
    )
    ^
  File "C:\Users\yannb\Documents\1. Programmation\2. projet - site trading\Trading_app_version4\venv\Lib\site-packages\django\db\backends\utils.py", line 92, in _execute_with_wrappers
    return executor(sql, params, many, context)
  File "C:\Users\yannb\Documents\1. Programmation\2. projet - site trading\Trading_app_version4\venv\Lib\site-packages\django\db\backends\utils.py", line 99, in _execute
    self.db.validate_no_broken_transaction()
    ~~~~~~~~~~~~~~~~~~~~~~~~~~~~~~~~~~~~~~^^
  File "C:\Users\yannb\Documents\1. Programmation\2. projet - site trading\Trading_app_version4\venv\Lib\site-packages\django\db\backends\base\base.py", line 521, in validate_no_broken_transaction
    raise TransactionManagementError(
    ...<2 lines>...
    ) from self.rollback_exc
django.db.transaction.TransactionManagementError: An error occurred in the current transaction. You can't execute queries until the end of the 'atomic' block.

The above exception was the direct cause of the following exception:

Traceback (most recent call last):
  File "C:\Users\yannb\Documents\1. Programmation\2. projet - site trading\Trading_app_version4\backend\apps\trading\services\sync\trade_sync_service.py", line 157, in _sync_trades
    result = self._sync_single_trade(
        broker_account=broker_account,
        broker_trade=broker_trade,
    )
  File "C:\Users\yannb\Documents\1. Programmation\2. projet - site trading\Trading_app_version4\backend\apps\trading\services\sync\trade_sync_service.py", line 204, in _sync_single_trade
    ).first()
      ~~~~~^^
  File "C:\Users\yannb\Documents\1. Programmation\2. projet - site trading\Trading_app_version4\venv\Lib\site-packages\django\db\models\query.py", line 1145, in first
    for obj in queryset[:1]:
               ~~~~~~~~^^^^
  File "C:\Users\yannb\Documents\1. Programmation\2. projet - site trading\Trading_app_version4\venv\Lib\site-packages\django\db\models\query.py", line 390, in __iter__
    self._fetch_all()
    ~~~~~~~~~~~~~~~^^
  File "C:\Users\yannb\Documents\1. Programmation\2. projet - site trading\Trading_app_version4\venv\Lib\site-packages\django\db\models\query.py", line 2000, in _fetch_all
    self._result_cache = list(self._iterable_class(self))
                         ~~~~^^^^^^^^^^^^^^^^^^^^^^^^^^^^
  File "C:\Users\yannb\Documents\1. Programmation\2. projet - site trading\Trading_app_version4\venv\Lib\site-packages\django\db\models\query.py", line 95, in __iter__
    results = compiler.execute_sql(
        chunked_fetch=self.chunked_fetch, chunk_size=self.chunk_size
    )
  File "C:\Users\yannb\Documents\1. Programmation\2. projet - site trading\Trading_app_version4\venv\Lib\site-packages\django\db\models\sql\compiler.py", line 1624, in execute_sql
    cursor.execute(sql, params)
    ~~~~~~~~~~~~~~^^^^^^^^^^^^^
  File "C:\Users\yannb\Documents\1. Programmation\2. projet - site trading\Trading_app_version4\venv\Lib\site-packages\django\db\backends\utils.py", line 122, in execute
    return super().execute(sql, params)
           ~~~~~~~~~~~~~~~^^^^^^^^^^^^^
  File "C:\Users\yannb\Documents\1. Programmation\2. projet - site trading\Trading_app_version4\venv\Lib\site-packages\django\db\backends\utils.py", line 79, in execute
    return self._execute_with_wrappers(
           ~~~~~~~~~~~~~~~~~~~~~~~~~~~^
        sql, params, many=False, executor=self._execute
        ^^^^^^^^^^^^^^^^^^^^^^^^^^^^^^^^^^^^^^^^^^^^^^^
    )
    ^
  File "C:\Users\yannb\Documents\1. Programmation\2. projet - site trading\Trading_app_version4\venv\Lib\site-packages\django\db\backends\utils.py", line 92, in _execute_with_wrappers
    return executor(sql, params, many, context)
  File "C:\Users\yannb\Documents\1. Programmation\2. projet - site trading\Trading_app_version4\venv\Lib\site-packages\django\db\backends\utils.py", line 99, in _execute
    self.db.validate_no_broken_transaction()
    ~~~~~~~~~~~~~~~~~~~~~~~~~~~~~~~~~~~~~~^^
  File "C:\Users\yannb\Documents\1. Programmation\2. projet - site trading\Trading_app_version4\venv\Lib\site-packages\django\db\backends\base\base.py", line 521, in validate_no_broken_transaction
    raise TransactionManagementError(
    ...<2 lines>...
    ) from self.rollback_exc
django.db.transaction.TransactionManagementError: An error occurred in the current transaction. You can't execute queries until the end of the 'atomic' block.
[ERROR   ] 2026-01-02 14:03:30 | trading.sync.TradeSyncService  | _log_error:94 | ❌ Failed to sync trade 6475879404_5342707954: An error occurred in the current transaction. You can't execute queries until the end of the 'atomic' block.
Traceback (most recent call last):
  File "C:\Users\yannb\Documents\1. Programmation\2. projet - site trading\Trading_app_version4\venv\Lib\site-packages\django\db\backends\utils.py", line 105, in _execute
    return self.cursor.execute(sql, params)
           ~~~~~~~~~~~~~~~~~~~^^^^^^^^^^^^^
psycopg2.errors.UniqueViolation: duplicate key value violates unique constraint "trading_allassets_symbol_platform_3833b47a_uniq"
DETAIL:  Key (symbol, platform)=(AAPL:xnas, SAXO) already exists.


The above exception was the direct cause of the following exception:

Traceback (most recent call last):
  File "C:\Users\yannb\Documents\1. Programmation\2. projet - site trading\Trading_app_version4\backend\apps\trading\services\sync\trade_sync_service.py", line 381, in _get_or_create_all_asset
    all_asset = AllAssets.objects.create(
        symbol=broker_asset.symbol,  # Le vrai symbole, pas "UIC_xxxx"
    ...<10 lines>...
        saxo_country_code=raw_data.get('country_code', ''),
    )
  File "C:\Users\yannb\Documents\1. Programmation\2. projet - site trading\Trading_app_version4\venv\Lib\site-packages\django\db\models\manager.py", line 87, in manager_method
    return getattr(self.get_queryset(), name)(*args, **kwargs)
           ~~~~~~~~~~~~~~~~~~~~~~~~~~~~~~~~~~^^^^^^^^^^^^^^^^^
  File "C:\Users\yannb\Documents\1. Programmation\2. projet - site trading\Trading_app_version4\venv\Lib\site-packages\django\db\models\query.py", line 669, in create
    obj.save(force_insert=True, using=self.db)
    ~~~~~~~~^^^^^^^^^^^^^^^^^^^^^^^^^^^^^^^^^^
  File "C:\Users\yannb\Documents\1. Programmation\2. projet - site trading\Trading_app_version4\venv\Lib\site-packages\django\db\models\base.py", line 874, in save
    self.save_base(
    ~~~~~~~~~~~~~~^
        using=using,
        ^^^^^^^^^^^^
    ...<2 lines>...
        update_fields=update_fields,
        ^^^^^^^^^^^^^^^^^^^^^^^^^^^^
    )
    ^
  File "C:\Users\yannb\Documents\1. Programmation\2. projet - site trading\Trading_app_version4\venv\Lib\site-packages\django\db\models\base.py", line 966, in save_base
    updated = self._save_table(
        raw,
    ...<4 lines>...
        update_fields,
    )
  File "C:\Users\yannb\Documents\1. Programmation\2. projet - site trading\Trading_app_version4\venv\Lib\site-packages\django\db\models\base.py", line 1167, in _save_table
    results = self._do_insert(
        cls._base_manager, using, insert_fields, returning_fields, raw
    )
  File "C:\Users\yannb\Documents\1. Programmation\2. projet - site trading\Trading_app_version4\venv\Lib\site-packages\django\db\models\base.py", line 1218, in _do_insert
    return manager._insert(
           ~~~~~~~~~~~~~~~^
        [self],
        ^^^^^^^
    ...<3 lines>...
        raw=raw,
        ^^^^^^^^
    )
    ^
  File "C:\Users\yannb\Documents\1. Programmation\2. projet - site trading\Trading_app_version4\venv\Lib\site-packages\django\db\models\manager.py", line 87, in manager_method
    return getattr(self.get_queryset(), name)(*args, **kwargs)
           ~~~~~~~~~~~~~~~~~~~~~~~~~~~~~~~~~~^^^^^^^^^^^^^^^^^
  File "C:\Users\yannb\Documents\1. Programmation\2. projet - site trading\Trading_app_version4\venv\Lib\site-packages\django\db\models\query.py", line 1918, in _insert
    return query.get_compiler(using=using).execute_sql(returning_fields)
           ~~~~~~~~~~~~~~~~~~~~~~~~~~~~~~~~~~~~~~~~~~~^^^^^^^^^^^^^^^^^^
  File "C:\Users\yannb\Documents\1. Programmation\2. projet - site trading\Trading_app_version4\venv\Lib\site-packages\django\db\models\sql\compiler.py", line 1925, in execute_sql
    cursor.execute(sql, params)
    ~~~~~~~~~~~~~~^^^^^^^^^^^^^
  File "C:\Users\yannb\Documents\1. Programmation\2. projet - site trading\Trading_app_version4\venv\Lib\site-packages\django\db\backends\utils.py", line 122, in execute
    return super().execute(sql, params)
           ~~~~~~~~~~~~~~~^^^^^^^^^^^^^
  File "C:\Users\yannb\Documents\1. Programmation\2. projet - site trading\Trading_app_version4\venv\Lib\site-packages\django\db\backends\utils.py", line 79, in execute
    return self._execute_with_wrappers(
           ~~~~~~~~~~~~~~~~~~~~~~~~~~~^
        sql, params, many=False, executor=self._execute
        ^^^^^^^^^^^^^^^^^^^^^^^^^^^^^^^^^^^^^^^^^^^^^^^
    )
    ^
  File "C:\Users\yannb\Documents\1. Programmation\2. projet - site trading\Trading_app_version4\venv\Lib\site-packages\django\db\backends\utils.py", line 92, in _execute_with_wrappers
    return executor(sql, params, many, context)
  File "C:\Users\yannb\Documents\1. Programmation\2. projet - site trading\Trading_app_version4\venv\Lib\site-packages\django\db\backends\utils.py", line 100, in _execute
    with self.db.wrap_database_errors:
         ^^^^^^^^^^^^^^^^^^^^^^^^^^^^
  File "C:\Users\yannb\Documents\1. Programmation\2. projet - site trading\Trading_app_version4\venv\Lib\site-packages\django\db\utils.py", line 94, in __exit__
    raise dj_exc_value.with_traceback(traceback) from exc_value
  File "C:\Users\yannb\Documents\1. Programmation\2. projet - site trading\Trading_app_version4\venv\Lib\site-packages\django\db\backends\utils.py", line 105, in _execute
    return self.cursor.execute(sql, params)
           ~~~~~~~~~~~~~~~~~~~^^^^^^^^^^^^^
django.db.utils.IntegrityError: duplicate key value violates unique constraint "trading_allassets_symbol_platform_3833b47a_uniq"
DETAIL:  Key (symbol, platform)=(AAPL:xnas, SAXO) already exists.


The above exception was the direct cause of the following exception:

Traceback (most recent call last):
  File "C:\Users\yannb\Documents\1. Programmation\2. projet - site trading\Trading_app_version4\backend\apps\trading\services\sync\trade_sync_service.py", line 428, in _get_or_create_all_asset
    all_asset = AllAssets.objects.create(**create_kwargs)
  File "C:\Users\yannb\Documents\1. Programmation\2. projet - site trading\Trading_app_version4\venv\Lib\site-packages\django\db\models\manager.py", line 87, in manager_method
    return getattr(self.get_queryset(), name)(*args, **kwargs)
           ~~~~~~~~~~~~~~~~~~~~~~~~~~~~~~~~~~^^^^^^^^^^^^^^^^^
  File "C:\Users\yannb\Documents\1. Programmation\2. projet - site trading\Trading_app_version4\venv\Lib\site-packages\django\db\models\query.py", line 669, in create
    obj.save(force_insert=True, using=self.db)
    ~~~~~~~~^^^^^^^^^^^^^^^^^^^^^^^^^^^^^^^^^^
  File "C:\Users\yannb\Documents\1. Programmation\2. projet - site trading\Trading_app_version4\venv\Lib\site-packages\django\db\models\base.py", line 874, in save
    self.save_base(
    ~~~~~~~~~~~~~~^
        using=using,
        ^^^^^^^^^^^^
    ...<2 lines>...
        update_fields=update_fields,
        ^^^^^^^^^^^^^^^^^^^^^^^^^^^^
    )
    ^
  File "C:\Users\yannb\Documents\1. Programmation\2. projet - site trading\Trading_app_version4\venv\Lib\site-packages\django\db\models\base.py", line 966, in save_base
    updated = self._save_table(
        raw,
    ...<4 lines>...
        update_fields,
    )
  File "C:\Users\yannb\Documents\1. Programmation\2. projet - site trading\Trading_app_version4\venv\Lib\site-packages\django\db\models\base.py", line 1167, in _save_table
    results = self._do_insert(
        cls._base_manager, using, insert_fields, returning_fields, raw
    )
  File "C:\Users\yannb\Documents\1. Programmation\2. projet - site trading\Trading_app_version4\venv\Lib\site-packages\django\db\models\base.py", line 1218, in _do_insert
    return manager._insert(
           ~~~~~~~~~~~~~~~^
        [self],
        ^^^^^^^
    ...<3 lines>...
        raw=raw,
        ^^^^^^^^
    )
    ^
  File "C:\Users\yannb\Documents\1. Programmation\2. projet - site trading\Trading_app_version4\venv\Lib\site-packages\django\db\models\manager.py", line 87, in manager_method
    return getattr(self.get_queryset(), name)(*args, **kwargs)
           ~~~~~~~~~~~~~~~~~~~~~~~~~~~~~~~~~~^^^^^^^^^^^^^^^^^
  File "C:\Users\yannb\Documents\1. Programmation\2. projet - site trading\Trading_app_version4\venv\Lib\site-packages\django\db\models\query.py", line 1918, in _insert
    return query.get_compiler(using=using).execute_sql(returning_fields)
           ~~~~~~~~~~~~~~~~~~~~~~~~~~~~~~~~~~~~~~~~~~~^^^^^^^^^^^^^^^^^^
  File "C:\Users\yannb\Documents\1. Programmation\2. projet - site trading\Trading_app_version4\venv\Lib\site-packages\django\db\models\sql\compiler.py", line 1925, in execute_sql
    cursor.execute(sql, params)
    ~~~~~~~~~~~~~~^^^^^^^^^^^^^
  File "C:\Users\yannb\Documents\1. Programmation\2. projet - site trading\Trading_app_version4\venv\Lib\site-packages\django\db\backends\utils.py", line 122, in execute
    return super().execute(sql, params)
           ~~~~~~~~~~~~~~~^^^^^^^^^^^^^
  File "C:\Users\yannb\Documents\1. Programmation\2. projet - site trading\Trading_app_version4\venv\Lib\site-packages\django\db\backends\utils.py", line 79, in execute
    return self._execute_with_wrappers(
           ~~~~~~~~~~~~~~~~~~~~~~~~~~~^
        sql, params, many=False, executor=self._execute
        ^^^^^^^^^^^^^^^^^^^^^^^^^^^^^^^^^^^^^^^^^^^^^^^
    )
    ^
  File "C:\Users\yannb\Documents\1. Programmation\2. projet - site trading\Trading_app_version4\venv\Lib\site-packages\django\db\backends\utils.py", line 92, in _execute_with_wrappers
    return executor(sql, params, many, context)
  File "C:\Users\yannb\Documents\1. Programmation\2. projet - site trading\Trading_app_version4\venv\Lib\site-packages\django\db\backends\utils.py", line 99, in _execute
    self.db.validate_no_broken_transaction()
    ~~~~~~~~~~~~~~~~~~~~~~~~~~~~~~~~~~~~~~^^
  File "C:\Users\yannb\Documents\1. Programmation\2. projet - site trading\Trading_app_version4\venv\Lib\site-packages\django\db\backends\base\base.py", line 521, in validate_no_broken_transaction
    raise TransactionManagementError(
    ...<2 lines>...
    ) from self.rollback_exc
django.db.transaction.TransactionManagementError: An error occurred in the current transaction. You can't execute queries until the end of the 'atomic' block.

The above exception was the direct cause of the following exception:

Traceback (most recent call last):
  File "C:\Users\yannb\Documents\1. Programmation\2. projet - site trading\Trading_app_version4\backend\apps\trading\services\sync\trade_sync_service.py", line 157, in _sync_trades
    result = self._sync_single_trade(
        broker_account=broker_account,
        broker_trade=broker_trade,
    )
  File "C:\Users\yannb\Documents\1. Programmation\2. projet - site trading\Trading_app_version4\backend\apps\trading\services\sync\trade_sync_service.py", line 204, in _sync_single_trade
    ).first()
      ~~~~~^^
  File "C:\Users\yannb\Documents\1. Programmation\2. projet - site trading\Trading_app_version4\venv\Lib\site-packages\django\db\models\query.py", line 1145, in first
    for obj in queryset[:1]:
               ~~~~~~~~^^^^
  File "C:\Users\yannb\Documents\1. Programmation\2. projet - site trading\Trading_app_version4\venv\Lib\site-packages\django\db\models\query.py", line 390, in __iter__
    self._fetch_all()
    ~~~~~~~~~~~~~~~^^
  File "C:\Users\yannb\Documents\1. Programmation\2. projet - site trading\Trading_app_version4\venv\Lib\site-packages\django\db\models\query.py", line 2000, in _fetch_all
    self._result_cache = list(self._iterable_class(self))
                         ~~~~^^^^^^^^^^^^^^^^^^^^^^^^^^^^
  File "C:\Users\yannb\Documents\1. Programmation\2. projet - site trading\Trading_app_version4\venv\Lib\site-packages\django\db\models\query.py", line 95, in __iter__
    results = compiler.execute_sql(
        chunked_fetch=self.chunked_fetch, chunk_size=self.chunk_size
    )
  File "C:\Users\yannb\Documents\1. Programmation\2. projet - site trading\Trading_app_version4\venv\Lib\site-packages\django\db\models\sql\compiler.py", line 1624, in execute_sql
    cursor.execute(sql, params)
    ~~~~~~~~~~~~~~^^^^^^^^^^^^^
  File "C:\Users\yannb\Documents\1. Programmation\2. projet - site trading\Trading_app_version4\venv\Lib\site-packages\django\db\backends\utils.py", line 122, in execute
    return super().execute(sql, params)
           ~~~~~~~~~~~~~~~^^^^^^^^^^^^^
  File "C:\Users\yannb\Documents\1. Programmation\2. projet - site trading\Trading_app_version4\venv\Lib\site-packages\django\db\backends\utils.py", line 79, in execute
    return self._execute_with_wrappers(
           ~~~~~~~~~~~~~~~~~~~~~~~~~~~^
        sql, params, many=False, executor=self._execute
        ^^^^^^^^^^^^^^^^^^^^^^^^^^^^^^^^^^^^^^^^^^^^^^^
    )
    ^
  File "C:\Users\yannb\Documents\1. Programmation\2. projet - site trading\Trading_app_version4\venv\Lib\site-packages\django\db\backends\utils.py", line 92, in _execute_with_wrappers
    return executor(sql, params, many, context)
  File "C:\Users\yannb\Documents\1. Programmation\2. projet - site trading\Trading_app_version4\venv\Lib\site-packages\django\db\backends\utils.py", line 99, in _execute
    self.db.validate_no_broken_transaction()
    ~~~~~~~~~~~~~~~~~~~~~~~~~~~~~~~~~~~~~~^^
  File "C:\Users\yannb\Documents\1. Programmation\2. projet - site trading\Trading_app_version4\venv\Lib\site-packages\django\db\backends\base\base.py", line 521, in validate_no_broken_transaction
    raise TransactionManagementError(
    ...<2 lines>...
    ) from self.rollback_exc
django.db.transaction.TransactionManagementError: An error occurred in the current transaction. You can't execute queries until the end of the 'atomic' block.
[ERROR   ] 2026-01-02 14:03:30 | trading.sync.TradeSyncService  | _log_error:94 | ❌ Failed to sync trade 6475877445_5342707956: An error occurred in the current transaction. You can't execute queries until the end of the 'atomic' block.
Traceback (most recent call last):
  File "C:\Users\yannb\Documents\1. Programmation\2. projet - site trading\Trading_app_version4\venv\Lib\site-packages\django\db\backends\utils.py", line 105, in _execute
    return self.cursor.execute(sql, params)
           ~~~~~~~~~~~~~~~~~~~^^^^^^^^^^^^^
psycopg2.errors.UniqueViolation: duplicate key value violates unique constraint "trading_allassets_symbol_platform_3833b47a_uniq"
DETAIL:  Key (symbol, platform)=(AAPL:xnas, SAXO) already exists.


The above exception was the direct cause of the following exception:

Traceback (most recent call last):
  File "C:\Users\yannb\Documents\1. Programmation\2. projet - site trading\Trading_app_version4\backend\apps\trading\services\sync\trade_sync_service.py", line 381, in _get_or_create_all_asset
    all_asset = AllAssets.objects.create(
        symbol=broker_asset.symbol,  # Le vrai symbole, pas "UIC_xxxx"
    ...<10 lines>...
        saxo_country_code=raw_data.get('country_code', ''),
    )
  File "C:\Users\yannb\Documents\1. Programmation\2. projet - site trading\Trading_app_version4\venv\Lib\site-packages\django\db\models\manager.py", line 87, in manager_method
    return getattr(self.get_queryset(), name)(*args, **kwargs)
           ~~~~~~~~~~~~~~~~~~~~~~~~~~~~~~~~~~^^^^^^^^^^^^^^^^^
  File "C:\Users\yannb\Documents\1. Programmation\2. projet - site trading\Trading_app_version4\venv\Lib\site-packages\django\db\models\query.py", line 669, in create
    obj.save(force_insert=True, using=self.db)
    ~~~~~~~~^^^^^^^^^^^^^^^^^^^^^^^^^^^^^^^^^^
  File "C:\Users\yannb\Documents\1. Programmation\2. projet - site trading\Trading_app_version4\venv\Lib\site-packages\django\db\models\base.py", line 874, in save
    self.save_base(
    ~~~~~~~~~~~~~~^
        using=using,
        ^^^^^^^^^^^^
    ...<2 lines>...
        update_fields=update_fields,
        ^^^^^^^^^^^^^^^^^^^^^^^^^^^^
    )
    ^
  File "C:\Users\yannb\Documents\1. Programmation\2. projet - site trading\Trading_app_version4\venv\Lib\site-packages\django\db\models\base.py", line 966, in save_base
    updated = self._save_table(
        raw,
    ...<4 lines>...
        update_fields,
    )
  File "C:\Users\yannb\Documents\1. Programmation\2. projet - site trading\Trading_app_version4\venv\Lib\site-packages\django\db\models\base.py", line 1167, in _save_table
    results = self._do_insert(
        cls._base_manager, using, insert_fields, returning_fields, raw
    )
  File "C:\Users\yannb\Documents\1. Programmation\2. projet - site trading\Trading_app_version4\venv\Lib\site-packages\django\db\models\base.py", line 1218, in _do_insert
    return manager._insert(
           ~~~~~~~~~~~~~~~^
        [self],
        ^^^^^^^
    ...<3 lines>...
        raw=raw,
        ^^^^^^^^
    )
    ^
  File "C:\Users\yannb\Documents\1. Programmation\2. projet - site trading\Trading_app_version4\venv\Lib\site-packages\django\db\models\manager.py", line 87, in manager_method
    return getattr(self.get_queryset(), name)(*args, **kwargs)
           ~~~~~~~~~~~~~~~~~~~~~~~~~~~~~~~~~~^^^^^^^^^^^^^^^^^
  File "C:\Users\yannb\Documents\1. Programmation\2. projet - site trading\Trading_app_version4\venv\Lib\site-packages\django\db\models\query.py", line 1918, in _insert
    return query.get_compiler(using=using).execute_sql(returning_fields)
           ~~~~~~~~~~~~~~~~~~~~~~~~~~~~~~~~~~~~~~~~~~~^^^^^^^^^^^^^^^^^^
  File "C:\Users\yannb\Documents\1. Programmation\2. projet - site trading\Trading_app_version4\venv\Lib\site-packages\django\db\models\sql\compiler.py", line 1925, in execute_sql
    cursor.execute(sql, params)
    ~~~~~~~~~~~~~~^^^^^^^^^^^^^
  File "C:\Users\yannb\Documents\1. Programmation\2. projet - site trading\Trading_app_version4\venv\Lib\site-packages\django\db\backends\utils.py", line 122, in execute
    return super().execute(sql, params)
           ~~~~~~~~~~~~~~~^^^^^^^^^^^^^
  File "C:\Users\yannb\Documents\1. Programmation\2. projet - site trading\Trading_app_version4\venv\Lib\site-packages\django\db\backends\utils.py", line 79, in execute
    return self._execute_with_wrappers(
           ~~~~~~~~~~~~~~~~~~~~~~~~~~~^
        sql, params, many=False, executor=self._execute
        ^^^^^^^^^^^^^^^^^^^^^^^^^^^^^^^^^^^^^^^^^^^^^^^
    )
    ^
  File "C:\Users\yannb\Documents\1. Programmation\2. projet - site trading\Trading_app_version4\venv\Lib\site-packages\django\db\backends\utils.py", line 92, in _execute_with_wrappers
    return executor(sql, params, many, context)
  File "C:\Users\yannb\Documents\1. Programmation\2. projet - site trading\Trading_app_version4\venv\Lib\site-packages\django\db\backends\utils.py", line 100, in _execute
    with self.db.wrap_database_errors:
         ^^^^^^^^^^^^^^^^^^^^^^^^^^^^
  File "C:\Users\yannb\Documents\1. Programmation\2. projet - site trading\Trading_app_version4\venv\Lib\site-packages\django\db\utils.py", line 94, in __exit__
    raise dj_exc_value.with_traceback(traceback) from exc_value
  File "C:\Users\yannb\Documents\1. Programmation\2. projet - site trading\Trading_app_version4\venv\Lib\site-packages\django\db\backends\utils.py", line 105, in _execute
    return self.cursor.execute(sql, params)
           ~~~~~~~~~~~~~~~~~~~^^^^^^^^^^^^^
django.db.utils.IntegrityError: duplicate key value violates unique constraint "trading_allassets_symbol_platform_3833b47a_uniq"
DETAIL:  Key (symbol, platform)=(AAPL:xnas, SAXO) already exists.


The above exception was the direct cause of the following exception:

Traceback (most recent call last):
  File "C:\Users\yannb\Documents\1. Programmation\2. projet - site trading\Trading_app_version4\backend\apps\trading\services\sync\trade_sync_service.py", line 428, in _get_or_create_all_asset
    all_asset = AllAssets.objects.create(**create_kwargs)
  File "C:\Users\yannb\Documents\1. Programmation\2. projet - site trading\Trading_app_version4\venv\Lib\site-packages\django\db\models\manager.py", line 87, in manager_method
    return getattr(self.get_queryset(), name)(*args, **kwargs)
           ~~~~~~~~~~~~~~~~~~~~~~~~~~~~~~~~~~^^^^^^^^^^^^^^^^^
  File "C:\Users\yannb\Documents\1. Programmation\2. projet - site trading\Trading_app_version4\venv\Lib\site-packages\django\db\models\query.py", line 669, in create
    obj.save(force_insert=True, using=self.db)
    ~~~~~~~~^^^^^^^^^^^^^^^^^^^^^^^^^^^^^^^^^^
  File "C:\Users\yannb\Documents\1. Programmation\2. projet - site trading\Trading_app_version4\venv\Lib\site-packages\django\db\models\base.py", line 874, in save
    self.save_base(
    ~~~~~~~~~~~~~~^
        using=using,
        ^^^^^^^^^^^^
    ...<2 lines>...
        update_fields=update_fields,
        ^^^^^^^^^^^^^^^^^^^^^^^^^^^^
    )
    ^
  File "C:\Users\yannb\Documents\1. Programmation\2. projet - site trading\Trading_app_version4\venv\Lib\site-packages\django\db\models\base.py", line 966, in save_base
    updated = self._save_table(
        raw,
    ...<4 lines>...
        update_fields,
    )
  File "C:\Users\yannb\Documents\1. Programmation\2. projet - site trading\Trading_app_version4\venv\Lib\site-packages\django\db\models\base.py", line 1167, in _save_table
    results = self._do_insert(
        cls._base_manager, using, insert_fields, returning_fields, raw
    )
  File "C:\Users\yannb\Documents\1. Programmation\2. projet - site trading\Trading_app_version4\venv\Lib\site-packages\django\db\models\base.py", line 1218, in _do_insert
    return manager._insert(
           ~~~~~~~~~~~~~~~^
        [self],
        ^^^^^^^
    ...<3 lines>...
        raw=raw,
        ^^^^^^^^
    )
    ^
  File "C:\Users\yannb\Documents\1. Programmation\2. projet - site trading\Trading_app_version4\venv\Lib\site-packages\django\db\models\manager.py", line 87, in manager_method
    return getattr(self.get_queryset(), name)(*args, **kwargs)
           ~~~~~~~~~~~~~~~~~~~~~~~~~~~~~~~~~~^^^^^^^^^^^^^^^^^
  File "C:\Users\yannb\Documents\1. Programmation\2. projet - site trading\Trading_app_version4\venv\Lib\site-packages\django\db\models\query.py", line 1918, in _insert
    return query.get_compiler(using=using).execute_sql(returning_fields)
           ~~~~~~~~~~~~~~~~~~~~~~~~~~~~~~~~~~~~~~~~~~~^^^^^^^^^^^^^^^^^^
  File "C:\Users\yannb\Documents\1. Programmation\2. projet - site trading\Trading_app_version4\venv\Lib\site-packages\django\db\models\sql\compiler.py", line 1925, in execute_sql
    cursor.execute(sql, params)
    ~~~~~~~~~~~~~~^^^^^^^^^^^^^
  File "C:\Users\yannb\Documents\1. Programmation\2. projet - site trading\Trading_app_version4\venv\Lib\site-packages\django\db\backends\utils.py", line 122, in execute
    return super().execute(sql, params)
           ~~~~~~~~~~~~~~~^^^^^^^^^^^^^
  File "C:\Users\yannb\Documents\1. Programmation\2. projet - site trading\Trading_app_version4\venv\Lib\site-packages\django\db\backends\utils.py", line 79, in execute
    return self._execute_with_wrappers(
           ~~~~~~~~~~~~~~~~~~~~~~~~~~~^
        sql, params, many=False, executor=self._execute
        ^^^^^^^^^^^^^^^^^^^^^^^^^^^^^^^^^^^^^^^^^^^^^^^
    )
    ^
  File "C:\Users\yannb\Documents\1. Programmation\2. projet - site trading\Trading_app_version4\venv\Lib\site-packages\django\db\backends\utils.py", line 92, in _execute_with_wrappers
    return executor(sql, params, many, context)
  File "C:\Users\yannb\Documents\1. Programmation\2. projet - site trading\Trading_app_version4\venv\Lib\site-packages\django\db\backends\utils.py", line 99, in _execute
    self.db.validate_no_broken_transaction()
    ~~~~~~~~~~~~~~~~~~~~~~~~~~~~~~~~~~~~~~^^
  File "C:\Users\yannb\Documents\1. Programmation\2. projet - site trading\Trading_app_version4\venv\Lib\site-packages\django\db\backends\base\base.py", line 521, in validate_no_broken_transaction
    raise TransactionManagementError(
    ...<2 lines>...
    ) from self.rollback_exc
django.db.transaction.TransactionManagementError: An error occurred in the current transaction. You can't execute queries until the end of the 'atomic' block.

The above exception was the direct cause of the following exception:

Traceback (most recent call last):
  File "C:\Users\yannb\Documents\1. Programmation\2. projet - site trading\Trading_app_version4\backend\apps\trading\services\sync\trade_sync_service.py", line 157, in _sync_trades
    result = self._sync_single_trade(
        broker_account=broker_account,
        broker_trade=broker_trade,
    )
  File "C:\Users\yannb\Documents\1. Programmation\2. projet - site trading\Trading_app_version4\backend\apps\trading\services\sync\trade_sync_service.py", line 204, in _sync_single_trade
    ).first()
      ~~~~~^^
  File "C:\Users\yannb\Documents\1. Programmation\2. projet - site trading\Trading_app_version4\venv\Lib\site-packages\django\db\models\query.py", line 1145, in first
    for obj in queryset[:1]:
               ~~~~~~~~^^^^
  File "C:\Users\yannb\Documents\1. Programmation\2. projet - site trading\Trading_app_version4\venv\Lib\site-packages\django\db\models\query.py", line 390, in __iter__
    self._fetch_all()
    ~~~~~~~~~~~~~~~^^
  File "C:\Users\yannb\Documents\1. Programmation\2. projet - site trading\Trading_app_version4\venv\Lib\site-packages\django\db\models\query.py", line 2000, in _fetch_all
    self._result_cache = list(self._iterable_class(self))
                         ~~~~^^^^^^^^^^^^^^^^^^^^^^^^^^^^
  File "C:\Users\yannb\Documents\1. Programmation\2. projet - site trading\Trading_app_version4\venv\Lib\site-packages\django\db\models\query.py", line 95, in __iter__
    results = compiler.execute_sql(
        chunked_fetch=self.chunked_fetch, chunk_size=self.chunk_size
    )
  File "C:\Users\yannb\Documents\1. Programmation\2. projet - site trading\Trading_app_version4\venv\Lib\site-packages\django\db\models\sql\compiler.py", line 1624, in execute_sql
    cursor.execute(sql, params)
    ~~~~~~~~~~~~~~^^^^^^^^^^^^^
  File "C:\Users\yannb\Documents\1. Programmation\2. projet - site trading\Trading_app_version4\venv\Lib\site-packages\django\db\backends\utils.py", line 122, in execute
    return super().execute(sql, params)
           ~~~~~~~~~~~~~~~^^^^^^^^^^^^^
  File "C:\Users\yannb\Documents\1. Programmation\2. projet - site trading\Trading_app_version4\venv\Lib\site-packages\django\db\backends\utils.py", line 79, in execute
    return self._execute_with_wrappers(
           ~~~~~~~~~~~~~~~~~~~~~~~~~~~^
        sql, params, many=False, executor=self._execute
        ^^^^^^^^^^^^^^^^^^^^^^^^^^^^^^^^^^^^^^^^^^^^^^^
    )
    ^
  File "C:\Users\yannb\Documents\1. Programmation\2. projet - site trading\Trading_app_version4\venv\Lib\site-packages\django\db\backends\utils.py", line 92, in _execute_with_wrappers
    return executor(sql, params, many, context)
  File "C:\Users\yannb\Documents\1. Programmation\2. projet - site trading\Trading_app_version4\venv\Lib\site-packages\django\db\backends\utils.py", line 99, in _execute
    self.db.validate_no_broken_transaction()
    ~~~~~~~~~~~~~~~~~~~~~~~~~~~~~~~~~~~~~~^^
  File "C:\Users\yannb\Documents\1. Programmation\2. projet - site trading\Trading_app_version4\venv\Lib\site-packages\django\db\backends\base\base.py", line 521, in validate_no_broken_transaction
    raise TransactionManagementError(
    ...<2 lines>...
    ) from self.rollback_exc
django.db.transaction.TransactionManagementError: An error occurred in the current transaction. You can't execute queries until the end of the 'atomic' block.
[ERROR   ] 2026-01-02 14:03:30 | trading.sync.TradeSyncService  | _log_error:94 | ❌ Failed to sync trade 6452969284_5336775444: An error occurred in the current transaction. You can't execute queries until the end of the 'atomic' block.
Traceback (most recent call last):
  File "C:\Users\yannb\Documents\1. Programmation\2. projet - site trading\Trading_app_version4\venv\Lib\site-packages\django\db\backends\utils.py", line 105, in _execute
    return self.cursor.execute(sql, params)
           ~~~~~~~~~~~~~~~~~~~^^^^^^^^^^^^^
psycopg2.errors.UniqueViolation: duplicate key value violates unique constraint "trading_allassets_symbol_platform_3833b47a_uniq"
DETAIL:  Key (symbol, platform)=(AAPL:xnas, SAXO) already exists.


The above exception was the direct cause of the following exception:

Traceback (most recent call last):
  File "C:\Users\yannb\Documents\1. Programmation\2. projet - site trading\Trading_app_version4\backend\apps\trading\services\sync\trade_sync_service.py", line 381, in _get_or_create_all_asset
    all_asset = AllAssets.objects.create(
        symbol=broker_asset.symbol,  # Le vrai symbole, pas "UIC_xxxx"
    ...<10 lines>...
        saxo_country_code=raw_data.get('country_code', ''),
    )
  File "C:\Users\yannb\Documents\1. Programmation\2. projet - site trading\Trading_app_version4\venv\Lib\site-packages\django\db\models\manager.py", line 87, in manager_method
    return getattr(self.get_queryset(), name)(*args, **kwargs)
           ~~~~~~~~~~~~~~~~~~~~~~~~~~~~~~~~~~^^^^^^^^^^^^^^^^^
  File "C:\Users\yannb\Documents\1. Programmation\2. projet - site trading\Trading_app_version4\venv\Lib\site-packages\django\db\models\query.py", line 669, in create
    obj.save(force_insert=True, using=self.db)
    ~~~~~~~~^^^^^^^^^^^^^^^^^^^^^^^^^^^^^^^^^^
  File "C:\Users\yannb\Documents\1. Programmation\2. projet - site trading\Trading_app_version4\venv\Lib\site-packages\django\db\models\base.py", line 874, in save
    self.save_base(
    ~~~~~~~~~~~~~~^
        using=using,
        ^^^^^^^^^^^^
    ...<2 lines>...
        update_fields=update_fields,
        ^^^^^^^^^^^^^^^^^^^^^^^^^^^^
    )
    ^
  File "C:\Users\yannb\Documents\1. Programmation\2. projet - site trading\Trading_app_version4\venv\Lib\site-packages\django\db\models\base.py", line 966, in save_base
    updated = self._save_table(
        raw,
    ...<4 lines>...
        update_fields,
    )
  File "C:\Users\yannb\Documents\1. Programmation\2. projet - site trading\Trading_app_version4\venv\Lib\site-packages\django\db\models\base.py", line 1167, in _save_table
    results = self._do_insert(
        cls._base_manager, using, insert_fields, returning_fields, raw
    )
  File "C:\Users\yannb\Documents\1. Programmation\2. projet - site trading\Trading_app_version4\venv\Lib\site-packages\django\db\models\base.py", line 1218, in _do_insert
    return manager._insert(
           ~~~~~~~~~~~~~~~^
        [self],
        ^^^^^^^
    ...<3 lines>...
        raw=raw,
        ^^^^^^^^
    )
    ^
  File "C:\Users\yannb\Documents\1. Programmation\2. projet - site trading\Trading_app_version4\venv\Lib\site-packages\django\db\models\manager.py", line 87, in manager_method
    return getattr(self.get_queryset(), name)(*args, **kwargs)
           ~~~~~~~~~~~~~~~~~~~~~~~~~~~~~~~~~~^^^^^^^^^^^^^^^^^
  File "C:\Users\yannb\Documents\1. Programmation\2. projet - site trading\Trading_app_version4\venv\Lib\site-packages\django\db\models\query.py", line 1918, in _insert
    return query.get_compiler(using=using).execute_sql(returning_fields)
           ~~~~~~~~~~~~~~~~~~~~~~~~~~~~~~~~~~~~~~~~~~~^^^^^^^^^^^^^^^^^^
  File "C:\Users\yannb\Documents\1. Programmation\2. projet - site trading\Trading_app_version4\venv\Lib\site-packages\django\db\models\sql\compiler.py", line 1925, in execute_sql
    cursor.execute(sql, params)
    ~~~~~~~~~~~~~~^^^^^^^^^^^^^
  File "C:\Users\yannb\Documents\1. Programmation\2. projet - site trading\Trading_app_version4\venv\Lib\site-packages\django\db\backends\utils.py", line 122, in execute
    return super().execute(sql, params)
           ~~~~~~~~~~~~~~~^^^^^^^^^^^^^
  File "C:\Users\yannb\Documents\1. Programmation\2. projet - site trading\Trading_app_version4\venv\Lib\site-packages\django\db\backends\utils.py", line 79, in execute
    return self._execute_with_wrappers(
           ~~~~~~~~~~~~~~~~~~~~~~~~~~~^
        sql, params, many=False, executor=self._execute
        ^^^^^^^^^^^^^^^^^^^^^^^^^^^^^^^^^^^^^^^^^^^^^^^
    )
    ^
  File "C:\Users\yannb\Documents\1. Programmation\2. projet - site trading\Trading_app_version4\venv\Lib\site-packages\django\db\backends\utils.py", line 92, in _execute_with_wrappers
    return executor(sql, params, many, context)
  File "C:\Users\yannb\Documents\1. Programmation\2. projet - site trading\Trading_app_version4\venv\Lib\site-packages\django\db\backends\utils.py", line 100, in _execute
    with self.db.wrap_database_errors:
         ^^^^^^^^^^^^^^^^^^^^^^^^^^^^
  File "C:\Users\yannb\Documents\1. Programmation\2. projet - site trading\Trading_app_version4\venv\Lib\site-packages\django\db\utils.py", line 94, in __exit__
    raise dj_exc_value.with_traceback(traceback) from exc_value
  File "C:\Users\yannb\Documents\1. Programmation\2. projet - site trading\Trading_app_version4\venv\Lib\site-packages\django\db\backends\utils.py", line 105, in _execute
    return self.cursor.execute(sql, params)
           ~~~~~~~~~~~~~~~~~~~^^^^^^^^^^^^^
django.db.utils.IntegrityError: duplicate key value violates unique constraint "trading_allassets_symbol_platform_3833b47a_uniq"
DETAIL:  Key (symbol, platform)=(AAPL:xnas, SAXO) already exists.


The above exception was the direct cause of the following exception:

Traceback (most recent call last):
  File "C:\Users\yannb\Documents\1. Programmation\2. projet - site trading\Trading_app_version4\backend\apps\trading\services\sync\trade_sync_service.py", line 428, in _get_or_create_all_asset
    all_asset = AllAssets.objects.create(**create_kwargs)
  File "C:\Users\yannb\Documents\1. Programmation\2. projet - site trading\Trading_app_version4\venv\Lib\site-packages\django\db\models\manager.py", line 87, in manager_method
    return getattr(self.get_queryset(), name)(*args, **kwargs)
           ~~~~~~~~~~~~~~~~~~~~~~~~~~~~~~~~~~^^^^^^^^^^^^^^^^^
  File "C:\Users\yannb\Documents\1. Programmation\2. projet - site trading\Trading_app_version4\venv\Lib\site-packages\django\db\models\query.py", line 669, in create
    obj.save(force_insert=True, using=self.db)
    ~~~~~~~~^^^^^^^^^^^^^^^^^^^^^^^^^^^^^^^^^^
  File "C:\Users\yannb\Documents\1. Programmation\2. projet - site trading\Trading_app_version4\venv\Lib\site-packages\django\db\models\base.py", line 874, in save
    self.save_base(
    ~~~~~~~~~~~~~~^
        using=using,
        ^^^^^^^^^^^^
    ...<2 lines>...
        update_fields=update_fields,
        ^^^^^^^^^^^^^^^^^^^^^^^^^^^^
    )
    ^
  File "C:\Users\yannb\Documents\1. Programmation\2. projet - site trading\Trading_app_version4\venv\Lib\site-packages\django\db\models\base.py", line 966, in save_base
    updated = self._save_table(
        raw,
    ...<4 lines>...
        update_fields,
    )
  File "C:\Users\yannb\Documents\1. Programmation\2. projet - site trading\Trading_app_version4\venv\Lib\site-packages\django\db\models\base.py", line 1167, in _save_table
    results = self._do_insert(
        cls._base_manager, using, insert_fields, returning_fields, raw
    )
  File "C:\Users\yannb\Documents\1. Programmation\2. projet - site trading\Trading_app_version4\venv\Lib\site-packages\django\db\models\base.py", line 1218, in _do_insert
    return manager._insert(
           ~~~~~~~~~~~~~~~^
        [self],
        ^^^^^^^
    ...<3 lines>...
        raw=raw,
        ^^^^^^^^
    )
    ^
  File "C:\Users\yannb\Documents\1. Programmation\2. projet - site trading\Trading_app_version4\venv\Lib\site-packages\django\db\models\manager.py", line 87, in manager_method
    return getattr(self.get_queryset(), name)(*args, **kwargs)
           ~~~~~~~~~~~~~~~~~~~~~~~~~~~~~~~~~~^^^^^^^^^^^^^^^^^
  File "C:\Users\yannb\Documents\1. Programmation\2. projet - site trading\Trading_app_version4\venv\Lib\site-packages\django\db\models\query.py", line 1918, in _insert
    return query.get_compiler(using=using).execute_sql(returning_fields)
           ~~~~~~~~~~~~~~~~~~~~~~~~~~~~~~~~~~~~~~~~~~~^^^^^^^^^^^^^^^^^^
  File "C:\Users\yannb\Documents\1. Programmation\2. projet - site trading\Trading_app_version4\venv\Lib\site-packages\django\db\models\sql\compiler.py", line 1925, in execute_sql
    cursor.execute(sql, params)
    ~~~~~~~~~~~~~~^^^^^^^^^^^^^
  File "C:\Users\yannb\Documents\1. Programmation\2. projet - site trading\Trading_app_version4\venv\Lib\site-packages\django\db\backends\utils.py", line 122, in execute
    return super().execute(sql, params)
           ~~~~~~~~~~~~~~~^^^^^^^^^^^^^
  File "C:\Users\yannb\Documents\1. Programmation\2. projet - site trading\Trading_app_version4\venv\Lib\site-packages\django\db\backends\utils.py", line 79, in execute
    return self._execute_with_wrappers(
           ~~~~~~~~~~~~~~~~~~~~~~~~~~~^
        sql, params, many=False, executor=self._execute
        ^^^^^^^^^^^^^^^^^^^^^^^^^^^^^^^^^^^^^^^^^^^^^^^
    )
    ^
  File "C:\Users\yannb\Documents\1. Programmation\2. projet - site trading\Trading_app_version4\venv\Lib\site-packages\django\db\backends\utils.py", line 92, in _execute_with_wrappers
    return executor(sql, params, many, context)
  File "C:\Users\yannb\Documents\1. Programmation\2. projet - site trading\Trading_app_version4\venv\Lib\site-packages\django\db\backends\utils.py", line 99, in _execute
    self.db.validate_no_broken_transaction()
    ~~~~~~~~~~~~~~~~~~~~~~~~~~~~~~~~~~~~~~^^
  File "C:\Users\yannb\Documents\1. Programmation\2. projet - site trading\Trading_app_version4\venv\Lib\site-packages\django\db\backends\base\base.py", line 521, in validate_no_broken_transaction
    raise TransactionManagementError(
    ...<2 lines>...
    ) from self.rollback_exc
django.db.transaction.TransactionManagementError: An error occurred in the current transaction. You can't execute queries until the end of the 'atomic' block.

The above exception was the direct cause of the following exception:

Traceback (most recent call last):
  File "C:\Users\yannb\Documents\1. Programmation\2. projet - site trading\Trading_app_version4\backend\apps\trading\services\sync\trade_sync_service.py", line 157, in _sync_trades
    result = self._sync_single_trade(
        broker_account=broker_account,
        broker_trade=broker_trade,
    )
  File "C:\Users\yannb\Documents\1. Programmation\2. projet - site trading\Trading_app_version4\backend\apps\trading\services\sync\trade_sync_service.py", line 204, in _sync_single_trade
    ).first()
      ~~~~~^^
  File "C:\Users\yannb\Documents\1. Programmation\2. projet - site trading\Trading_app_version4\venv\Lib\site-packages\django\db\models\query.py", line 1145, in first
    for obj in queryset[:1]:
               ~~~~~~~~^^^^
  File "C:\Users\yannb\Documents\1. Programmation\2. projet - site trading\Trading_app_version4\venv\Lib\site-packages\django\db\models\query.py", line 390, in __iter__
    self._fetch_all()
    ~~~~~~~~~~~~~~~^^
  File "C:\Users\yannb\Documents\1. Programmation\2. projet - site trading\Trading_app_version4\venv\Lib\site-packages\django\db\models\query.py", line 2000, in _fetch_all
    self._result_cache = list(self._iterable_class(self))
                         ~~~~^^^^^^^^^^^^^^^^^^^^^^^^^^^^
  File "C:\Users\yannb\Documents\1. Programmation\2. projet - site trading\Trading_app_version4\venv\Lib\site-packages\django\db\models\query.py", line 95, in __iter__
    results = compiler.execute_sql(
        chunked_fetch=self.chunked_fetch, chunk_size=self.chunk_size
    )
  File "C:\Users\yannb\Documents\1. Programmation\2. projet - site trading\Trading_app_version4\venv\Lib\site-packages\django\db\models\sql\compiler.py", line 1624, in execute_sql
    cursor.execute(sql, params)
    ~~~~~~~~~~~~~~^^^^^^^^^^^^^
  File "C:\Users\yannb\Documents\1. Programmation\2. projet - site trading\Trading_app_version4\venv\Lib\site-packages\django\db\backends\utils.py", line 122, in execute
    return super().execute(sql, params)
           ~~~~~~~~~~~~~~~^^^^^^^^^^^^^
  File "C:\Users\yannb\Documents\1. Programmation\2. projet - site trading\Trading_app_version4\venv\Lib\site-packages\django\db\backends\utils.py", line 79, in execute
    return self._execute_with_wrappers(
           ~~~~~~~~~~~~~~~~~~~~~~~~~~~^
        sql, params, many=False, executor=self._execute
        ^^^^^^^^^^^^^^^^^^^^^^^^^^^^^^^^^^^^^^^^^^^^^^^
    )
    ^
  File "C:\Users\yannb\Documents\1. Programmation\2. projet - site trading\Trading_app_version4\venv\Lib\site-packages\django\db\backends\utils.py", line 92, in _execute_with_wrappers
    return executor(sql, params, many, context)
  File "C:\Users\yannb\Documents\1. Programmation\2. projet - site trading\Trading_app_version4\venv\Lib\site-packages\django\db\backends\utils.py", line 99, in _execute
    self.db.validate_no_broken_transaction()
    ~~~~~~~~~~~~~~~~~~~~~~~~~~~~~~~~~~~~~~^^
  File "C:\Users\yannb\Documents\1. Programmation\2. projet - site trading\Trading_app_version4\venv\Lib\site-packages\django\db\backends\base\base.py", line 521, in validate_no_broken_transaction
    raise TransactionManagementError(
    ...<2 lines>...
    ) from self.rollback_exc
django.db.transaction.TransactionManagementError: An error occurred in the current transaction. You can't execute queries until the end of the 'atomic' block.
[ERROR   ] 2026-01-02 14:03:30 | trading.sync.TradeSyncService  | _log_error:94 | ❌ Failed to sync trade 6442596974_5333880900: An error occurred in the current transaction. You can't execute queries until the end of the 'atomic' block.
Traceback (most recent call last):
  File "C:\Users\yannb\Documents\1. Programmation\2. projet - site trading\Trading_app_version4\venv\Lib\site-packages\django\db\backends\utils.py", line 105, in _execute
    return self.cursor.execute(sql, params)
           ~~~~~~~~~~~~~~~~~~~^^^^^^^^^^^^^
psycopg2.errors.UniqueViolation: duplicate key value violates unique constraint "trading_allassets_symbol_platform_3833b47a_uniq"
DETAIL:  Key (symbol, platform)=(AAPL:xnas, SAXO) already exists.


The above exception was the direct cause of the following exception:

Traceback (most recent call last):
  File "C:\Users\yannb\Documents\1. Programmation\2. projet - site trading\Trading_app_version4\backend\apps\trading\services\sync\trade_sync_service.py", line 381, in _get_or_create_all_asset
    all_asset = AllAssets.objects.create(
        symbol=broker_asset.symbol,  # Le vrai symbole, pas "UIC_xxxx"
    ...<10 lines>...
        saxo_country_code=raw_data.get('country_code', ''),
    )
  File "C:\Users\yannb\Documents\1. Programmation\2. projet - site trading\Trading_app_version4\venv\Lib\site-packages\django\db\models\manager.py", line 87, in manager_method
    return getattr(self.get_queryset(), name)(*args, **kwargs)
           ~~~~~~~~~~~~~~~~~~~~~~~~~~~~~~~~~~^^^^^^^^^^^^^^^^^
  File "C:\Users\yannb\Documents\1. Programmation\2. projet - site trading\Trading_app_version4\venv\Lib\site-packages\django\db\models\query.py", line 669, in create
    obj.save(force_insert=True, using=self.db)
    ~~~~~~~~^^^^^^^^^^^^^^^^^^^^^^^^^^^^^^^^^^
  File "C:\Users\yannb\Documents\1. Programmation\2. projet - site trading\Trading_app_version4\venv\Lib\site-packages\django\db\models\base.py", line 874, in save
    self.save_base(
    ~~~~~~~~~~~~~~^
        using=using,
        ^^^^^^^^^^^^
    ...<2 lines>...
        update_fields=update_fields,
        ^^^^^^^^^^^^^^^^^^^^^^^^^^^^
    )
    ^
  File "C:\Users\yannb\Documents\1. Programmation\2. projet - site trading\Trading_app_version4\venv\Lib\site-packages\django\db\models\base.py", line 966, in save_base
    updated = self._save_table(
        raw,
    ...<4 lines>...
        update_fields,
    )
  File "C:\Users\yannb\Documents\1. Programmation\2. projet - site trading\Trading_app_version4\venv\Lib\site-packages\django\db\models\base.py", line 1167, in _save_table
    results = self._do_insert(
        cls._base_manager, using, insert_fields, returning_fields, raw
    )
  File "C:\Users\yannb\Documents\1. Programmation\2. projet - site trading\Trading_app_version4\venv\Lib\site-packages\django\db\models\base.py", line 1218, in _do_insert
    return manager._insert(
           ~~~~~~~~~~~~~~~^
        [self],
        ^^^^^^^
    ...<3 lines>...
        raw=raw,
        ^^^^^^^^
    )
    ^
  File "C:\Users\yannb\Documents\1. Programmation\2. projet - site trading\Trading_app_version4\venv\Lib\site-packages\django\db\models\manager.py", line 87, in manager_method
    return getattr(self.get_queryset(), name)(*args, **kwargs)
           ~~~~~~~~~~~~~~~~~~~~~~~~~~~~~~~~~~^^^^^^^^^^^^^^^^^
  File "C:\Users\yannb\Documents\1. Programmation\2. projet - site trading\Trading_app_version4\venv\Lib\site-packages\django\db\models\query.py", line 1918, in _insert
    return query.get_compiler(using=using).execute_sql(returning_fields)
           ~~~~~~~~~~~~~~~~~~~~~~~~~~~~~~~~~~~~~~~~~~~^^^^^^^^^^^^^^^^^^
  File "C:\Users\yannb\Documents\1. Programmation\2. projet - site trading\Trading_app_version4\venv\Lib\site-packages\django\db\models\sql\compiler.py", line 1925, in execute_sql
    cursor.execute(sql, params)
    ~~~~~~~~~~~~~~^^^^^^^^^^^^^
  File "C:\Users\yannb\Documents\1. Programmation\2. projet - site trading\Trading_app_version4\venv\Lib\site-packages\django\db\backends\utils.py", line 122, in execute
    return super().execute(sql, params)
           ~~~~~~~~~~~~~~~^^^^^^^^^^^^^
  File "C:\Users\yannb\Documents\1. Programmation\2. projet - site trading\Trading_app_version4\venv\Lib\site-packages\django\db\backends\utils.py", line 79, in execute
    return self._execute_with_wrappers(
           ~~~~~~~~~~~~~~~~~~~~~~~~~~~^
        sql, params, many=False, executor=self._execute
        ^^^^^^^^^^^^^^^^^^^^^^^^^^^^^^^^^^^^^^^^^^^^^^^
    )
    ^
  File "C:\Users\yannb\Documents\1. Programmation\2. projet - site trading\Trading_app_version4\venv\Lib\site-packages\django\db\backends\utils.py", line 92, in _execute_with_wrappers
    return executor(sql, params, many, context)
  File "C:\Users\yannb\Documents\1. Programmation\2. projet - site trading\Trading_app_version4\venv\Lib\site-packages\django\db\backends\utils.py", line 100, in _execute
    with self.db.wrap_database_errors:
         ^^^^^^^^^^^^^^^^^^^^^^^^^^^^
  File "C:\Users\yannb\Documents\1. Programmation\2. projet - site trading\Trading_app_version4\venv\Lib\site-packages\django\db\utils.py", line 94, in __exit__
    raise dj_exc_value.with_traceback(traceback) from exc_value
  File "C:\Users\yannb\Documents\1. Programmation\2. projet - site trading\Trading_app_version4\venv\Lib\site-packages\django\db\backends\utils.py", line 105, in _execute
    return self.cursor.execute(sql, params)
           ~~~~~~~~~~~~~~~~~~~^^^^^^^^^^^^^
django.db.utils.IntegrityError: duplicate key value violates unique constraint "trading_allassets_symbol_platform_3833b47a_uniq"
DETAIL:  Key (symbol, platform)=(AAPL:xnas, SAXO) already exists.


The above exception was the direct cause of the following exception:

Traceback (most recent call last):
  File "C:\Users\yannb\Documents\1. Programmation\2. projet - site trading\Trading_app_version4\backend\apps\trading\services\sync\trade_sync_service.py", line 428, in _get_or_create_all_asset
    all_asset = AllAssets.objects.create(**create_kwargs)
  File "C:\Users\yannb\Documents\1. Programmation\2. projet - site trading\Trading_app_version4\venv\Lib\site-packages\django\db\models\manager.py", line 87, in manager_method
    return getattr(self.get_queryset(), name)(*args, **kwargs)
           ~~~~~~~~~~~~~~~~~~~~~~~~~~~~~~~~~~^^^^^^^^^^^^^^^^^
  File "C:\Users\yannb\Documents\1. Programmation\2. projet - site trading\Trading_app_version4\venv\Lib\site-packages\django\db\models\query.py", line 669, in create
    obj.save(force_insert=True, using=self.db)
    ~~~~~~~~^^^^^^^^^^^^^^^^^^^^^^^^^^^^^^^^^^
  File "C:\Users\yannb\Documents\1. Programmation\2. projet - site trading\Trading_app_version4\venv\Lib\site-packages\django\db\models\base.py", line 874, in save
    self.save_base(
    ~~~~~~~~~~~~~~^
        using=using,
        ^^^^^^^^^^^^
    ...<2 lines>...
        update_fields=update_fields,
        ^^^^^^^^^^^^^^^^^^^^^^^^^^^^
    )
    ^
  File "C:\Users\yannb\Documents\1. Programmation\2. projet - site trading\Trading_app_version4\venv\Lib\site-packages\django\db\models\base.py", line 966, in save_base
    updated = self._save_table(
        raw,
    ...<4 lines>...
        update_fields,
    )
  File "C:\Users\yannb\Documents\1. Programmation\2. projet - site trading\Trading_app_version4\venv\Lib\site-packages\django\db\models\base.py", line 1167, in _save_table
    results = self._do_insert(
        cls._base_manager, using, insert_fields, returning_fields, raw
    )
  File "C:\Users\yannb\Documents\1. Programmation\2. projet - site trading\Trading_app_version4\venv\Lib\site-packages\django\db\models\base.py", line 1218, in _do_insert
    return manager._insert(
           ~~~~~~~~~~~~~~~^
        [self],
        ^^^^^^^
    ...<3 lines>...
        raw=raw,
        ^^^^^^^^
    )
    ^
  File "C:\Users\yannb\Documents\1. Programmation\2. projet - site trading\Trading_app_version4\venv\Lib\site-packages\django\db\models\manager.py", line 87, in manager_method
    return getattr(self.get_queryset(), name)(*args, **kwargs)
           ~~~~~~~~~~~~~~~~~~~~~~~~~~~~~~~~~~^^^^^^^^^^^^^^^^^
  File "C:\Users\yannb\Documents\1. Programmation\2. projet - site trading\Trading_app_version4\venv\Lib\site-packages\django\db\models\query.py", line 1918, in _insert
    return query.get_compiler(using=using).execute_sql(returning_fields)
           ~~~~~~~~~~~~~~~~~~~~~~~~~~~~~~~~~~~~~~~~~~~^^^^^^^^^^^^^^^^^^
  File "C:\Users\yannb\Documents\1. Programmation\2. projet - site trading\Trading_app_version4\venv\Lib\site-packages\django\db\models\sql\compiler.py", line 1925, in execute_sql
    cursor.execute(sql, params)
    ~~~~~~~~~~~~~~^^^^^^^^^^^^^
  File "C:\Users\yannb\Documents\1. Programmation\2. projet - site trading\Trading_app_version4\venv\Lib\site-packages\django\db\backends\utils.py", line 122, in execute
    return super().execute(sql, params)
           ~~~~~~~~~~~~~~~^^^^^^^^^^^^^
  File "C:\Users\yannb\Documents\1. Programmation\2. projet - site trading\Trading_app_version4\venv\Lib\site-packages\django\db\backends\utils.py", line 79, in execute
    return self._execute_with_wrappers(
           ~~~~~~~~~~~~~~~~~~~~~~~~~~~^
        sql, params, many=False, executor=self._execute
        ^^^^^^^^^^^^^^^^^^^^^^^^^^^^^^^^^^^^^^^^^^^^^^^
    )
    ^
  File "C:\Users\yannb\Documents\1. Programmation\2. projet - site trading\Trading_app_version4\venv\Lib\site-packages\django\db\backends\utils.py", line 92, in _execute_with_wrappers
    return executor(sql, params, many, context)
  File "C:\Users\yannb\Documents\1. Programmation\2. projet - site trading\Trading_app_version4\venv\Lib\site-packages\django\db\backends\utils.py", line 99, in _execute
    self.db.validate_no_broken_transaction()
    ~~~~~~~~~~~~~~~~~~~~~~~~~~~~~~~~~~~~~~^^
  File "C:\Users\yannb\Documents\1. Programmation\2. projet - site trading\Trading_app_version4\venv\Lib\site-packages\django\db\backends\base\base.py", line 521, in validate_no_broken_transaction
    raise TransactionManagementError(
    ...<2 lines>...
    ) from self.rollback_exc
django.db.transaction.TransactionManagementError: An error occurred in the current transaction. You can't execute queries until the end of the 'atomic' block.

The above exception was the direct cause of the following exception:

Traceback (most recent call last):
  File "C:\Users\yannb\Documents\1. Programmation\2. projet - site trading\Trading_app_version4\backend\apps\trading\services\sync\trade_sync_service.py", line 157, in _sync_trades
    result = self._sync_single_trade(
        broker_account=broker_account,
        broker_trade=broker_trade,
    )
  File "C:\Users\yannb\Documents\1. Programmation\2. projet - site trading\Trading_app_version4\backend\apps\trading\services\sync\trade_sync_service.py", line 204, in _sync_single_trade
    ).first()
      ~~~~~^^
  File "C:\Users\yannb\Documents\1. Programmation\2. projet - site trading\Trading_app_version4\venv\Lib\site-packages\django\db\models\query.py", line 1145, in first
    for obj in queryset[:1]:
               ~~~~~~~~^^^^
  File "C:\Users\yannb\Documents\1. Programmation\2. projet - site trading\Trading_app_version4\venv\Lib\site-packages\django\db\models\query.py", line 390, in __iter__
    self._fetch_all()
    ~~~~~~~~~~~~~~~^^
  File "C:\Users\yannb\Documents\1. Programmation\2. projet - site trading\Trading_app_version4\venv\Lib\site-packages\django\db\models\query.py", line 2000, in _fetch_all
    self._result_cache = list(self._iterable_class(self))
                         ~~~~^^^^^^^^^^^^^^^^^^^^^^^^^^^^
  File "C:\Users\yannb\Documents\1. Programmation\2. projet - site trading\Trading_app_version4\venv\Lib\site-packages\django\db\models\query.py", line 95, in __iter__
    results = compiler.execute_sql(
        chunked_fetch=self.chunked_fetch, chunk_size=self.chunk_size
    )
  File "C:\Users\yannb\Documents\1. Programmation\2. projet - site trading\Trading_app_version4\venv\Lib\site-packages\django\db\models\sql\compiler.py", line 1624, in execute_sql
    cursor.execute(sql, params)
    ~~~~~~~~~~~~~~^^^^^^^^^^^^^
  File "C:\Users\yannb\Documents\1. Programmation\2. projet - site trading\Trading_app_version4\venv\Lib\site-packages\django\db\backends\utils.py", line 122, in execute
    return super().execute(sql, params)
           ~~~~~~~~~~~~~~~^^^^^^^^^^^^^
  File "C:\Users\yannb\Documents\1. Programmation\2. projet - site trading\Trading_app_version4\venv\Lib\site-packages\django\db\backends\utils.py", line 79, in execute
    return self._execute_with_wrappers(
           ~~~~~~~~~~~~~~~~~~~~~~~~~~~^
        sql, params, many=False, executor=self._execute
        ^^^^^^^^^^^^^^^^^^^^^^^^^^^^^^^^^^^^^^^^^^^^^^^
    )
    ^
  File "C:\Users\yannb\Documents\1. Programmation\2. projet - site trading\Trading_app_version4\venv\Lib\site-packages\django\db\backends\utils.py", line 92, in _execute_with_wrappers
    return executor(sql, params, many, context)
  File "C:\Users\yannb\Documents\1. Programmation\2. projet - site trading\Trading_app_version4\venv\Lib\site-packages\django\db\backends\utils.py", line 99, in _execute
    self.db.validate_no_broken_transaction()
    ~~~~~~~~~~~~~~~~~~~~~~~~~~~~~~~~~~~~~~^^
  File "C:\Users\yannb\Documents\1. Programmation\2. projet - site trading\Trading_app_version4\venv\Lib\site-packages\django\db\backends\base\base.py", line 521, in validate_no_broken_transaction
    raise TransactionManagementError(
    ...<2 lines>...
    ) from self.rollback_exc
django.db.transaction.TransactionManagementError: An error occurred in the current transaction. You can't execute queries until the end of the 'atomic' block.
[ERROR   ] 2026-01-02 14:03:30 | trading.sync.TradeSyncService  | _log_error:94 | ❌ Failed to sync trade 6436034088_5332113701: An error occurred in the current transaction. You can't execute queries until the end of the 'atomic' block.
Traceback (most recent call last):
  File "C:\Users\yannb\Documents\1. Programmation\2. projet - site trading\Trading_app_version4\venv\Lib\site-packages\django\db\backends\utils.py", line 105, in _execute
    return self.cursor.execute(sql, params)
           ~~~~~~~~~~~~~~~~~~~^^^^^^^^^^^^^
psycopg2.errors.UniqueViolation: duplicate key value violates unique constraint "trading_allassets_symbol_platform_3833b47a_uniq"
DETAIL:  Key (symbol, platform)=(AAPL:xnas, SAXO) already exists.


The above exception was the direct cause of the following exception:

Traceback (most recent call last):
  File "C:\Users\yannb\Documents\1. Programmation\2. projet - site trading\Trading_app_version4\backend\apps\trading\services\sync\trade_sync_service.py", line 381, in _get_or_create_all_asset
    all_asset = AllAssets.objects.create(
        symbol=broker_asset.symbol,  # Le vrai symbole, pas "UIC_xxxx"
    ...<10 lines>...
        saxo_country_code=raw_data.get('country_code', ''),
    )
  File "C:\Users\yannb\Documents\1. Programmation\2. projet - site trading\Trading_app_version4\venv\Lib\site-packages\django\db\models\manager.py", line 87, in manager_method
    return getattr(self.get_queryset(), name)(*args, **kwargs)
           ~~~~~~~~~~~~~~~~~~~~~~~~~~~~~~~~~~^^^^^^^^^^^^^^^^^
  File "C:\Users\yannb\Documents\1. Programmation\2. projet - site trading\Trading_app_version4\venv\Lib\site-packages\django\db\models\query.py", line 669, in create
    obj.save(force_insert=True, using=self.db)
    ~~~~~~~~^^^^^^^^^^^^^^^^^^^^^^^^^^^^^^^^^^
  File "C:\Users\yannb\Documents\1. Programmation\2. projet - site trading\Trading_app_version4\venv\Lib\site-packages\django\db\models\base.py", line 874, in save
    self.save_base(
    ~~~~~~~~~~~~~~^
        using=using,
        ^^^^^^^^^^^^
    ...<2 lines>...
        update_fields=update_fields,
        ^^^^^^^^^^^^^^^^^^^^^^^^^^^^
    )
    ^
  File "C:\Users\yannb\Documents\1. Programmation\2. projet - site trading\Trading_app_version4\venv\Lib\site-packages\django\db\models\base.py", line 966, in save_base
    updated = self._save_table(
        raw,
    ...<4 lines>...
        update_fields,
    )
  File "C:\Users\yannb\Documents\1. Programmation\2. projet - site trading\Trading_app_version4\venv\Lib\site-packages\django\db\models\base.py", line 1167, in _save_table
    results = self._do_insert(
        cls._base_manager, using, insert_fields, returning_fields, raw
    )
  File "C:\Users\yannb\Documents\1. Programmation\2. projet - site trading\Trading_app_version4\venv\Lib\site-packages\django\db\models\base.py", line 1218, in _do_insert
    return manager._insert(
           ~~~~~~~~~~~~~~~^
        [self],
        ^^^^^^^
    ...<3 lines>...
        raw=raw,
        ^^^^^^^^
    )
    ^
  File "C:\Users\yannb\Documents\1. Programmation\2. projet - site trading\Trading_app_version4\venv\Lib\site-packages\django\db\models\manager.py", line 87, in manager_method
    return getattr(self.get_queryset(), name)(*args, **kwargs)
           ~~~~~~~~~~~~~~~~~~~~~~~~~~~~~~~~~~^^^^^^^^^^^^^^^^^
  File "C:\Users\yannb\Documents\1. Programmation\2. projet - site trading\Trading_app_version4\venv\Lib\site-packages\django\db\models\query.py", line 1918, in _insert
    return query.get_compiler(using=using).execute_sql(returning_fields)
           ~~~~~~~~~~~~~~~~~~~~~~~~~~~~~~~~~~~~~~~~~~~^^^^^^^^^^^^^^^^^^
  File "C:\Users\yannb\Documents\1. Programmation\2. projet - site trading\Trading_app_version4\venv\Lib\site-packages\django\db\models\sql\compiler.py", line 1925, in execute_sql
    cursor.execute(sql, params)
    ~~~~~~~~~~~~~~^^^^^^^^^^^^^
  File "C:\Users\yannb\Documents\1. Programmation\2. projet - site trading\Trading_app_version4\venv\Lib\site-packages\django\db\backends\utils.py", line 122, in execute
    return super().execute(sql, params)
           ~~~~~~~~~~~~~~~^^^^^^^^^^^^^
  File "C:\Users\yannb\Documents\1. Programmation\2. projet - site trading\Trading_app_version4\venv\Lib\site-packages\django\db\backends\utils.py", line 79, in execute
    return self._execute_with_wrappers(
           ~~~~~~~~~~~~~~~~~~~~~~~~~~~^
        sql, params, many=False, executor=self._execute
        ^^^^^^^^^^^^^^^^^^^^^^^^^^^^^^^^^^^^^^^^^^^^^^^
    )
    ^
  File "C:\Users\yannb\Documents\1. Programmation\2. projet - site trading\Trading_app_version4\venv\Lib\site-packages\django\db\backends\utils.py", line 92, in _execute_with_wrappers
    return executor(sql, params, many, context)
  File "C:\Users\yannb\Documents\1. Programmation\2. projet - site trading\Trading_app_version4\venv\Lib\site-packages\django\db\backends\utils.py", line 100, in _execute
    with self.db.wrap_database_errors:
         ^^^^^^^^^^^^^^^^^^^^^^^^^^^^
  File "C:\Users\yannb\Documents\1. Programmation\2. projet - site trading\Trading_app_version4\venv\Lib\site-packages\django\db\utils.py", line 94, in __exit__
    raise dj_exc_value.with_traceback(traceback) from exc_value
  File "C:\Users\yannb\Documents\1. Programmation\2. projet - site trading\Trading_app_version4\venv\Lib\site-packages\django\db\backends\utils.py", line 105, in _execute
    return self.cursor.execute(sql, params)
           ~~~~~~~~~~~~~~~~~~~^^^^^^^^^^^^^
django.db.utils.IntegrityError: duplicate key value violates unique constraint "trading_allassets_symbol_platform_3833b47a_uniq"
DETAIL:  Key (symbol, platform)=(AAPL:xnas, SAXO) already exists.


The above exception was the direct cause of the following exception:

Traceback (most recent call last):
  File "C:\Users\yannb\Documents\1. Programmation\2. projet - site trading\Trading_app_version4\backend\apps\trading\services\sync\trade_sync_service.py", line 428, in _get_or_create_all_asset
    all_asset = AllAssets.objects.create(**create_kwargs)
  File "C:\Users\yannb\Documents\1. Programmation\2. projet - site trading\Trading_app_version4\venv\Lib\site-packages\django\db\models\manager.py", line 87, in manager_method
    return getattr(self.get_queryset(), name)(*args, **kwargs)
           ~~~~~~~~~~~~~~~~~~~~~~~~~~~~~~~~~~^^^^^^^^^^^^^^^^^
  File "C:\Users\yannb\Documents\1. Programmation\2. projet - site trading\Trading_app_version4\venv\Lib\site-packages\django\db\models\query.py", line 669, in create
    obj.save(force_insert=True, using=self.db)
    ~~~~~~~~^^^^^^^^^^^^^^^^^^^^^^^^^^^^^^^^^^
  File "C:\Users\yannb\Documents\1. Programmation\2. projet - site trading\Trading_app_version4\venv\Lib\site-packages\django\db\models\base.py", line 874, in save
    self.save_base(
    ~~~~~~~~~~~~~~^
        using=using,
        ^^^^^^^^^^^^
    ...<2 lines>...
        update_fields=update_fields,
        ^^^^^^^^^^^^^^^^^^^^^^^^^^^^
    )
    ^
  File "C:\Users\yannb\Documents\1. Programmation\2. projet - site trading\Trading_app_version4\venv\Lib\site-packages\django\db\models\base.py", line 966, in save_base
    updated = self._save_table(
        raw,
    ...<4 lines>...
        update_fields,
    )
  File "C:\Users\yannb\Documents\1. Programmation\2. projet - site trading\Trading_app_version4\venv\Lib\site-packages\django\db\models\base.py", line 1167, in _save_table
    results = self._do_insert(
        cls._base_manager, using, insert_fields, returning_fields, raw
    )
  File "C:\Users\yannb\Documents\1. Programmation\2. projet - site trading\Trading_app_version4\venv\Lib\site-packages\django\db\models\base.py", line 1218, in _do_insert
    return manager._insert(
           ~~~~~~~~~~~~~~~^
        [self],
        ^^^^^^^
    ...<3 lines>...
        raw=raw,
        ^^^^^^^^
    )
    ^
  File "C:\Users\yannb\Documents\1. Programmation\2. projet - site trading\Trading_app_version4\venv\Lib\site-packages\django\db\models\manager.py", line 87, in manager_method
    return getattr(self.get_queryset(), name)(*args, **kwargs)
           ~~~~~~~~~~~~~~~~~~~~~~~~~~~~~~~~~~^^^^^^^^^^^^^^^^^
  File "C:\Users\yannb\Documents\1. Programmation\2. projet - site trading\Trading_app_version4\venv\Lib\site-packages\django\db\models\query.py", line 1918, in _insert
    return query.get_compiler(using=using).execute_sql(returning_fields)
           ~~~~~~~~~~~~~~~~~~~~~~~~~~~~~~~~~~~~~~~~~~~^^^^^^^^^^^^^^^^^^
  File "C:\Users\yannb\Documents\1. Programmation\2. projet - site trading\Trading_app_version4\venv\Lib\site-packages\django\db\models\sql\compiler.py", line 1925, in execute_sql
    cursor.execute(sql, params)
    ~~~~~~~~~~~~~~^^^^^^^^^^^^^
  File "C:\Users\yannb\Documents\1. Programmation\2. projet - site trading\Trading_app_version4\venv\Lib\site-packages\django\db\backends\utils.py", line 122, in execute
    return super().execute(sql, params)
           ~~~~~~~~~~~~~~~^^^^^^^^^^^^^
  File "C:\Users\yannb\Documents\1. Programmation\2. projet - site trading\Trading_app_version4\venv\Lib\site-packages\django\db\backends\utils.py", line 79, in execute
    return self._execute_with_wrappers(
           ~~~~~~~~~~~~~~~~~~~~~~~~~~~^
        sql, params, many=False, executor=self._execute
        ^^^^^^^^^^^^^^^^^^^^^^^^^^^^^^^^^^^^^^^^^^^^^^^
    )
    ^
  File "C:\Users\yannb\Documents\1. Programmation\2. projet - site trading\Trading_app_version4\venv\Lib\site-packages\django\db\backends\utils.py", line 92, in _execute_with_wrappers
    return executor(sql, params, many, context)
  File "C:\Users\yannb\Documents\1. Programmation\2. projet - site trading\Trading_app_version4\venv\Lib\site-packages\django\db\backends\utils.py", line 99, in _execute
    self.db.validate_no_broken_transaction()
    ~~~~~~~~~~~~~~~~~~~~~~~~~~~~~~~~~~~~~~^^
  File "C:\Users\yannb\Documents\1. Programmation\2. projet - site trading\Trading_app_version4\venv\Lib\site-packages\django\db\backends\base\base.py", line 521, in validate_no_broken_transaction
    raise TransactionManagementError(
    ...<2 lines>...
    ) from self.rollback_exc
django.db.transaction.TransactionManagementError: An error occurred in the current transaction. You can't execute queries until the end of the 'atomic' block.

The above exception was the direct cause of the following exception:

Traceback (most recent call last):
  File "C:\Users\yannb\Documents\1. Programmation\2. projet - site trading\Trading_app_version4\backend\apps\trading\services\sync\trade_sync_service.py", line 157, in _sync_trades
    result = self._sync_single_trade(
        broker_account=broker_account,
        broker_trade=broker_trade,
    )
  File "C:\Users\yannb\Documents\1. Programmation\2. projet - site trading\Trading_app_version4\backend\apps\trading\services\sync\trade_sync_service.py", line 204, in _sync_single_trade
    ).first()
      ~~~~~^^
  File "C:\Users\yannb\Documents\1. Programmation\2. projet - site trading\Trading_app_version4\venv\Lib\site-packages\django\db\models\query.py", line 1145, in first
    for obj in queryset[:1]:
               ~~~~~~~~^^^^
  File "C:\Users\yannb\Documents\1. Programmation\2. projet - site trading\Trading_app_version4\venv\Lib\site-packages\django\db\models\query.py", line 390, in __iter__
    self._fetch_all()
    ~~~~~~~~~~~~~~~^^
  File "C:\Users\yannb\Documents\1. Programmation\2. projet - site trading\Trading_app_version4\venv\Lib\site-packages\django\db\models\query.py", line 2000, in _fetch_all
    self._result_cache = list(self._iterable_class(self))
                         ~~~~^^^^^^^^^^^^^^^^^^^^^^^^^^^^
  File "C:\Users\yannb\Documents\1. Programmation\2. projet - site trading\Trading_app_version4\venv\Lib\site-packages\django\db\models\query.py", line 95, in __iter__
    results = compiler.execute_sql(
        chunked_fetch=self.chunked_fetch, chunk_size=self.chunk_size
    )
  File "C:\Users\yannb\Documents\1. Programmation\2. projet - site trading\Trading_app_version4\venv\Lib\site-packages\django\db\models\sql\compiler.py", line 1624, in execute_sql
    cursor.execute(sql, params)
    ~~~~~~~~~~~~~~^^^^^^^^^^^^^
  File "C:\Users\yannb\Documents\1. Programmation\2. projet - site trading\Trading_app_version4\venv\Lib\site-packages\django\db\backends\utils.py", line 122, in execute
    return super().execute(sql, params)
           ~~~~~~~~~~~~~~~^^^^^^^^^^^^^
  File "C:\Users\yannb\Documents\1. Programmation\2. projet - site trading\Trading_app_version4\venv\Lib\site-packages\django\db\backends\utils.py", line 79, in execute
    return self._execute_with_wrappers(
           ~~~~~~~~~~~~~~~~~~~~~~~~~~~^
        sql, params, many=False, executor=self._execute
        ^^^^^^^^^^^^^^^^^^^^^^^^^^^^^^^^^^^^^^^^^^^^^^^
    )
    ^
  File "C:\Users\yannb\Documents\1. Programmation\2. projet - site trading\Trading_app_version4\venv\Lib\site-packages\django\db\backends\utils.py", line 92, in _execute_with_wrappers
    return executor(sql, params, many, context)
  File "C:\Users\yannb\Documents\1. Programmation\2. projet - site trading\Trading_app_version4\venv\Lib\site-packages\django\db\backends\utils.py", line 99, in _execute
    self.db.validate_no_broken_transaction()
    ~~~~~~~~~~~~~~~~~~~~~~~~~~~~~~~~~~~~~~^^
  File "C:\Users\yannb\Documents\1. Programmation\2. projet - site trading\Trading_app_version4\venv\Lib\site-packages\django\db\backends\base\base.py", line 521, in validate_no_broken_transaction
    raise TransactionManagementError(
    ...<2 lines>...
    ) from self.rollback_exc
django.db.transaction.TransactionManagementError: An error occurred in the current transaction. You can't execute queries until the end of the 'atomic' block.
[INFO    ] 2026-01-02 14:03:30 | trading.sync.TradeSyncService  | _log_complete:115 | 🏁 trades sync completed: 0 created, 0 updated, 8 errors (2.29s)
[WARNING ] 2026-01-02 14:20:16 | trading.services.sync.all_asset_prices | sync_from_yahoo_finance:186 | Skipping invalid price data for NUE:xnys on 2024-12-31: all prices are None/NaN
[INFO    ] 2026-01-02 14:20:16 | trading.services.sync.all_asset_prices | sync_from_yahoo_finance:216 | Synced 250 price records for NUE:xnys (Yahoo: NUE, Total days: 250)
[INFO    ] 2026-01-02 15:26:31 | trading.sync.TradeSyncService  | _log_start:77 | 🔄 Starting trade sync for Saxo Bank
[INFO    ] 2026-01-02 15:26:33 | trading.sync.TradeSyncService  | sync:87 | Retrieved 8 trades from SAXO
[WARNING ] 2026-01-02 15:26:34 | trading.sync.TradeSyncService  | _get_or_create_all_asset:401 | Failed to retrieve asset from API for UIC 211: duplicate key value violates unique constraint "trading_allassets_symbol_platform_3833b47a_uniq"
DETAIL:  Key (symbol, platform)=(AAPL:xnas, SAXO) already exists.
. Creating minimal AllAsset.
[WARNING ] 2026-01-02 15:26:34 | trading.sync.TradeSyncService  | _get_or_create_all_asset:408 | AllAsset not found for AAPL (SAXO). Creating minimal AllAsset. Consider running asset sync first.
[ERROR   ] 2026-01-02 15:26:34 | trading.sync.TradeSyncService  | _get_or_create_all_asset:432 | Failed to create AllAsset for AAPL (SAXO): An error occurred in the current transaction. You can't execute queries until the end of the 'atomic' block.
Traceback (most recent call last):
  File "C:\Users\yannb\Documents\1. Programmation\2. projet - site trading\Trading_app_version4\venv\Lib\site-packages\django\db\backends\utils.py", line 105, in _execute
    return self.cursor.execute(sql, params)
           ~~~~~~~~~~~~~~~~~~~^^^^^^^^^^^^^
psycopg2.errors.UniqueViolation: duplicate key value violates unique constraint "trading_allassets_symbol_platform_3833b47a_uniq"
DETAIL:  Key (symbol, platform)=(AAPL:xnas, SAXO) already exists.


The above exception was the direct cause of the following exception:

Traceback (most recent call last):
  File "C:\Users\yannb\Documents\1. Programmation\2. projet - site trading\Trading_app_version4\backend\apps\trading\services\sync\trade_sync_service.py", line 381, in _get_or_create_all_asset
    all_asset = AllAssets.objects.create(
        symbol=broker_asset.symbol,  # Le vrai symbole, pas "UIC_xxxx"
    ...<10 lines>...
        saxo_country_code=raw_data.get('country_code', ''),
    )
  File "C:\Users\yannb\Documents\1. Programmation\2. projet - site trading\Trading_app_version4\venv\Lib\site-packages\django\db\models\manager.py", line 87, in manager_method
    return getattr(self.get_queryset(), name)(*args, **kwargs)
           ~~~~~~~~~~~~~~~~~~~~~~~~~~~~~~~~~~^^^^^^^^^^^^^^^^^
  File "C:\Users\yannb\Documents\1. Programmation\2. projet - site trading\Trading_app_version4\venv\Lib\site-packages\django\db\models\query.py", line 669, in create
    obj.save(force_insert=True, using=self.db)
    ~~~~~~~~^^^^^^^^^^^^^^^^^^^^^^^^^^^^^^^^^^
  File "C:\Users\yannb\Documents\1. Programmation\2. projet - site trading\Trading_app_version4\venv\Lib\site-packages\django\db\models\base.py", line 874, in save
    self.save_base(
    ~~~~~~~~~~~~~~^
        using=using,
        ^^^^^^^^^^^^
    ...<2 lines>...
        update_fields=update_fields,
        ^^^^^^^^^^^^^^^^^^^^^^^^^^^^
    )
    ^
  File "C:\Users\yannb\Documents\1. Programmation\2. projet - site trading\Trading_app_version4\venv\Lib\site-packages\django\db\models\base.py", line 966, in save_base
    updated = self._save_table(
        raw,
    ...<4 lines>...
        update_fields,
    )
  File "C:\Users\yannb\Documents\1. Programmation\2. projet - site trading\Trading_app_version4\venv\Lib\site-packages\django\db\models\base.py", line 1167, in _save_table
    results = self._do_insert(
        cls._base_manager, using, insert_fields, returning_fields, raw
    )
  File "C:\Users\yannb\Documents\1. Programmation\2. projet - site trading\Trading_app_version4\venv\Lib\site-packages\django\db\models\base.py", line 1218, in _do_insert
    return manager._insert(
           ~~~~~~~~~~~~~~~^
        [self],
        ^^^^^^^
    ...<3 lines>...
        raw=raw,
        ^^^^^^^^
    )
    ^
  File "C:\Users\yannb\Documents\1. Programmation\2. projet - site trading\Trading_app_version4\venv\Lib\site-packages\django\db\models\manager.py", line 87, in manager_method
    return getattr(self.get_queryset(), name)(*args, **kwargs)
           ~~~~~~~~~~~~~~~~~~~~~~~~~~~~~~~~~~^^^^^^^^^^^^^^^^^
  File "C:\Users\yannb\Documents\1. Programmation\2. projet - site trading\Trading_app_version4\venv\Lib\site-packages\django\db\models\query.py", line 1918, in _insert
    return query.get_compiler(using=using).execute_sql(returning_fields)
           ~~~~~~~~~~~~~~~~~~~~~~~~~~~~~~~~~~~~~~~~~~~^^^^^^^^^^^^^^^^^^
  File "C:\Users\yannb\Documents\1. Programmation\2. projet - site trading\Trading_app_version4\venv\Lib\site-packages\django\db\models\sql\compiler.py", line 1925, in execute_sql
    cursor.execute(sql, params)
    ~~~~~~~~~~~~~~^^^^^^^^^^^^^
  File "C:\Users\yannb\Documents\1. Programmation\2. projet - site trading\Trading_app_version4\venv\Lib\site-packages\django\db\backends\utils.py", line 122, in execute
    return super().execute(sql, params)
           ~~~~~~~~~~~~~~~^^^^^^^^^^^^^
  File "C:\Users\yannb\Documents\1. Programmation\2. projet - site trading\Trading_app_version4\venv\Lib\site-packages\django\db\backends\utils.py", line 79, in execute
    return self._execute_with_wrappers(
           ~~~~~~~~~~~~~~~~~~~~~~~~~~~^
        sql, params, many=False, executor=self._execute
        ^^^^^^^^^^^^^^^^^^^^^^^^^^^^^^^^^^^^^^^^^^^^^^^
    )
    ^
  File "C:\Users\yannb\Documents\1. Programmation\2. projet - site trading\Trading_app_version4\venv\Lib\site-packages\django\db\backends\utils.py", line 92, in _execute_with_wrappers
    return executor(sql, params, many, context)
  File "C:\Users\yannb\Documents\1. Programmation\2. projet - site trading\Trading_app_version4\venv\Lib\site-packages\django\db\backends\utils.py", line 100, in _execute
    with self.db.wrap_database_errors:
         ^^^^^^^^^^^^^^^^^^^^^^^^^^^^
  File "C:\Users\yannb\Documents\1. Programmation\2. projet - site trading\Trading_app_version4\venv\Lib\site-packages\django\db\utils.py", line 94, in __exit__
    raise dj_exc_value.with_traceback(traceback) from exc_value
  File "C:\Users\yannb\Documents\1. Programmation\2. projet - site trading\Trading_app_version4\venv\Lib\site-packages\django\db\backends\utils.py", line 105, in _execute
    return self.cursor.execute(sql, params)
           ~~~~~~~~~~~~~~~~~~~^^^^^^^^^^^^^
django.db.utils.IntegrityError: duplicate key value violates unique constraint "trading_allassets_symbol_platform_3833b47a_uniq"
DETAIL:  Key (symbol, platform)=(AAPL:xnas, SAXO) already exists.


The above exception was the direct cause of the following exception:

Traceback (most recent call last):
  File "C:\Users\yannb\Documents\1. Programmation\2. projet - site trading\Trading_app_version4\backend\apps\trading\services\sync\trade_sync_service.py", line 428, in _get_or_create_all_asset
    all_asset = AllAssets.objects.create(**create_kwargs)
  File "C:\Users\yannb\Documents\1. Programmation\2. projet - site trading\Trading_app_version4\venv\Lib\site-packages\django\db\models\manager.py", line 87, in manager_method
    return getattr(self.get_queryset(), name)(*args, **kwargs)
           ~~~~~~~~~~~~~~~~~~~~~~~~~~~~~~~~~~^^^^^^^^^^^^^^^^^
  File "C:\Users\yannb\Documents\1. Programmation\2. projet - site trading\Trading_app_version4\venv\Lib\site-packages\django\db\models\query.py", line 669, in create
    obj.save(force_insert=True, using=self.db)
    ~~~~~~~~^^^^^^^^^^^^^^^^^^^^^^^^^^^^^^^^^^
  File "C:\Users\yannb\Documents\1. Programmation\2. projet - site trading\Trading_app_version4\venv\Lib\site-packages\django\db\models\base.py", line 874, in save
    self.save_base(
    ~~~~~~~~~~~~~~^
        using=using,
        ^^^^^^^^^^^^
    ...<2 lines>...
        update_fields=update_fields,
        ^^^^^^^^^^^^^^^^^^^^^^^^^^^^
    )
    ^
  File "C:\Users\yannb\Documents\1. Programmation\2. projet - site trading\Trading_app_version4\venv\Lib\site-packages\django\db\models\base.py", line 966, in save_base
    updated = self._save_table(
        raw,
    ...<4 lines>...
        update_fields,
    )
  File "C:\Users\yannb\Documents\1. Programmation\2. projet - site trading\Trading_app_version4\venv\Lib\site-packages\django\db\models\base.py", line 1167, in _save_table
    results = self._do_insert(
        cls._base_manager, using, insert_fields, returning_fields, raw
    )
  File "C:\Users\yannb\Documents\1. Programmation\2. projet - site trading\Trading_app_version4\venv\Lib\site-packages\django\db\models\base.py", line 1218, in _do_insert
    return manager._insert(
           ~~~~~~~~~~~~~~~^
        [self],
        ^^^^^^^
    ...<3 lines>...
        raw=raw,
        ^^^^^^^^
    )
    ^
  File "C:\Users\yannb\Documents\1. Programmation\2. projet - site trading\Trading_app_version4\venv\Lib\site-packages\django\db\models\manager.py", line 87, in manager_method
    return getattr(self.get_queryset(), name)(*args, **kwargs)
           ~~~~~~~~~~~~~~~~~~~~~~~~~~~~~~~~~~^^^^^^^^^^^^^^^^^
  File "C:\Users\yannb\Documents\1. Programmation\2. projet - site trading\Trading_app_version4\venv\Lib\site-packages\django\db\models\query.py", line 1918, in _insert
    return query.get_compiler(using=using).execute_sql(returning_fields)
           ~~~~~~~~~~~~~~~~~~~~~~~~~~~~~~~~~~~~~~~~~~~^^^^^^^^^^^^^^^^^^
  File "C:\Users\yannb\Documents\1. Programmation\2. projet - site trading\Trading_app_version4\venv\Lib\site-packages\django\db\models\sql\compiler.py", line 1925, in execute_sql
    cursor.execute(sql, params)
    ~~~~~~~~~~~~~~^^^^^^^^^^^^^
  File "C:\Users\yannb\Documents\1. Programmation\2. projet - site trading\Trading_app_version4\venv\Lib\site-packages\django\db\backends\utils.py", line 122, in execute
    return super().execute(sql, params)
           ~~~~~~~~~~~~~~~^^^^^^^^^^^^^
  File "C:\Users\yannb\Documents\1. Programmation\2. projet - site trading\Trading_app_version4\venv\Lib\site-packages\django\db\backends\utils.py", line 79, in execute
    return self._execute_with_wrappers(
           ~~~~~~~~~~~~~~~~~~~~~~~~~~~^
        sql, params, many=False, executor=self._execute
        ^^^^^^^^^^^^^^^^^^^^^^^^^^^^^^^^^^^^^^^^^^^^^^^
    )
    ^
  File "C:\Users\yannb\Documents\1. Programmation\2. projet - site trading\Trading_app_version4\venv\Lib\site-packages\django\db\backends\utils.py", line 92, in _execute_with_wrappers
    return executor(sql, params, many, context)
  File "C:\Users\yannb\Documents\1. Programmation\2. projet - site trading\Trading_app_version4\venv\Lib\site-packages\django\db\backends\utils.py", line 99, in _execute
    self.db.validate_no_broken_transaction()
    ~~~~~~~~~~~~~~~~~~~~~~~~~~~~~~~~~~~~~~^^
  File "C:\Users\yannb\Documents\1. Programmation\2. projet - site trading\Trading_app_version4\venv\Lib\site-packages\django\db\backends\base\base.py", line 521, in validate_no_broken_transaction
    raise TransactionManagementError(
    ...<2 lines>...
    ) from self.rollback_exc
django.db.transaction.TransactionManagementError: An error occurred in the current transaction. You can't execute queries until the end of the 'atomic' block.
[ERROR   ] 2026-01-02 15:26:34 | trading.sync.TradeSyncService  | _log_error:94 | ❌ Failed to sync trade 6526462956_5355533876: Could not find or create AllAsset: AAPL
Traceback (most recent call last):
  File "C:\Users\yannb\Documents\1. Programmation\2. projet - site trading\Trading_app_version4\backend\apps\trading\services\sync\trade_sync_service.py", line 157, in _sync_trades
    result = self._sync_single_trade(
        broker_account=broker_account,
        broker_trade=broker_trade,
    )
  File "C:\Users\yannb\Documents\1. Programmation\2. projet - site trading\Trading_app_version4\backend\apps\trading\services\sync\trade_sync_service.py", line 237, in _sync_single_trade
    raise ValueError(f"Could not find or create AllAsset: {broker_trade.symbol}")
ValueError: Could not find or create AllAsset: AAPL
[ERROR   ] 2026-01-02 15:26:34 | trading.sync.TradeSyncService  | _log_error:94 | ❌ Failed to sync trade 6525989102_5355537762: An error occurred in the current transaction. You can't execute queries until the end of the 'atomic' block.
Traceback (most recent call last):
  File "C:\Users\yannb\Documents\1. Programmation\2. projet - site trading\Trading_app_version4\venv\Lib\site-packages\django\db\backends\utils.py", line 105, in _execute
    return self.cursor.execute(sql, params)
           ~~~~~~~~~~~~~~~~~~~^^^^^^^^^^^^^
psycopg2.errors.UniqueViolation: duplicate key value violates unique constraint "trading_allassets_symbol_platform_3833b47a_uniq"
DETAIL:  Key (symbol, platform)=(AAPL:xnas, SAXO) already exists.


The above exception was the direct cause of the following exception:

Traceback (most recent call last):
  File "C:\Users\yannb\Documents\1. Programmation\2. projet - site trading\Trading_app_version4\backend\apps\trading\services\sync\trade_sync_service.py", line 381, in _get_or_create_all_asset
    all_asset = AllAssets.objects.create(
        symbol=broker_asset.symbol,  # Le vrai symbole, pas "UIC_xxxx"
    ...<10 lines>...
        saxo_country_code=raw_data.get('country_code', ''),
    )
  File "C:\Users\yannb\Documents\1. Programmation\2. projet - site trading\Trading_app_version4\venv\Lib\site-packages\django\db\models\manager.py", line 87, in manager_method
    return getattr(self.get_queryset(), name)(*args, **kwargs)
           ~~~~~~~~~~~~~~~~~~~~~~~~~~~~~~~~~~^^^^^^^^^^^^^^^^^
  File "C:\Users\yannb\Documents\1. Programmation\2. projet - site trading\Trading_app_version4\venv\Lib\site-packages\django\db\models\query.py", line 669, in create
    obj.save(force_insert=True, using=self.db)
    ~~~~~~~~^^^^^^^^^^^^^^^^^^^^^^^^^^^^^^^^^^
  File "C:\Users\yannb\Documents\1. Programmation\2. projet - site trading\Trading_app_version4\venv\Lib\site-packages\django\db\models\base.py", line 874, in save
    self.save_base(
    ~~~~~~~~~~~~~~^
        using=using,
        ^^^^^^^^^^^^
    ...<2 lines>...
        update_fields=update_fields,
        ^^^^^^^^^^^^^^^^^^^^^^^^^^^^
    )
    ^
  File "C:\Users\yannb\Documents\1. Programmation\2. projet - site trading\Trading_app_version4\venv\Lib\site-packages\django\db\models\base.py", line 966, in save_base
    updated = self._save_table(
        raw,
    ...<4 lines>...
        update_fields,
    )
  File "C:\Users\yannb\Documents\1. Programmation\2. projet - site trading\Trading_app_version4\venv\Lib\site-packages\django\db\models\base.py", line 1167, in _save_table
    results = self._do_insert(
        cls._base_manager, using, insert_fields, returning_fields, raw
    )
  File "C:\Users\yannb\Documents\1. Programmation\2. projet - site trading\Trading_app_version4\venv\Lib\site-packages\django\db\models\base.py", line 1218, in _do_insert
    return manager._insert(
           ~~~~~~~~~~~~~~~^
        [self],
        ^^^^^^^
    ...<3 lines>...
        raw=raw,
        ^^^^^^^^
    )
    ^
  File "C:\Users\yannb\Documents\1. Programmation\2. projet - site trading\Trading_app_version4\venv\Lib\site-packages\django\db\models\manager.py", line 87, in manager_method
    return getattr(self.get_queryset(), name)(*args, **kwargs)
           ~~~~~~~~~~~~~~~~~~~~~~~~~~~~~~~~~~^^^^^^^^^^^^^^^^^
  File "C:\Users\yannb\Documents\1. Programmation\2. projet - site trading\Trading_app_version4\venv\Lib\site-packages\django\db\models\query.py", line 1918, in _insert
    return query.get_compiler(using=using).execute_sql(returning_fields)
           ~~~~~~~~~~~~~~~~~~~~~~~~~~~~~~~~~~~~~~~~~~~^^^^^^^^^^^^^^^^^^
  File "C:\Users\yannb\Documents\1. Programmation\2. projet - site trading\Trading_app_version4\venv\Lib\site-packages\django\db\models\sql\compiler.py", line 1925, in execute_sql
    cursor.execute(sql, params)
    ~~~~~~~~~~~~~~^^^^^^^^^^^^^
  File "C:\Users\yannb\Documents\1. Programmation\2. projet - site trading\Trading_app_version4\venv\Lib\site-packages\django\db\backends\utils.py", line 122, in execute
    return super().execute(sql, params)
           ~~~~~~~~~~~~~~~^^^^^^^^^^^^^
  File "C:\Users\yannb\Documents\1. Programmation\2. projet - site trading\Trading_app_version4\venv\Lib\site-packages\django\db\backends\utils.py", line 79, in execute
    return self._execute_with_wrappers(
           ~~~~~~~~~~~~~~~~~~~~~~~~~~~^
        sql, params, many=False, executor=self._execute
        ^^^^^^^^^^^^^^^^^^^^^^^^^^^^^^^^^^^^^^^^^^^^^^^
    )
    ^
  File "C:\Users\yannb\Documents\1. Programmation\2. projet - site trading\Trading_app_version4\venv\Lib\site-packages\django\db\backends\utils.py", line 92, in _execute_with_wrappers
    return executor(sql, params, many, context)
  File "C:\Users\yannb\Documents\1. Programmation\2. projet - site trading\Trading_app_version4\venv\Lib\site-packages\django\db\backends\utils.py", line 100, in _execute
    with self.db.wrap_database_errors:
         ^^^^^^^^^^^^^^^^^^^^^^^^^^^^
  File "C:\Users\yannb\Documents\1. Programmation\2. projet - site trading\Trading_app_version4\venv\Lib\site-packages\django\db\utils.py", line 94, in __exit__
    raise dj_exc_value.with_traceback(traceback) from exc_value
  File "C:\Users\yannb\Documents\1. Programmation\2. projet - site trading\Trading_app_version4\venv\Lib\site-packages\django\db\backends\utils.py", line 105, in _execute
    return self.cursor.execute(sql, params)
           ~~~~~~~~~~~~~~~~~~~^^^^^^^^^^^^^
django.db.utils.IntegrityError: duplicate key value violates unique constraint "trading_allassets_symbol_platform_3833b47a_uniq"
DETAIL:  Key (symbol, platform)=(AAPL:xnas, SAXO) already exists.


The above exception was the direct cause of the following exception:

Traceback (most recent call last):
  File "C:\Users\yannb\Documents\1. Programmation\2. projet - site trading\Trading_app_version4\backend\apps\trading\services\sync\trade_sync_service.py", line 428, in _get_or_create_all_asset
    all_asset = AllAssets.objects.create(**create_kwargs)
  File "C:\Users\yannb\Documents\1. Programmation\2. projet - site trading\Trading_app_version4\venv\Lib\site-packages\django\db\models\manager.py", line 87, in manager_method
    return getattr(self.get_queryset(), name)(*args, **kwargs)
           ~~~~~~~~~~~~~~~~~~~~~~~~~~~~~~~~~~^^^^^^^^^^^^^^^^^
  File "C:\Users\yannb\Documents\1. Programmation\2. projet - site trading\Trading_app_version4\venv\Lib\site-packages\django\db\models\query.py", line 669, in create
    obj.save(force_insert=True, using=self.db)
    ~~~~~~~~^^^^^^^^^^^^^^^^^^^^^^^^^^^^^^^^^^
  File "C:\Users\yannb\Documents\1. Programmation\2. projet - site trading\Trading_app_version4\venv\Lib\site-packages\django\db\models\base.py", line 874, in save
    self.save_base(
    ~~~~~~~~~~~~~~^
        using=using,
        ^^^^^^^^^^^^
    ...<2 lines>...
        update_fields=update_fields,
        ^^^^^^^^^^^^^^^^^^^^^^^^^^^^
    )
    ^
  File "C:\Users\yannb\Documents\1. Programmation\2. projet - site trading\Trading_app_version4\venv\Lib\site-packages\django\db\models\base.py", line 966, in save_base
    updated = self._save_table(
        raw,
    ...<4 lines>...
        update_fields,
    )
  File "C:\Users\yannb\Documents\1. Programmation\2. projet - site trading\Trading_app_version4\venv\Lib\site-packages\django\db\models\base.py", line 1167, in _save_table
    results = self._do_insert(
        cls._base_manager, using, insert_fields, returning_fields, raw
    )
  File "C:\Users\yannb\Documents\1. Programmation\2. projet - site trading\Trading_app_version4\venv\Lib\site-packages\django\db\models\base.py", line 1218, in _do_insert
    return manager._insert(
           ~~~~~~~~~~~~~~~^
        [self],
        ^^^^^^^
    ...<3 lines>...
        raw=raw,
        ^^^^^^^^
    )
    ^
  File "C:\Users\yannb\Documents\1. Programmation\2. projet - site trading\Trading_app_version4\venv\Lib\site-packages\django\db\models\manager.py", line 87, in manager_method
    return getattr(self.get_queryset(), name)(*args, **kwargs)
           ~~~~~~~~~~~~~~~~~~~~~~~~~~~~~~~~~~^^^^^^^^^^^^^^^^^
  File "C:\Users\yannb\Documents\1. Programmation\2. projet - site trading\Trading_app_version4\venv\Lib\site-packages\django\db\models\query.py", line 1918, in _insert
    return query.get_compiler(using=using).execute_sql(returning_fields)
           ~~~~~~~~~~~~~~~~~~~~~~~~~~~~~~~~~~~~~~~~~~~^^^^^^^^^^^^^^^^^^
  File "C:\Users\yannb\Documents\1. Programmation\2. projet - site trading\Trading_app_version4\venv\Lib\site-packages\django\db\models\sql\compiler.py", line 1925, in execute_sql
    cursor.execute(sql, params)
    ~~~~~~~~~~~~~~^^^^^^^^^^^^^
  File "C:\Users\yannb\Documents\1. Programmation\2. projet - site trading\Trading_app_version4\venv\Lib\site-packages\django\db\backends\utils.py", line 122, in execute
    return super().execute(sql, params)
           ~~~~~~~~~~~~~~~^^^^^^^^^^^^^
  File "C:\Users\yannb\Documents\1. Programmation\2. projet - site trading\Trading_app_version4\venv\Lib\site-packages\django\db\backends\utils.py", line 79, in execute
    return self._execute_with_wrappers(
           ~~~~~~~~~~~~~~~~~~~~~~~~~~~^
        sql, params, many=False, executor=self._execute
        ^^^^^^^^^^^^^^^^^^^^^^^^^^^^^^^^^^^^^^^^^^^^^^^
    )
    ^
  File "C:\Users\yannb\Documents\1. Programmation\2. projet - site trading\Trading_app_version4\venv\Lib\site-packages\django\db\backends\utils.py", line 92, in _execute_with_wrappers
    return executor(sql, params, many, context)
  File "C:\Users\yannb\Documents\1. Programmation\2. projet - site trading\Trading_app_version4\venv\Lib\site-packages\django\db\backends\utils.py", line 99, in _execute
    self.db.validate_no_broken_transaction()
    ~~~~~~~~~~~~~~~~~~~~~~~~~~~~~~~~~~~~~~^^
  File "C:\Users\yannb\Documents\1. Programmation\2. projet - site trading\Trading_app_version4\venv\Lib\site-packages\django\db\backends\base\base.py", line 521, in validate_no_broken_transaction
    raise TransactionManagementError(
    ...<2 lines>...
    ) from self.rollback_exc
django.db.transaction.TransactionManagementError: An error occurred in the current transaction. You can't execute queries until the end of the 'atomic' block.

The above exception was the direct cause of the following exception:

Traceback (most recent call last):
  File "C:\Users\yannb\Documents\1. Programmation\2. projet - site trading\Trading_app_version4\backend\apps\trading\services\sync\trade_sync_service.py", line 157, in _sync_trades
    result = self._sync_single_trade(
        broker_account=broker_account,
        broker_trade=broker_trade,
    )
  File "C:\Users\yannb\Documents\1. Programmation\2. projet - site trading\Trading_app_version4\backend\apps\trading\services\sync\trade_sync_service.py", line 204, in _sync_single_trade
    ).first()
      ~~~~~^^
  File "C:\Users\yannb\Documents\1. Programmation\2. projet - site trading\Trading_app_version4\venv\Lib\site-packages\django\db\models\query.py", line 1145, in first
    for obj in queryset[:1]:
               ~~~~~~~~^^^^
  File "C:\Users\yannb\Documents\1. Programmation\2. projet - site trading\Trading_app_version4\venv\Lib\site-packages\django\db\models\query.py", line 390, in __iter__
    self._fetch_all()
    ~~~~~~~~~~~~~~~^^
  File "C:\Users\yannb\Documents\1. Programmation\2. projet - site trading\Trading_app_version4\venv\Lib\site-packages\django\db\models\query.py", line 2000, in _fetch_all
    self._result_cache = list(self._iterable_class(self))
                         ~~~~^^^^^^^^^^^^^^^^^^^^^^^^^^^^
  File "C:\Users\yannb\Documents\1. Programmation\2. projet - site trading\Trading_app_version4\venv\Lib\site-packages\django\db\models\query.py", line 95, in __iter__
    results = compiler.execute_sql(
        chunked_fetch=self.chunked_fetch, chunk_size=self.chunk_size
    )
  File "C:\Users\yannb\Documents\1. Programmation\2. projet - site trading\Trading_app_version4\venv\Lib\site-packages\django\db\models\sql\compiler.py", line 1624, in execute_sql
    cursor.execute(sql, params)
    ~~~~~~~~~~~~~~^^^^^^^^^^^^^
  File "C:\Users\yannb\Documents\1. Programmation\2. projet - site trading\Trading_app_version4\venv\Lib\site-packages\django\db\backends\utils.py", line 122, in execute
    return super().execute(sql, params)
           ~~~~~~~~~~~~~~~^^^^^^^^^^^^^
  File "C:\Users\yannb\Documents\1. Programmation\2. projet - site trading\Trading_app_version4\venv\Lib\site-packages\django\db\backends\utils.py", line 79, in execute
    return self._execute_with_wrappers(
           ~~~~~~~~~~~~~~~~~~~~~~~~~~~^
        sql, params, many=False, executor=self._execute
        ^^^^^^^^^^^^^^^^^^^^^^^^^^^^^^^^^^^^^^^^^^^^^^^
    )
    ^
  File "C:\Users\yannb\Documents\1. Programmation\2. projet - site trading\Trading_app_version4\venv\Lib\site-packages\django\db\backends\utils.py", line 92, in _execute_with_wrappers
    return executor(sql, params, many, context)
  File "C:\Users\yannb\Documents\1. Programmation\2. projet - site trading\Trading_app_version4\venv\Lib\site-packages\django\db\backends\utils.py", line 99, in _execute
    self.db.validate_no_broken_transaction()
    ~~~~~~~~~~~~~~~~~~~~~~~~~~~~~~~~~~~~~~^^
  File "C:\Users\yannb\Documents\1. Programmation\2. projet - site trading\Trading_app_version4\venv\Lib\site-packages\django\db\backends\base\base.py", line 521, in validate_no_broken_transaction
    raise TransactionManagementError(
    ...<2 lines>...
    ) from self.rollback_exc
django.db.transaction.TransactionManagementError: An error occurred in the current transaction. You can't execute queries until the end of the 'atomic' block.
[ERROR   ] 2026-01-02 15:26:34 | trading.sync.TradeSyncService  | _log_error:94 | ❌ Failed to sync trade 6525989094_5355537760: An error occurred in the current transaction. You can't execute queries until the end of the 'atomic' block.
Traceback (most recent call last):
  File "C:\Users\yannb\Documents\1. Programmation\2. projet - site trading\Trading_app_version4\venv\Lib\site-packages\django\db\backends\utils.py", line 105, in _execute
    return self.cursor.execute(sql, params)
           ~~~~~~~~~~~~~~~~~~~^^^^^^^^^^^^^
psycopg2.errors.UniqueViolation: duplicate key value violates unique constraint "trading_allassets_symbol_platform_3833b47a_uniq"
DETAIL:  Key (symbol, platform)=(AAPL:xnas, SAXO) already exists.


The above exception was the direct cause of the following exception:

Traceback (most recent call last):
  File "C:\Users\yannb\Documents\1. Programmation\2. projet - site trading\Trading_app_version4\backend\apps\trading\services\sync\trade_sync_service.py", line 381, in _get_or_create_all_asset
    all_asset = AllAssets.objects.create(
        symbol=broker_asset.symbol,  # Le vrai symbole, pas "UIC_xxxx"
    ...<10 lines>...
        saxo_country_code=raw_data.get('country_code', ''),
    )
  File "C:\Users\yannb\Documents\1. Programmation\2. projet - site trading\Trading_app_version4\venv\Lib\site-packages\django\db\models\manager.py", line 87, in manager_method
    return getattr(self.get_queryset(), name)(*args, **kwargs)
           ~~~~~~~~~~~~~~~~~~~~~~~~~~~~~~~~~~^^^^^^^^^^^^^^^^^
  File "C:\Users\yannb\Documents\1. Programmation\2. projet - site trading\Trading_app_version4\venv\Lib\site-packages\django\db\models\query.py", line 669, in create
    obj.save(force_insert=True, using=self.db)
    ~~~~~~~~^^^^^^^^^^^^^^^^^^^^^^^^^^^^^^^^^^
  File "C:\Users\yannb\Documents\1. Programmation\2. projet - site trading\Trading_app_version4\venv\Lib\site-packages\django\db\models\base.py", line 874, in save
    self.save_base(
    ~~~~~~~~~~~~~~^
        using=using,
        ^^^^^^^^^^^^
    ...<2 lines>...
        update_fields=update_fields,
        ^^^^^^^^^^^^^^^^^^^^^^^^^^^^
    )
    ^
  File "C:\Users\yannb\Documents\1. Programmation\2. projet - site trading\Trading_app_version4\venv\Lib\site-packages\django\db\models\base.py", line 966, in save_base
    updated = self._save_table(
        raw,
    ...<4 lines>...
        update_fields,
    )
  File "C:\Users\yannb\Documents\1. Programmation\2. projet - site trading\Trading_app_version4\venv\Lib\site-packages\django\db\models\base.py", line 1167, in _save_table
    results = self._do_insert(
        cls._base_manager, using, insert_fields, returning_fields, raw
    )
  File "C:\Users\yannb\Documents\1. Programmation\2. projet - site trading\Trading_app_version4\venv\Lib\site-packages\django\db\models\base.py", line 1218, in _do_insert
    return manager._insert(
           ~~~~~~~~~~~~~~~^
        [self],
        ^^^^^^^
    ...<3 lines>...
        raw=raw,
        ^^^^^^^^
    )
    ^
  File "C:\Users\yannb\Documents\1. Programmation\2. projet - site trading\Trading_app_version4\venv\Lib\site-packages\django\db\models\manager.py", line 87, in manager_method
    return getattr(self.get_queryset(), name)(*args, **kwargs)
           ~~~~~~~~~~~~~~~~~~~~~~~~~~~~~~~~~~^^^^^^^^^^^^^^^^^
  File "C:\Users\yannb\Documents\1. Programmation\2. projet - site trading\Trading_app_version4\venv\Lib\site-packages\django\db\models\query.py", line 1918, in _insert
    return query.get_compiler(using=using).execute_sql(returning_fields)
           ~~~~~~~~~~~~~~~~~~~~~~~~~~~~~~~~~~~~~~~~~~~^^^^^^^^^^^^^^^^^^
  File "C:\Users\yannb\Documents\1. Programmation\2. projet - site trading\Trading_app_version4\venv\Lib\site-packages\django\db\models\sql\compiler.py", line 1925, in execute_sql
    cursor.execute(sql, params)
    ~~~~~~~~~~~~~~^^^^^^^^^^^^^
  File "C:\Users\yannb\Documents\1. Programmation\2. projet - site trading\Trading_app_version4\venv\Lib\site-packages\django\db\backends\utils.py", line 122, in execute
    return super().execute(sql, params)
           ~~~~~~~~~~~~~~~^^^^^^^^^^^^^
  File "C:\Users\yannb\Documents\1. Programmation\2. projet - site trading\Trading_app_version4\venv\Lib\site-packages\django\db\backends\utils.py", line 79, in execute
    return self._execute_with_wrappers(
           ~~~~~~~~~~~~~~~~~~~~~~~~~~~^
        sql, params, many=False, executor=self._execute
        ^^^^^^^^^^^^^^^^^^^^^^^^^^^^^^^^^^^^^^^^^^^^^^^
    )
    ^
  File "C:\Users\yannb\Documents\1. Programmation\2. projet - site trading\Trading_app_version4\venv\Lib\site-packages\django\db\backends\utils.py", line 92, in _execute_with_wrappers
    return executor(sql, params, many, context)
  File "C:\Users\yannb\Documents\1. Programmation\2. projet - site trading\Trading_app_version4\venv\Lib\site-packages\django\db\backends\utils.py", line 100, in _execute
    with self.db.wrap_database_errors:
         ^^^^^^^^^^^^^^^^^^^^^^^^^^^^
  File "C:\Users\yannb\Documents\1. Programmation\2. projet - site trading\Trading_app_version4\venv\Lib\site-packages\django\db\utils.py", line 94, in __exit__
    raise dj_exc_value.with_traceback(traceback) from exc_value
  File "C:\Users\yannb\Documents\1. Programmation\2. projet - site trading\Trading_app_version4\venv\Lib\site-packages\django\db\backends\utils.py", line 105, in _execute
    return self.cursor.execute(sql, params)
           ~~~~~~~~~~~~~~~~~~~^^^^^^^^^^^^^
django.db.utils.IntegrityError: duplicate key value violates unique constraint "trading_allassets_symbol_platform_3833b47a_uniq"
DETAIL:  Key (symbol, platform)=(AAPL:xnas, SAXO) already exists.


The above exception was the direct cause of the following exception:

Traceback (most recent call last):
  File "C:\Users\yannb\Documents\1. Programmation\2. projet - site trading\Trading_app_version4\backend\apps\trading\services\sync\trade_sync_service.py", line 428, in _get_or_create_all_asset
    all_asset = AllAssets.objects.create(**create_kwargs)
  File "C:\Users\yannb\Documents\1. Programmation\2. projet - site trading\Trading_app_version4\venv\Lib\site-packages\django\db\models\manager.py", line 87, in manager_method
    return getattr(self.get_queryset(), name)(*args, **kwargs)
           ~~~~~~~~~~~~~~~~~~~~~~~~~~~~~~~~~~^^^^^^^^^^^^^^^^^
  File "C:\Users\yannb\Documents\1. Programmation\2. projet - site trading\Trading_app_version4\venv\Lib\site-packages\django\db\models\query.py", line 669, in create
    obj.save(force_insert=True, using=self.db)
    ~~~~~~~~^^^^^^^^^^^^^^^^^^^^^^^^^^^^^^^^^^
  File "C:\Users\yannb\Documents\1. Programmation\2. projet - site trading\Trading_app_version4\venv\Lib\site-packages\django\db\models\base.py", line 874, in save
    self.save_base(
    ~~~~~~~~~~~~~~^
        using=using,
        ^^^^^^^^^^^^
    ...<2 lines>...
        update_fields=update_fields,
        ^^^^^^^^^^^^^^^^^^^^^^^^^^^^
    )
    ^
  File "C:\Users\yannb\Documents\1. Programmation\2. projet - site trading\Trading_app_version4\venv\Lib\site-packages\django\db\models\base.py", line 966, in save_base
    updated = self._save_table(
        raw,
    ...<4 lines>...
        update_fields,
    )
  File "C:\Users\yannb\Documents\1. Programmation\2. projet - site trading\Trading_app_version4\venv\Lib\site-packages\django\db\models\base.py", line 1167, in _save_table
    results = self._do_insert(
        cls._base_manager, using, insert_fields, returning_fields, raw
    )
  File "C:\Users\yannb\Documents\1. Programmation\2. projet - site trading\Trading_app_version4\venv\Lib\site-packages\django\db\models\base.py", line 1218, in _do_insert
    return manager._insert(
           ~~~~~~~~~~~~~~~^
        [self],
        ^^^^^^^
    ...<3 lines>...
        raw=raw,
        ^^^^^^^^
    )
    ^
  File "C:\Users\yannb\Documents\1. Programmation\2. projet - site trading\Trading_app_version4\venv\Lib\site-packages\django\db\models\manager.py", line 87, in manager_method
    return getattr(self.get_queryset(), name)(*args, **kwargs)
           ~~~~~~~~~~~~~~~~~~~~~~~~~~~~~~~~~~^^^^^^^^^^^^^^^^^
  File "C:\Users\yannb\Documents\1. Programmation\2. projet - site trading\Trading_app_version4\venv\Lib\site-packages\django\db\models\query.py", line 1918, in _insert
    return query.get_compiler(using=using).execute_sql(returning_fields)
           ~~~~~~~~~~~~~~~~~~~~~~~~~~~~~~~~~~~~~~~~~~~^^^^^^^^^^^^^^^^^^
  File "C:\Users\yannb\Documents\1. Programmation\2. projet - site trading\Trading_app_version4\venv\Lib\site-packages\django\db\models\sql\compiler.py", line 1925, in execute_sql
    cursor.execute(sql, params)
    ~~~~~~~~~~~~~~^^^^^^^^^^^^^
  File "C:\Users\yannb\Documents\1. Programmation\2. projet - site trading\Trading_app_version4\venv\Lib\site-packages\django\db\backends\utils.py", line 122, in execute
    return super().execute(sql, params)
           ~~~~~~~~~~~~~~~^^^^^^^^^^^^^
  File "C:\Users\yannb\Documents\1. Programmation\2. projet - site trading\Trading_app_version4\venv\Lib\site-packages\django\db\backends\utils.py", line 79, in execute
    return self._execute_with_wrappers(
           ~~~~~~~~~~~~~~~~~~~~~~~~~~~^
        sql, params, many=False, executor=self._execute
        ^^^^^^^^^^^^^^^^^^^^^^^^^^^^^^^^^^^^^^^^^^^^^^^
    )
    ^
  File "C:\Users\yannb\Documents\1. Programmation\2. projet - site trading\Trading_app_version4\venv\Lib\site-packages\django\db\backends\utils.py", line 92, in _execute_with_wrappers
    return executor(sql, params, many, context)
  File "C:\Users\yannb\Documents\1. Programmation\2. projet - site trading\Trading_app_version4\venv\Lib\site-packages\django\db\backends\utils.py", line 99, in _execute
    self.db.validate_no_broken_transaction()
    ~~~~~~~~~~~~~~~~~~~~~~~~~~~~~~~~~~~~~~^^
  File "C:\Users\yannb\Documents\1. Programmation\2. projet - site trading\Trading_app_version4\venv\Lib\site-packages\django\db\backends\base\base.py", line 521, in validate_no_broken_transaction
    raise TransactionManagementError(
    ...<2 lines>...
    ) from self.rollback_exc
django.db.transaction.TransactionManagementError: An error occurred in the current transaction. You can't execute queries until the end of the 'atomic' block.

The above exception was the direct cause of the following exception:

Traceback (most recent call last):
  File "C:\Users\yannb\Documents\1. Programmation\2. projet - site trading\Trading_app_version4\backend\apps\trading\services\sync\trade_sync_service.py", line 157, in _sync_trades
    result = self._sync_single_trade(
        broker_account=broker_account,
        broker_trade=broker_trade,
    )
  File "C:\Users\yannb\Documents\1. Programmation\2. projet - site trading\Trading_app_version4\backend\apps\trading\services\sync\trade_sync_service.py", line 204, in _sync_single_trade
    ).first()
      ~~~~~^^
  File "C:\Users\yannb\Documents\1. Programmation\2. projet - site trading\Trading_app_version4\venv\Lib\site-packages\django\db\models\query.py", line 1145, in first
    for obj in queryset[:1]:
               ~~~~~~~~^^^^
  File "C:\Users\yannb\Documents\1. Programmation\2. projet - site trading\Trading_app_version4\venv\Lib\site-packages\django\db\models\query.py", line 390, in __iter__
    self._fetch_all()
    ~~~~~~~~~~~~~~~^^
  File "C:\Users\yannb\Documents\1. Programmation\2. projet - site trading\Trading_app_version4\venv\Lib\site-packages\django\db\models\query.py", line 2000, in _fetch_all
    self._result_cache = list(self._iterable_class(self))
                         ~~~~^^^^^^^^^^^^^^^^^^^^^^^^^^^^
  File "C:\Users\yannb\Documents\1. Programmation\2. projet - site trading\Trading_app_version4\venv\Lib\site-packages\django\db\models\query.py", line 95, in __iter__
    results = compiler.execute_sql(
        chunked_fetch=self.chunked_fetch, chunk_size=self.chunk_size
    )
  File "C:\Users\yannb\Documents\1. Programmation\2. projet - site trading\Trading_app_version4\venv\Lib\site-packages\django\db\models\sql\compiler.py", line 1624, in execute_sql
    cursor.execute(sql, params)
    ~~~~~~~~~~~~~~^^^^^^^^^^^^^
  File "C:\Users\yannb\Documents\1. Programmation\2. projet - site trading\Trading_app_version4\venv\Lib\site-packages\django\db\backends\utils.py", line 122, in execute
    return super().execute(sql, params)
           ~~~~~~~~~~~~~~~^^^^^^^^^^^^^
  File "C:\Users\yannb\Documents\1. Programmation\2. projet - site trading\Trading_app_version4\venv\Lib\site-packages\django\db\backends\utils.py", line 79, in execute
    return self._execute_with_wrappers(
           ~~~~~~~~~~~~~~~~~~~~~~~~~~~^
        sql, params, many=False, executor=self._execute
        ^^^^^^^^^^^^^^^^^^^^^^^^^^^^^^^^^^^^^^^^^^^^^^^
    )
    ^
  File "C:\Users\yannb\Documents\1. Programmation\2. projet - site trading\Trading_app_version4\venv\Lib\site-packages\django\db\backends\utils.py", line 92, in _execute_with_wrappers
    return executor(sql, params, many, context)
  File "C:\Users\yannb\Documents\1. Programmation\2. projet - site trading\Trading_app_version4\venv\Lib\site-packages\django\db\backends\utils.py", line 99, in _execute
    self.db.validate_no_broken_transaction()
    ~~~~~~~~~~~~~~~~~~~~~~~~~~~~~~~~~~~~~~^^
  File "C:\Users\yannb\Documents\1. Programmation\2. projet - site trading\Trading_app_version4\venv\Lib\site-packages\django\db\backends\base\base.py", line 521, in validate_no_broken_transaction
    raise TransactionManagementError(
    ...<2 lines>...
    ) from self.rollback_exc
django.db.transaction.TransactionManagementError: An error occurred in the current transaction. You can't execute queries until the end of the 'atomic' block.
[ERROR   ] 2026-01-02 15:26:34 | trading.sync.TradeSyncService  | _log_error:94 | ❌ Failed to sync trade 6475879404_5342707954: An error occurred in the current transaction. You can't execute queries until the end of the 'atomic' block.
Traceback (most recent call last):
  File "C:\Users\yannb\Documents\1. Programmation\2. projet - site trading\Trading_app_version4\venv\Lib\site-packages\django\db\backends\utils.py", line 105, in _execute
    return self.cursor.execute(sql, params)
           ~~~~~~~~~~~~~~~~~~~^^^^^^^^^^^^^
psycopg2.errors.UniqueViolation: duplicate key value violates unique constraint "trading_allassets_symbol_platform_3833b47a_uniq"
DETAIL:  Key (symbol, platform)=(AAPL:xnas, SAXO) already exists.


The above exception was the direct cause of the following exception:

Traceback (most recent call last):
  File "C:\Users\yannb\Documents\1. Programmation\2. projet - site trading\Trading_app_version4\backend\apps\trading\services\sync\trade_sync_service.py", line 381, in _get_or_create_all_asset
    all_asset = AllAssets.objects.create(
        symbol=broker_asset.symbol,  # Le vrai symbole, pas "UIC_xxxx"
    ...<10 lines>...
        saxo_country_code=raw_data.get('country_code', ''),
    )
  File "C:\Users\yannb\Documents\1. Programmation\2. projet - site trading\Trading_app_version4\venv\Lib\site-packages\django\db\models\manager.py", line 87, in manager_method
    return getattr(self.get_queryset(), name)(*args, **kwargs)
           ~~~~~~~~~~~~~~~~~~~~~~~~~~~~~~~~~~^^^^^^^^^^^^^^^^^
  File "C:\Users\yannb\Documents\1. Programmation\2. projet - site trading\Trading_app_version4\venv\Lib\site-packages\django\db\models\query.py", line 669, in create
    obj.save(force_insert=True, using=self.db)
    ~~~~~~~~^^^^^^^^^^^^^^^^^^^^^^^^^^^^^^^^^^
  File "C:\Users\yannb\Documents\1. Programmation\2. projet - site trading\Trading_app_version4\venv\Lib\site-packages\django\db\models\base.py", line 874, in save
    self.save_base(
    ~~~~~~~~~~~~~~^
        using=using,
        ^^^^^^^^^^^^
    ...<2 lines>...
        update_fields=update_fields,
        ^^^^^^^^^^^^^^^^^^^^^^^^^^^^
    )
    ^
  File "C:\Users\yannb\Documents\1. Programmation\2. projet - site trading\Trading_app_version4\venv\Lib\site-packages\django\db\models\base.py", line 966, in save_base
    updated = self._save_table(
        raw,
    ...<4 lines>...
        update_fields,
    )
  File "C:\Users\yannb\Documents\1. Programmation\2. projet - site trading\Trading_app_version4\venv\Lib\site-packages\django\db\models\base.py", line 1167, in _save_table
    results = self._do_insert(
        cls._base_manager, using, insert_fields, returning_fields, raw
    )
  File "C:\Users\yannb\Documents\1. Programmation\2. projet - site trading\Trading_app_version4\venv\Lib\site-packages\django\db\models\base.py", line 1218, in _do_insert
    return manager._insert(
           ~~~~~~~~~~~~~~~^
        [self],
        ^^^^^^^
    ...<3 lines>...
        raw=raw,
        ^^^^^^^^
    )
    ^
  File "C:\Users\yannb\Documents\1. Programmation\2. projet - site trading\Trading_app_version4\venv\Lib\site-packages\django\db\models\manager.py", line 87, in manager_method
    return getattr(self.get_queryset(), name)(*args, **kwargs)
           ~~~~~~~~~~~~~~~~~~~~~~~~~~~~~~~~~~^^^^^^^^^^^^^^^^^
  File "C:\Users\yannb\Documents\1. Programmation\2. projet - site trading\Trading_app_version4\venv\Lib\site-packages\django\db\models\query.py", line 1918, in _insert
    return query.get_compiler(using=using).execute_sql(returning_fields)
           ~~~~~~~~~~~~~~~~~~~~~~~~~~~~~~~~~~~~~~~~~~~^^^^^^^^^^^^^^^^^^
  File "C:\Users\yannb\Documents\1. Programmation\2. projet - site trading\Trading_app_version4\venv\Lib\site-packages\django\db\models\sql\compiler.py", line 1925, in execute_sql
    cursor.execute(sql, params)
    ~~~~~~~~~~~~~~^^^^^^^^^^^^^
  File "C:\Users\yannb\Documents\1. Programmation\2. projet - site trading\Trading_app_version4\venv\Lib\site-packages\django\db\backends\utils.py", line 122, in execute
    return super().execute(sql, params)
           ~~~~~~~~~~~~~~~^^^^^^^^^^^^^
  File "C:\Users\yannb\Documents\1. Programmation\2. projet - site trading\Trading_app_version4\venv\Lib\site-packages\django\db\backends\utils.py", line 79, in execute
    return self._execute_with_wrappers(
           ~~~~~~~~~~~~~~~~~~~~~~~~~~~^
        sql, params, many=False, executor=self._execute
        ^^^^^^^^^^^^^^^^^^^^^^^^^^^^^^^^^^^^^^^^^^^^^^^
    )
    ^
  File "C:\Users\yannb\Documents\1. Programmation\2. projet - site trading\Trading_app_version4\venv\Lib\site-packages\django\db\backends\utils.py", line 92, in _execute_with_wrappers
    return executor(sql, params, many, context)
  File "C:\Users\yannb\Documents\1. Programmation\2. projet - site trading\Trading_app_version4\venv\Lib\site-packages\django\db\backends\utils.py", line 100, in _execute
    with self.db.wrap_database_errors:
         ^^^^^^^^^^^^^^^^^^^^^^^^^^^^
  File "C:\Users\yannb\Documents\1. Programmation\2. projet - site trading\Trading_app_version4\venv\Lib\site-packages\django\db\utils.py", line 94, in __exit__
    raise dj_exc_value.with_traceback(traceback) from exc_value
  File "C:\Users\yannb\Documents\1. Programmation\2. projet - site trading\Trading_app_version4\venv\Lib\site-packages\django\db\backends\utils.py", line 105, in _execute
    return self.cursor.execute(sql, params)
           ~~~~~~~~~~~~~~~~~~~^^^^^^^^^^^^^
django.db.utils.IntegrityError: duplicate key value violates unique constraint "trading_allassets_symbol_platform_3833b47a_uniq"
DETAIL:  Key (symbol, platform)=(AAPL:xnas, SAXO) already exists.


The above exception was the direct cause of the following exception:

Traceback (most recent call last):
  File "C:\Users\yannb\Documents\1. Programmation\2. projet - site trading\Trading_app_version4\backend\apps\trading\services\sync\trade_sync_service.py", line 428, in _get_or_create_all_asset
    all_asset = AllAssets.objects.create(**create_kwargs)
  File "C:\Users\yannb\Documents\1. Programmation\2. projet - site trading\Trading_app_version4\venv\Lib\site-packages\django\db\models\manager.py", line 87, in manager_method
    return getattr(self.get_queryset(), name)(*args, **kwargs)
           ~~~~~~~~~~~~~~~~~~~~~~~~~~~~~~~~~~^^^^^^^^^^^^^^^^^
  File "C:\Users\yannb\Documents\1. Programmation\2. projet - site trading\Trading_app_version4\venv\Lib\site-packages\django\db\models\query.py", line 669, in create
    obj.save(force_insert=True, using=self.db)
    ~~~~~~~~^^^^^^^^^^^^^^^^^^^^^^^^^^^^^^^^^^
  File "C:\Users\yannb\Documents\1. Programmation\2. projet - site trading\Trading_app_version4\venv\Lib\site-packages\django\db\models\base.py", line 874, in save
    self.save_base(
    ~~~~~~~~~~~~~~^
        using=using,
        ^^^^^^^^^^^^
    ...<2 lines>...
        update_fields=update_fields,
        ^^^^^^^^^^^^^^^^^^^^^^^^^^^^
    )
    ^
  File "C:\Users\yannb\Documents\1. Programmation\2. projet - site trading\Trading_app_version4\venv\Lib\site-packages\django\db\models\base.py", line 966, in save_base
    updated = self._save_table(
        raw,
    ...<4 lines>...
        update_fields,
    )
  File "C:\Users\yannb\Documents\1. Programmation\2. projet - site trading\Trading_app_version4\venv\Lib\site-packages\django\db\models\base.py", line 1167, in _save_table
    results = self._do_insert(
        cls._base_manager, using, insert_fields, returning_fields, raw
    )
  File "C:\Users\yannb\Documents\1. Programmation\2. projet - site trading\Trading_app_version4\venv\Lib\site-packages\django\db\models\base.py", line 1218, in _do_insert
    return manager._insert(
           ~~~~~~~~~~~~~~~^
        [self],
        ^^^^^^^
    ...<3 lines>...
        raw=raw,
        ^^^^^^^^
    )
    ^
  File "C:\Users\yannb\Documents\1. Programmation\2. projet - site trading\Trading_app_version4\venv\Lib\site-packages\django\db\models\manager.py", line 87, in manager_method
    return getattr(self.get_queryset(), name)(*args, **kwargs)
           ~~~~~~~~~~~~~~~~~~~~~~~~~~~~~~~~~~^^^^^^^^^^^^^^^^^
  File "C:\Users\yannb\Documents\1. Programmation\2. projet - site trading\Trading_app_version4\venv\Lib\site-packages\django\db\models\query.py", line 1918, in _insert
    return query.get_compiler(using=using).execute_sql(returning_fields)
           ~~~~~~~~~~~~~~~~~~~~~~~~~~~~~~~~~~~~~~~~~~~^^^^^^^^^^^^^^^^^^
  File "C:\Users\yannb\Documents\1. Programmation\2. projet - site trading\Trading_app_version4\venv\Lib\site-packages\django\db\models\sql\compiler.py", line 1925, in execute_sql
    cursor.execute(sql, params)
    ~~~~~~~~~~~~~~^^^^^^^^^^^^^
  File "C:\Users\yannb\Documents\1. Programmation\2. projet - site trading\Trading_app_version4\venv\Lib\site-packages\django\db\backends\utils.py", line 122, in execute
    return super().execute(sql, params)
           ~~~~~~~~~~~~~~~^^^^^^^^^^^^^
  File "C:\Users\yannb\Documents\1. Programmation\2. projet - site trading\Trading_app_version4\venv\Lib\site-packages\django\db\backends\utils.py", line 79, in execute
    return self._execute_with_wrappers(
           ~~~~~~~~~~~~~~~~~~~~~~~~~~~^
        sql, params, many=False, executor=self._execute
        ^^^^^^^^^^^^^^^^^^^^^^^^^^^^^^^^^^^^^^^^^^^^^^^
    )
    ^
  File "C:\Users\yannb\Documents\1. Programmation\2. projet - site trading\Trading_app_version4\venv\Lib\site-packages\django\db\backends\utils.py", line 92, in _execute_with_wrappers
    return executor(sql, params, many, context)
  File "C:\Users\yannb\Documents\1. Programmation\2. projet - site trading\Trading_app_version4\venv\Lib\site-packages\django\db\backends\utils.py", line 99, in _execute
    self.db.validate_no_broken_transaction()
    ~~~~~~~~~~~~~~~~~~~~~~~~~~~~~~~~~~~~~~^^
  File "C:\Users\yannb\Documents\1. Programmation\2. projet - site trading\Trading_app_version4\venv\Lib\site-packages\django\db\backends\base\base.py", line 521, in validate_no_broken_transaction
    raise TransactionManagementError(
    ...<2 lines>...
    ) from self.rollback_exc
django.db.transaction.TransactionManagementError: An error occurred in the current transaction. You can't execute queries until the end of the 'atomic' block.

The above exception was the direct cause of the following exception:

Traceback (most recent call last):
  File "C:\Users\yannb\Documents\1. Programmation\2. projet - site trading\Trading_app_version4\backend\apps\trading\services\sync\trade_sync_service.py", line 157, in _sync_trades
    result = self._sync_single_trade(
        broker_account=broker_account,
        broker_trade=broker_trade,
    )
  File "C:\Users\yannb\Documents\1. Programmation\2. projet - site trading\Trading_app_version4\backend\apps\trading\services\sync\trade_sync_service.py", line 204, in _sync_single_trade
    ).first()
      ~~~~~^^
  File "C:\Users\yannb\Documents\1. Programmation\2. projet - site trading\Trading_app_version4\venv\Lib\site-packages\django\db\models\query.py", line 1145, in first
    for obj in queryset[:1]:
               ~~~~~~~~^^^^
  File "C:\Users\yannb\Documents\1. Programmation\2. projet - site trading\Trading_app_version4\venv\Lib\site-packages\django\db\models\query.py", line 390, in __iter__
    self._fetch_all()
    ~~~~~~~~~~~~~~~^^
  File "C:\Users\yannb\Documents\1. Programmation\2. projet - site trading\Trading_app_version4\venv\Lib\site-packages\django\db\models\query.py", line 2000, in _fetch_all
    self._result_cache = list(self._iterable_class(self))
                         ~~~~^^^^^^^^^^^^^^^^^^^^^^^^^^^^
  File "C:\Users\yannb\Documents\1. Programmation\2. projet - site trading\Trading_app_version4\venv\Lib\site-packages\django\db\models\query.py", line 95, in __iter__
    results = compiler.execute_sql(
        chunked_fetch=self.chunked_fetch, chunk_size=self.chunk_size
    )
  File "C:\Users\yannb\Documents\1. Programmation\2. projet - site trading\Trading_app_version4\venv\Lib\site-packages\django\db\models\sql\compiler.py", line 1624, in execute_sql
    cursor.execute(sql, params)
    ~~~~~~~~~~~~~~^^^^^^^^^^^^^
  File "C:\Users\yannb\Documents\1. Programmation\2. projet - site trading\Trading_app_version4\venv\Lib\site-packages\django\db\backends\utils.py", line 122, in execute
    return super().execute(sql, params)
           ~~~~~~~~~~~~~~~^^^^^^^^^^^^^
  File "C:\Users\yannb\Documents\1. Programmation\2. projet - site trading\Trading_app_version4\venv\Lib\site-packages\django\db\backends\utils.py", line 79, in execute
    return self._execute_with_wrappers(
           ~~~~~~~~~~~~~~~~~~~~~~~~~~~^
        sql, params, many=False, executor=self._execute
        ^^^^^^^^^^^^^^^^^^^^^^^^^^^^^^^^^^^^^^^^^^^^^^^
    )
    ^
  File "C:\Users\yannb\Documents\1. Programmation\2. projet - site trading\Trading_app_version4\venv\Lib\site-packages\django\db\backends\utils.py", line 92, in _execute_with_wrappers
    return executor(sql, params, many, context)
  File "C:\Users\yannb\Documents\1. Programmation\2. projet - site trading\Trading_app_version4\venv\Lib\site-packages\django\db\backends\utils.py", line 99, in _execute
    self.db.validate_no_broken_transaction()
    ~~~~~~~~~~~~~~~~~~~~~~~~~~~~~~~~~~~~~~^^
  File "C:\Users\yannb\Documents\1. Programmation\2. projet - site trading\Trading_app_version4\venv\Lib\site-packages\django\db\backends\base\base.py", line 521, in validate_no_broken_transaction
    raise TransactionManagementError(
    ...<2 lines>...
    ) from self.rollback_exc
django.db.transaction.TransactionManagementError: An error occurred in the current transaction. You can't execute queries until the end of the 'atomic' block.
[ERROR   ] 2026-01-02 15:26:34 | trading.sync.TradeSyncService  | _log_error:94 | ❌ Failed to sync trade 6475877445_5342707956: An error occurred in the current transaction. You can't execute queries until the end of the 'atomic' block.
Traceback (most recent call last):
  File "C:\Users\yannb\Documents\1. Programmation\2. projet - site trading\Trading_app_version4\venv\Lib\site-packages\django\db\backends\utils.py", line 105, in _execute
    return self.cursor.execute(sql, params)
           ~~~~~~~~~~~~~~~~~~~^^^^^^^^^^^^^
psycopg2.errors.UniqueViolation: duplicate key value violates unique constraint "trading_allassets_symbol_platform_3833b47a_uniq"
DETAIL:  Key (symbol, platform)=(AAPL:xnas, SAXO) already exists.


The above exception was the direct cause of the following exception:

Traceback (most recent call last):
  File "C:\Users\yannb\Documents\1. Programmation\2. projet - site trading\Trading_app_version4\backend\apps\trading\services\sync\trade_sync_service.py", line 381, in _get_or_create_all_asset
    all_asset = AllAssets.objects.create(
        symbol=broker_asset.symbol,  # Le vrai symbole, pas "UIC_xxxx"
    ...<10 lines>...
        saxo_country_code=raw_data.get('country_code', ''),
    )
  File "C:\Users\yannb\Documents\1. Programmation\2. projet - site trading\Trading_app_version4\venv\Lib\site-packages\django\db\models\manager.py", line 87, in manager_method
    return getattr(self.get_queryset(), name)(*args, **kwargs)
           ~~~~~~~~~~~~~~~~~~~~~~~~~~~~~~~~~~^^^^^^^^^^^^^^^^^
  File "C:\Users\yannb\Documents\1. Programmation\2. projet - site trading\Trading_app_version4\venv\Lib\site-packages\django\db\models\query.py", line 669, in create
    obj.save(force_insert=True, using=self.db)
    ~~~~~~~~^^^^^^^^^^^^^^^^^^^^^^^^^^^^^^^^^^
  File "C:\Users\yannb\Documents\1. Programmation\2. projet - site trading\Trading_app_version4\venv\Lib\site-packages\django\db\models\base.py", line 874, in save
    self.save_base(
    ~~~~~~~~~~~~~~^
        using=using,
        ^^^^^^^^^^^^
    ...<2 lines>...
        update_fields=update_fields,
        ^^^^^^^^^^^^^^^^^^^^^^^^^^^^
    )
    ^
  File "C:\Users\yannb\Documents\1. Programmation\2. projet - site trading\Trading_app_version4\venv\Lib\site-packages\django\db\models\base.py", line 966, in save_base
    updated = self._save_table(
        raw,
    ...<4 lines>...
        update_fields,
    )
  File "C:\Users\yannb\Documents\1. Programmation\2. projet - site trading\Trading_app_version4\venv\Lib\site-packages\django\db\models\base.py", line 1167, in _save_table
    results = self._do_insert(
        cls._base_manager, using, insert_fields, returning_fields, raw
    )
  File "C:\Users\yannb\Documents\1. Programmation\2. projet - site trading\Trading_app_version4\venv\Lib\site-packages\django\db\models\base.py", line 1218, in _do_insert
    return manager._insert(
           ~~~~~~~~~~~~~~~^
        [self],
        ^^^^^^^
    ...<3 lines>...
        raw=raw,
        ^^^^^^^^
    )
    ^
  File "C:\Users\yannb\Documents\1. Programmation\2. projet - site trading\Trading_app_version4\venv\Lib\site-packages\django\db\models\manager.py", line 87, in manager_method
    return getattr(self.get_queryset(), name)(*args, **kwargs)
           ~~~~~~~~~~~~~~~~~~~~~~~~~~~~~~~~~~^^^^^^^^^^^^^^^^^
  File "C:\Users\yannb\Documents\1. Programmation\2. projet - site trading\Trading_app_version4\venv\Lib\site-packages\django\db\models\query.py", line 1918, in _insert
    return query.get_compiler(using=using).execute_sql(returning_fields)
           ~~~~~~~~~~~~~~~~~~~~~~~~~~~~~~~~~~~~~~~~~~~^^^^^^^^^^^^^^^^^^
  File "C:\Users\yannb\Documents\1. Programmation\2. projet - site trading\Trading_app_version4\venv\Lib\site-packages\django\db\models\sql\compiler.py", line 1925, in execute_sql
    cursor.execute(sql, params)
    ~~~~~~~~~~~~~~^^^^^^^^^^^^^
  File "C:\Users\yannb\Documents\1. Programmation\2. projet - site trading\Trading_app_version4\venv\Lib\site-packages\django\db\backends\utils.py", line 122, in execute
    return super().execute(sql, params)
           ~~~~~~~~~~~~~~~^^^^^^^^^^^^^
  File "C:\Users\yannb\Documents\1. Programmation\2. projet - site trading\Trading_app_version4\venv\Lib\site-packages\django\db\backends\utils.py", line 79, in execute
    return self._execute_with_wrappers(
           ~~~~~~~~~~~~~~~~~~~~~~~~~~~^
        sql, params, many=False, executor=self._execute
        ^^^^^^^^^^^^^^^^^^^^^^^^^^^^^^^^^^^^^^^^^^^^^^^
    )
    ^
  File "C:\Users\yannb\Documents\1. Programmation\2. projet - site trading\Trading_app_version4\venv\Lib\site-packages\django\db\backends\utils.py", line 92, in _execute_with_wrappers
    return executor(sql, params, many, context)
  File "C:\Users\yannb\Documents\1. Programmation\2. projet - site trading\Trading_app_version4\venv\Lib\site-packages\django\db\backends\utils.py", line 100, in _execute
    with self.db.wrap_database_errors:
         ^^^^^^^^^^^^^^^^^^^^^^^^^^^^
  File "C:\Users\yannb\Documents\1. Programmation\2. projet - site trading\Trading_app_version4\venv\Lib\site-packages\django\db\utils.py", line 94, in __exit__
    raise dj_exc_value.with_traceback(traceback) from exc_value
  File "C:\Users\yannb\Documents\1. Programmation\2. projet - site trading\Trading_app_version4\venv\Lib\site-packages\django\db\backends\utils.py", line 105, in _execute
    return self.cursor.execute(sql, params)
           ~~~~~~~~~~~~~~~~~~~^^^^^^^^^^^^^
django.db.utils.IntegrityError: duplicate key value violates unique constraint "trading_allassets_symbol_platform_3833b47a_uniq"
DETAIL:  Key (symbol, platform)=(AAPL:xnas, SAXO) already exists.


The above exception was the direct cause of the following exception:

Traceback (most recent call last):
  File "C:\Users\yannb\Documents\1. Programmation\2. projet - site trading\Trading_app_version4\backend\apps\trading\services\sync\trade_sync_service.py", line 428, in _get_or_create_all_asset
    all_asset = AllAssets.objects.create(**create_kwargs)
  File "C:\Users\yannb\Documents\1. Programmation\2. projet - site trading\Trading_app_version4\venv\Lib\site-packages\django\db\models\manager.py", line 87, in manager_method
    return getattr(self.get_queryset(), name)(*args, **kwargs)
           ~~~~~~~~~~~~~~~~~~~~~~~~~~~~~~~~~~^^^^^^^^^^^^^^^^^
  File "C:\Users\yannb\Documents\1. Programmation\2. projet - site trading\Trading_app_version4\venv\Lib\site-packages\django\db\models\query.py", line 669, in create
    obj.save(force_insert=True, using=self.db)
    ~~~~~~~~^^^^^^^^^^^^^^^^^^^^^^^^^^^^^^^^^^
  File "C:\Users\yannb\Documents\1. Programmation\2. projet - site trading\Trading_app_version4\venv\Lib\site-packages\django\db\models\base.py", line 874, in save
    self.save_base(
    ~~~~~~~~~~~~~~^
        using=using,
        ^^^^^^^^^^^^
    ...<2 lines>...
        update_fields=update_fields,
        ^^^^^^^^^^^^^^^^^^^^^^^^^^^^
    )
    ^
  File "C:\Users\yannb\Documents\1. Programmation\2. projet - site trading\Trading_app_version4\venv\Lib\site-packages\django\db\models\base.py", line 966, in save_base
    updated = self._save_table(
        raw,
    ...<4 lines>...
        update_fields,
    )
  File "C:\Users\yannb\Documents\1. Programmation\2. projet - site trading\Trading_app_version4\venv\Lib\site-packages\django\db\models\base.py", line 1167, in _save_table
    results = self._do_insert(
        cls._base_manager, using, insert_fields, returning_fields, raw
    )
  File "C:\Users\yannb\Documents\1. Programmation\2. projet - site trading\Trading_app_version4\venv\Lib\site-packages\django\db\models\base.py", line 1218, in _do_insert
    return manager._insert(
           ~~~~~~~~~~~~~~~^
        [self],
        ^^^^^^^
    ...<3 lines>...
        raw=raw,
        ^^^^^^^^
    )
    ^
  File "C:\Users\yannb\Documents\1. Programmation\2. projet - site trading\Trading_app_version4\venv\Lib\site-packages\django\db\models\manager.py", line 87, in manager_method
    return getattr(self.get_queryset(), name)(*args, **kwargs)
           ~~~~~~~~~~~~~~~~~~~~~~~~~~~~~~~~~~^^^^^^^^^^^^^^^^^
  File "C:\Users\yannb\Documents\1. Programmation\2. projet - site trading\Trading_app_version4\venv\Lib\site-packages\django\db\models\query.py", line 1918, in _insert
    return query.get_compiler(using=using).execute_sql(returning_fields)
           ~~~~~~~~~~~~~~~~~~~~~~~~~~~~~~~~~~~~~~~~~~~^^^^^^^^^^^^^^^^^^
  File "C:\Users\yannb\Documents\1. Programmation\2. projet - site trading\Trading_app_version4\venv\Lib\site-packages\django\db\models\sql\compiler.py", line 1925, in execute_sql
    cursor.execute(sql, params)
    ~~~~~~~~~~~~~~^^^^^^^^^^^^^
  File "C:\Users\yannb\Documents\1. Programmation\2. projet - site trading\Trading_app_version4\venv\Lib\site-packages\django\db\backends\utils.py", line 122, in execute
    return super().execute(sql, params)
           ~~~~~~~~~~~~~~~^^^^^^^^^^^^^
  File "C:\Users\yannb\Documents\1. Programmation\2. projet - site trading\Trading_app_version4\venv\Lib\site-packages\django\db\backends\utils.py", line 79, in execute
    return self._execute_with_wrappers(
           ~~~~~~~~~~~~~~~~~~~~~~~~~~~^
        sql, params, many=False, executor=self._execute
        ^^^^^^^^^^^^^^^^^^^^^^^^^^^^^^^^^^^^^^^^^^^^^^^
    )
    ^
  File "C:\Users\yannb\Documents\1. Programmation\2. projet - site trading\Trading_app_version4\venv\Lib\site-packages\django\db\backends\utils.py", line 92, in _execute_with_wrappers
    return executor(sql, params, many, context)
  File "C:\Users\yannb\Documents\1. Programmation\2. projet - site trading\Trading_app_version4\venv\Lib\site-packages\django\db\backends\utils.py", line 99, in _execute
    self.db.validate_no_broken_transaction()
    ~~~~~~~~~~~~~~~~~~~~~~~~~~~~~~~~~~~~~~^^
  File "C:\Users\yannb\Documents\1. Programmation\2. projet - site trading\Trading_app_version4\venv\Lib\site-packages\django\db\backends\base\base.py", line 521, in validate_no_broken_transaction
    raise TransactionManagementError(
    ...<2 lines>...
    ) from self.rollback_exc
django.db.transaction.TransactionManagementError: An error occurred in the current transaction. You can't execute queries until the end of the 'atomic' block.

The above exception was the direct cause of the following exception:

Traceback (most recent call last):
  File "C:\Users\yannb\Documents\1. Programmation\2. projet - site trading\Trading_app_version4\backend\apps\trading\services\sync\trade_sync_service.py", line 157, in _sync_trades
    result = self._sync_single_trade(
        broker_account=broker_account,
        broker_trade=broker_trade,
    )
  File "C:\Users\yannb\Documents\1. Programmation\2. projet - site trading\Trading_app_version4\backend\apps\trading\services\sync\trade_sync_service.py", line 204, in _sync_single_trade
    ).first()
      ~~~~~^^
  File "C:\Users\yannb\Documents\1. Programmation\2. projet - site trading\Trading_app_version4\venv\Lib\site-packages\django\db\models\query.py", line 1145, in first
    for obj in queryset[:1]:
               ~~~~~~~~^^^^
  File "C:\Users\yannb\Documents\1. Programmation\2. projet - site trading\Trading_app_version4\venv\Lib\site-packages\django\db\models\query.py", line 390, in __iter__
    self._fetch_all()
    ~~~~~~~~~~~~~~~^^
  File "C:\Users\yannb\Documents\1. Programmation\2. projet - site trading\Trading_app_version4\venv\Lib\site-packages\django\db\models\query.py", line 2000, in _fetch_all
    self._result_cache = list(self._iterable_class(self))
                         ~~~~^^^^^^^^^^^^^^^^^^^^^^^^^^^^
  File "C:\Users\yannb\Documents\1. Programmation\2. projet - site trading\Trading_app_version4\venv\Lib\site-packages\django\db\models\query.py", line 95, in __iter__
    results = compiler.execute_sql(
        chunked_fetch=self.chunked_fetch, chunk_size=self.chunk_size
    )
  File "C:\Users\yannb\Documents\1. Programmation\2. projet - site trading\Trading_app_version4\venv\Lib\site-packages\django\db\models\sql\compiler.py", line 1624, in execute_sql
    cursor.execute(sql, params)
    ~~~~~~~~~~~~~~^^^^^^^^^^^^^
  File "C:\Users\yannb\Documents\1. Programmation\2. projet - site trading\Trading_app_version4\venv\Lib\site-packages\django\db\backends\utils.py", line 122, in execute
    return super().execute(sql, params)
           ~~~~~~~~~~~~~~~^^^^^^^^^^^^^
  File "C:\Users\yannb\Documents\1. Programmation\2. projet - site trading\Trading_app_version4\venv\Lib\site-packages\django\db\backends\utils.py", line 79, in execute
    return self._execute_with_wrappers(
           ~~~~~~~~~~~~~~~~~~~~~~~~~~~^
        sql, params, many=False, executor=self._execute
        ^^^^^^^^^^^^^^^^^^^^^^^^^^^^^^^^^^^^^^^^^^^^^^^
    )
    ^
  File "C:\Users\yannb\Documents\1. Programmation\2. projet - site trading\Trading_app_version4\venv\Lib\site-packages\django\db\backends\utils.py", line 92, in _execute_with_wrappers
    return executor(sql, params, many, context)
  File "C:\Users\yannb\Documents\1. Programmation\2. projet - site trading\Trading_app_version4\venv\Lib\site-packages\django\db\backends\utils.py", line 99, in _execute
    self.db.validate_no_broken_transaction()
    ~~~~~~~~~~~~~~~~~~~~~~~~~~~~~~~~~~~~~~^^
  File "C:\Users\yannb\Documents\1. Programmation\2. projet - site trading\Trading_app_version4\venv\Lib\site-packages\django\db\backends\base\base.py", line 521, in validate_no_broken_transaction
    raise TransactionManagementError(
    ...<2 lines>...
    ) from self.rollback_exc
django.db.transaction.TransactionManagementError: An error occurred in the current transaction. You can't execute queries until the end of the 'atomic' block.
[ERROR   ] 2026-01-02 15:26:34 | trading.sync.TradeSyncService  | _log_error:94 | ❌ Failed to sync trade 6452969284_5336775444: An error occurred in the current transaction. You can't execute queries until the end of the 'atomic' block.
Traceback (most recent call last):
  File "C:\Users\yannb\Documents\1. Programmation\2. projet - site trading\Trading_app_version4\venv\Lib\site-packages\django\db\backends\utils.py", line 105, in _execute
    return self.cursor.execute(sql, params)
           ~~~~~~~~~~~~~~~~~~~^^^^^^^^^^^^^
psycopg2.errors.UniqueViolation: duplicate key value violates unique constraint "trading_allassets_symbol_platform_3833b47a_uniq"
DETAIL:  Key (symbol, platform)=(AAPL:xnas, SAXO) already exists.


The above exception was the direct cause of the following exception:

Traceback (most recent call last):
  File "C:\Users\yannb\Documents\1. Programmation\2. projet - site trading\Trading_app_version4\backend\apps\trading\services\sync\trade_sync_service.py", line 381, in _get_or_create_all_asset
    all_asset = AllAssets.objects.create(
        symbol=broker_asset.symbol,  # Le vrai symbole, pas "UIC_xxxx"
    ...<10 lines>...
        saxo_country_code=raw_data.get('country_code', ''),
    )
  File "C:\Users\yannb\Documents\1. Programmation\2. projet - site trading\Trading_app_version4\venv\Lib\site-packages\django\db\models\manager.py", line 87, in manager_method
    return getattr(self.get_queryset(), name)(*args, **kwargs)
           ~~~~~~~~~~~~~~~~~~~~~~~~~~~~~~~~~~^^^^^^^^^^^^^^^^^
  File "C:\Users\yannb\Documents\1. Programmation\2. projet - site trading\Trading_app_version4\venv\Lib\site-packages\django\db\models\query.py", line 669, in create
    obj.save(force_insert=True, using=self.db)
    ~~~~~~~~^^^^^^^^^^^^^^^^^^^^^^^^^^^^^^^^^^
  File "C:\Users\yannb\Documents\1. Programmation\2. projet - site trading\Trading_app_version4\venv\Lib\site-packages\django\db\models\base.py", line 874, in save
    self.save_base(
    ~~~~~~~~~~~~~~^
        using=using,
        ^^^^^^^^^^^^
    ...<2 lines>...
        update_fields=update_fields,
        ^^^^^^^^^^^^^^^^^^^^^^^^^^^^
    )
    ^
  File "C:\Users\yannb\Documents\1. Programmation\2. projet - site trading\Trading_app_version4\venv\Lib\site-packages\django\db\models\base.py", line 966, in save_base
    updated = self._save_table(
        raw,
    ...<4 lines>...
        update_fields,
    )
  File "C:\Users\yannb\Documents\1. Programmation\2. projet - site trading\Trading_app_version4\venv\Lib\site-packages\django\db\models\base.py", line 1167, in _save_table
    results = self._do_insert(
        cls._base_manager, using, insert_fields, returning_fields, raw
    )
  File "C:\Users\yannb\Documents\1. Programmation\2. projet - site trading\Trading_app_version4\venv\Lib\site-packages\django\db\models\base.py", line 1218, in _do_insert
    return manager._insert(
           ~~~~~~~~~~~~~~~^
        [self],
        ^^^^^^^
    ...<3 lines>...
        raw=raw,
        ^^^^^^^^
    )
    ^
  File "C:\Users\yannb\Documents\1. Programmation\2. projet - site trading\Trading_app_version4\venv\Lib\site-packages\django\db\models\manager.py", line 87, in manager_method
    return getattr(self.get_queryset(), name)(*args, **kwargs)
           ~~~~~~~~~~~~~~~~~~~~~~~~~~~~~~~~~~^^^^^^^^^^^^^^^^^
  File "C:\Users\yannb\Documents\1. Programmation\2. projet - site trading\Trading_app_version4\venv\Lib\site-packages\django\db\models\query.py", line 1918, in _insert
    return query.get_compiler(using=using).execute_sql(returning_fields)
           ~~~~~~~~~~~~~~~~~~~~~~~~~~~~~~~~~~~~~~~~~~~^^^^^^^^^^^^^^^^^^
  File "C:\Users\yannb\Documents\1. Programmation\2. projet - site trading\Trading_app_version4\venv\Lib\site-packages\django\db\models\sql\compiler.py", line 1925, in execute_sql
    cursor.execute(sql, params)
    ~~~~~~~~~~~~~~^^^^^^^^^^^^^
  File "C:\Users\yannb\Documents\1. Programmation\2. projet - site trading\Trading_app_version4\venv\Lib\site-packages\django\db\backends\utils.py", line 122, in execute
    return super().execute(sql, params)
           ~~~~~~~~~~~~~~~^^^^^^^^^^^^^
  File "C:\Users\yannb\Documents\1. Programmation\2. projet - site trading\Trading_app_version4\venv\Lib\site-packages\django\db\backends\utils.py", line 79, in execute
    return self._execute_with_wrappers(
           ~~~~~~~~~~~~~~~~~~~~~~~~~~~^
        sql, params, many=False, executor=self._execute
        ^^^^^^^^^^^^^^^^^^^^^^^^^^^^^^^^^^^^^^^^^^^^^^^
    )
    ^
  File "C:\Users\yannb\Documents\1. Programmation\2. projet - site trading\Trading_app_version4\venv\Lib\site-packages\django\db\backends\utils.py", line 92, in _execute_with_wrappers
    return executor(sql, params, many, context)
  File "C:\Users\yannb\Documents\1. Programmation\2. projet - site trading\Trading_app_version4\venv\Lib\site-packages\django\db\backends\utils.py", line 100, in _execute
    with self.db.wrap_database_errors:
         ^^^^^^^^^^^^^^^^^^^^^^^^^^^^
  File "C:\Users\yannb\Documents\1. Programmation\2. projet - site trading\Trading_app_version4\venv\Lib\site-packages\django\db\utils.py", line 94, in __exit__
    raise dj_exc_value.with_traceback(traceback) from exc_value
  File "C:\Users\yannb\Documents\1. Programmation\2. projet - site trading\Trading_app_version4\venv\Lib\site-packages\django\db\backends\utils.py", line 105, in _execute
    return self.cursor.execute(sql, params)
           ~~~~~~~~~~~~~~~~~~~^^^^^^^^^^^^^
django.db.utils.IntegrityError: duplicate key value violates unique constraint "trading_allassets_symbol_platform_3833b47a_uniq"
DETAIL:  Key (symbol, platform)=(AAPL:xnas, SAXO) already exists.


The above exception was the direct cause of the following exception:

Traceback (most recent call last):
  File "C:\Users\yannb\Documents\1. Programmation\2. projet - site trading\Trading_app_version4\backend\apps\trading\services\sync\trade_sync_service.py", line 428, in _get_or_create_all_asset
    all_asset = AllAssets.objects.create(**create_kwargs)
  File "C:\Users\yannb\Documents\1. Programmation\2. projet - site trading\Trading_app_version4\venv\Lib\site-packages\django\db\models\manager.py", line 87, in manager_method
    return getattr(self.get_queryset(), name)(*args, **kwargs)
           ~~~~~~~~~~~~~~~~~~~~~~~~~~~~~~~~~~^^^^^^^^^^^^^^^^^
  File "C:\Users\yannb\Documents\1. Programmation\2. projet - site trading\Trading_app_version4\venv\Lib\site-packages\django\db\models\query.py", line 669, in create
    obj.save(force_insert=True, using=self.db)
    ~~~~~~~~^^^^^^^^^^^^^^^^^^^^^^^^^^^^^^^^^^
  File "C:\Users\yannb\Documents\1. Programmation\2. projet - site trading\Trading_app_version4\venv\Lib\site-packages\django\db\models\base.py", line 874, in save
    self.save_base(
    ~~~~~~~~~~~~~~^
        using=using,
        ^^^^^^^^^^^^
    ...<2 lines>...
        update_fields=update_fields,
        ^^^^^^^^^^^^^^^^^^^^^^^^^^^^
    )
    ^
  File "C:\Users\yannb\Documents\1. Programmation\2. projet - site trading\Trading_app_version4\venv\Lib\site-packages\django\db\models\base.py", line 966, in save_base
    updated = self._save_table(
        raw,
    ...<4 lines>...
        update_fields,
    )
  File "C:\Users\yannb\Documents\1. Programmation\2. projet - site trading\Trading_app_version4\venv\Lib\site-packages\django\db\models\base.py", line 1167, in _save_table
    results = self._do_insert(
        cls._base_manager, using, insert_fields, returning_fields, raw
    )
  File "C:\Users\yannb\Documents\1. Programmation\2. projet - site trading\Trading_app_version4\venv\Lib\site-packages\django\db\models\base.py", line 1218, in _do_insert
    return manager._insert(
           ~~~~~~~~~~~~~~~^
        [self],
        ^^^^^^^
    ...<3 lines>...
        raw=raw,
        ^^^^^^^^
    )
    ^
  File "C:\Users\yannb\Documents\1. Programmation\2. projet - site trading\Trading_app_version4\venv\Lib\site-packages\django\db\models\manager.py", line 87, in manager_method
    return getattr(self.get_queryset(), name)(*args, **kwargs)
           ~~~~~~~~~~~~~~~~~~~~~~~~~~~~~~~~~~^^^^^^^^^^^^^^^^^
  File "C:\Users\yannb\Documents\1. Programmation\2. projet - site trading\Trading_app_version4\venv\Lib\site-packages\django\db\models\query.py", line 1918, in _insert
    return query.get_compiler(using=using).execute_sql(returning_fields)
           ~~~~~~~~~~~~~~~~~~~~~~~~~~~~~~~~~~~~~~~~~~~^^^^^^^^^^^^^^^^^^
  File "C:\Users\yannb\Documents\1. Programmation\2. projet - site trading\Trading_app_version4\venv\Lib\site-packages\django\db\models\sql\compiler.py", line 1925, in execute_sql
    cursor.execute(sql, params)
    ~~~~~~~~~~~~~~^^^^^^^^^^^^^
  File "C:\Users\yannb\Documents\1. Programmation\2. projet - site trading\Trading_app_version4\venv\Lib\site-packages\django\db\backends\utils.py", line 122, in execute
    return super().execute(sql, params)
           ~~~~~~~~~~~~~~~^^^^^^^^^^^^^
  File "C:\Users\yannb\Documents\1. Programmation\2. projet - site trading\Trading_app_version4\venv\Lib\site-packages\django\db\backends\utils.py", line 79, in execute
    return self._execute_with_wrappers(
           ~~~~~~~~~~~~~~~~~~~~~~~~~~~^
        sql, params, many=False, executor=self._execute
        ^^^^^^^^^^^^^^^^^^^^^^^^^^^^^^^^^^^^^^^^^^^^^^^
    )
    ^
  File "C:\Users\yannb\Documents\1. Programmation\2. projet - site trading\Trading_app_version4\venv\Lib\site-packages\django\db\backends\utils.py", line 92, in _execute_with_wrappers
    return executor(sql, params, many, context)
  File "C:\Users\yannb\Documents\1. Programmation\2. projet - site trading\Trading_app_version4\venv\Lib\site-packages\django\db\backends\utils.py", line 99, in _execute
    self.db.validate_no_broken_transaction()
    ~~~~~~~~~~~~~~~~~~~~~~~~~~~~~~~~~~~~~~^^
  File "C:\Users\yannb\Documents\1. Programmation\2. projet - site trading\Trading_app_version4\venv\Lib\site-packages\django\db\backends\base\base.py", line 521, in validate_no_broken_transaction
    raise TransactionManagementError(
    ...<2 lines>...
    ) from self.rollback_exc
django.db.transaction.TransactionManagementError: An error occurred in the current transaction. You can't execute queries until the end of the 'atomic' block.

The above exception was the direct cause of the following exception:

Traceback (most recent call last):
  File "C:\Users\yannb\Documents\1. Programmation\2. projet - site trading\Trading_app_version4\backend\apps\trading\services\sync\trade_sync_service.py", line 157, in _sync_trades
    result = self._sync_single_trade(
        broker_account=broker_account,
        broker_trade=broker_trade,
    )
  File "C:\Users\yannb\Documents\1. Programmation\2. projet - site trading\Trading_app_version4\backend\apps\trading\services\sync\trade_sync_service.py", line 204, in _sync_single_trade
    ).first()
      ~~~~~^^
  File "C:\Users\yannb\Documents\1. Programmation\2. projet - site trading\Trading_app_version4\venv\Lib\site-packages\django\db\models\query.py", line 1145, in first
    for obj in queryset[:1]:
               ~~~~~~~~^^^^
  File "C:\Users\yannb\Documents\1. Programmation\2. projet - site trading\Trading_app_version4\venv\Lib\site-packages\django\db\models\query.py", line 390, in __iter__
    self._fetch_all()
    ~~~~~~~~~~~~~~~^^
  File "C:\Users\yannb\Documents\1. Programmation\2. projet - site trading\Trading_app_version4\venv\Lib\site-packages\django\db\models\query.py", line 2000, in _fetch_all
    self._result_cache = list(self._iterable_class(self))
                         ~~~~^^^^^^^^^^^^^^^^^^^^^^^^^^^^
  File "C:\Users\yannb\Documents\1. Programmation\2. projet - site trading\Trading_app_version4\venv\Lib\site-packages\django\db\models\query.py", line 95, in __iter__
    results = compiler.execute_sql(
        chunked_fetch=self.chunked_fetch, chunk_size=self.chunk_size
    )
  File "C:\Users\yannb\Documents\1. Programmation\2. projet - site trading\Trading_app_version4\venv\Lib\site-packages\django\db\models\sql\compiler.py", line 1624, in execute_sql
    cursor.execute(sql, params)
    ~~~~~~~~~~~~~~^^^^^^^^^^^^^
  File "C:\Users\yannb\Documents\1. Programmation\2. projet - site trading\Trading_app_version4\venv\Lib\site-packages\django\db\backends\utils.py", line 122, in execute
    return super().execute(sql, params)
           ~~~~~~~~~~~~~~~^^^^^^^^^^^^^
  File "C:\Users\yannb\Documents\1. Programmation\2. projet - site trading\Trading_app_version4\venv\Lib\site-packages\django\db\backends\utils.py", line 79, in execute
    return self._execute_with_wrappers(
           ~~~~~~~~~~~~~~~~~~~~~~~~~~~^
        sql, params, many=False, executor=self._execute
        ^^^^^^^^^^^^^^^^^^^^^^^^^^^^^^^^^^^^^^^^^^^^^^^
    )
    ^
  File "C:\Users\yannb\Documents\1. Programmation\2. projet - site trading\Trading_app_version4\venv\Lib\site-packages\django\db\backends\utils.py", line 92, in _execute_with_wrappers
    return executor(sql, params, many, context)
  File "C:\Users\yannb\Documents\1. Programmation\2. projet - site trading\Trading_app_version4\venv\Lib\site-packages\django\db\backends\utils.py", line 99, in _execute
    self.db.validate_no_broken_transaction()
    ~~~~~~~~~~~~~~~~~~~~~~~~~~~~~~~~~~~~~~^^
  File "C:\Users\yannb\Documents\1. Programmation\2. projet - site trading\Trading_app_version4\venv\Lib\site-packages\django\db\backends\base\base.py", line 521, in validate_no_broken_transaction
    raise TransactionManagementError(
    ...<2 lines>...
    ) from self.rollback_exc
django.db.transaction.TransactionManagementError: An error occurred in the current transaction. You can't execute queries until the end of the 'atomic' block.
[ERROR   ] 2026-01-02 15:26:34 | trading.sync.TradeSyncService  | _log_error:94 | ❌ Failed to sync trade 6442596974_5333880900: An error occurred in the current transaction. You can't execute queries until the end of the 'atomic' block.
Traceback (most recent call last):
  File "C:\Users\yannb\Documents\1. Programmation\2. projet - site trading\Trading_app_version4\venv\Lib\site-packages\django\db\backends\utils.py", line 105, in _execute
    return self.cursor.execute(sql, params)
           ~~~~~~~~~~~~~~~~~~~^^^^^^^^^^^^^
psycopg2.errors.UniqueViolation: duplicate key value violates unique constraint "trading_allassets_symbol_platform_3833b47a_uniq"
DETAIL:  Key (symbol, platform)=(AAPL:xnas, SAXO) already exists.


The above exception was the direct cause of the following exception:

Traceback (most recent call last):
  File "C:\Users\yannb\Documents\1. Programmation\2. projet - site trading\Trading_app_version4\backend\apps\trading\services\sync\trade_sync_service.py", line 381, in _get_or_create_all_asset
    all_asset = AllAssets.objects.create(
        symbol=broker_asset.symbol,  # Le vrai symbole, pas "UIC_xxxx"
    ...<10 lines>...
        saxo_country_code=raw_data.get('country_code', ''),
    )
  File "C:\Users\yannb\Documents\1. Programmation\2. projet - site trading\Trading_app_version4\venv\Lib\site-packages\django\db\models\manager.py", line 87, in manager_method
    return getattr(self.get_queryset(), name)(*args, **kwargs)
           ~~~~~~~~~~~~~~~~~~~~~~~~~~~~~~~~~~^^^^^^^^^^^^^^^^^
  File "C:\Users\yannb\Documents\1. Programmation\2. projet - site trading\Trading_app_version4\venv\Lib\site-packages\django\db\models\query.py", line 669, in create
    obj.save(force_insert=True, using=self.db)
    ~~~~~~~~^^^^^^^^^^^^^^^^^^^^^^^^^^^^^^^^^^
  File "C:\Users\yannb\Documents\1. Programmation\2. projet - site trading\Trading_app_version4\venv\Lib\site-packages\django\db\models\base.py", line 874, in save
    self.save_base(
    ~~~~~~~~~~~~~~^
        using=using,
        ^^^^^^^^^^^^
    ...<2 lines>...
        update_fields=update_fields,
        ^^^^^^^^^^^^^^^^^^^^^^^^^^^^
    )
    ^
  File "C:\Users\yannb\Documents\1. Programmation\2. projet - site trading\Trading_app_version4\venv\Lib\site-packages\django\db\models\base.py", line 966, in save_base
    updated = self._save_table(
        raw,
    ...<4 lines>...
        update_fields,
    )
  File "C:\Users\yannb\Documents\1. Programmation\2. projet - site trading\Trading_app_version4\venv\Lib\site-packages\django\db\models\base.py", line 1167, in _save_table
    results = self._do_insert(
        cls._base_manager, using, insert_fields, returning_fields, raw
    )
  File "C:\Users\yannb\Documents\1. Programmation\2. projet - site trading\Trading_app_version4\venv\Lib\site-packages\django\db\models\base.py", line 1218, in _do_insert
    return manager._insert(
           ~~~~~~~~~~~~~~~^
        [self],
        ^^^^^^^
    ...<3 lines>...
        raw=raw,
        ^^^^^^^^
    )
    ^
  File "C:\Users\yannb\Documents\1. Programmation\2. projet - site trading\Trading_app_version4\venv\Lib\site-packages\django\db\models\manager.py", line 87, in manager_method
    return getattr(self.get_queryset(), name)(*args, **kwargs)
           ~~~~~~~~~~~~~~~~~~~~~~~~~~~~~~~~~~^^^^^^^^^^^^^^^^^
  File "C:\Users\yannb\Documents\1. Programmation\2. projet - site trading\Trading_app_version4\venv\Lib\site-packages\django\db\models\query.py", line 1918, in _insert
    return query.get_compiler(using=using).execute_sql(returning_fields)
           ~~~~~~~~~~~~~~~~~~~~~~~~~~~~~~~~~~~~~~~~~~~^^^^^^^^^^^^^^^^^^
  File "C:\Users\yannb\Documents\1. Programmation\2. projet - site trading\Trading_app_version4\venv\Lib\site-packages\django\db\models\sql\compiler.py", line 1925, in execute_sql
    cursor.execute(sql, params)
    ~~~~~~~~~~~~~~^^^^^^^^^^^^^
  File "C:\Users\yannb\Documents\1. Programmation\2. projet - site trading\Trading_app_version4\venv\Lib\site-packages\django\db\backends\utils.py", line 122, in execute
    return super().execute(sql, params)
           ~~~~~~~~~~~~~~~^^^^^^^^^^^^^
  File "C:\Users\yannb\Documents\1. Programmation\2. projet - site trading\Trading_app_version4\venv\Lib\site-packages\django\db\backends\utils.py", line 79, in execute
    return self._execute_with_wrappers(
           ~~~~~~~~~~~~~~~~~~~~~~~~~~~^
        sql, params, many=False, executor=self._execute
        ^^^^^^^^^^^^^^^^^^^^^^^^^^^^^^^^^^^^^^^^^^^^^^^
    )
    ^
  File "C:\Users\yannb\Documents\1. Programmation\2. projet - site trading\Trading_app_version4\venv\Lib\site-packages\django\db\backends\utils.py", line 92, in _execute_with_wrappers
    return executor(sql, params, many, context)
  File "C:\Users\yannb\Documents\1. Programmation\2. projet - site trading\Trading_app_version4\venv\Lib\site-packages\django\db\backends\utils.py", line 100, in _execute
    with self.db.wrap_database_errors:
         ^^^^^^^^^^^^^^^^^^^^^^^^^^^^
  File "C:\Users\yannb\Documents\1. Programmation\2. projet - site trading\Trading_app_version4\venv\Lib\site-packages\django\db\utils.py", line 94, in __exit__
    raise dj_exc_value.with_traceback(traceback) from exc_value
  File "C:\Users\yannb\Documents\1. Programmation\2. projet - site trading\Trading_app_version4\venv\Lib\site-packages\django\db\backends\utils.py", line 105, in _execute
    return self.cursor.execute(sql, params)
           ~~~~~~~~~~~~~~~~~~~^^^^^^^^^^^^^
django.db.utils.IntegrityError: duplicate key value violates unique constraint "trading_allassets_symbol_platform_3833b47a_uniq"
DETAIL:  Key (symbol, platform)=(AAPL:xnas, SAXO) already exists.


The above exception was the direct cause of the following exception:

Traceback (most recent call last):
  File "C:\Users\yannb\Documents\1. Programmation\2. projet - site trading\Trading_app_version4\backend\apps\trading\services\sync\trade_sync_service.py", line 428, in _get_or_create_all_asset
    all_asset = AllAssets.objects.create(**create_kwargs)
  File "C:\Users\yannb\Documents\1. Programmation\2. projet - site trading\Trading_app_version4\venv\Lib\site-packages\django\db\models\manager.py", line 87, in manager_method
    return getattr(self.get_queryset(), name)(*args, **kwargs)
           ~~~~~~~~~~~~~~~~~~~~~~~~~~~~~~~~~~^^^^^^^^^^^^^^^^^
  File "C:\Users\yannb\Documents\1. Programmation\2. projet - site trading\Trading_app_version4\venv\Lib\site-packages\django\db\models\query.py", line 669, in create
    obj.save(force_insert=True, using=self.db)
    ~~~~~~~~^^^^^^^^^^^^^^^^^^^^^^^^^^^^^^^^^^
  File "C:\Users\yannb\Documents\1. Programmation\2. projet - site trading\Trading_app_version4\venv\Lib\site-packages\django\db\models\base.py", line 874, in save
    self.save_base(
    ~~~~~~~~~~~~~~^
        using=using,
        ^^^^^^^^^^^^
    ...<2 lines>...
        update_fields=update_fields,
        ^^^^^^^^^^^^^^^^^^^^^^^^^^^^
    )
    ^
  File "C:\Users\yannb\Documents\1. Programmation\2. projet - site trading\Trading_app_version4\venv\Lib\site-packages\django\db\models\base.py", line 966, in save_base
    updated = self._save_table(
        raw,
    ...<4 lines>...
        update_fields,
    )
  File "C:\Users\yannb\Documents\1. Programmation\2. projet - site trading\Trading_app_version4\venv\Lib\site-packages\django\db\models\base.py", line 1167, in _save_table
    results = self._do_insert(
        cls._base_manager, using, insert_fields, returning_fields, raw
    )
  File "C:\Users\yannb\Documents\1. Programmation\2. projet - site trading\Trading_app_version4\venv\Lib\site-packages\django\db\models\base.py", line 1218, in _do_insert
    return manager._insert(
           ~~~~~~~~~~~~~~~^
        [self],
        ^^^^^^^
    ...<3 lines>...
        raw=raw,
        ^^^^^^^^
    )
    ^
  File "C:\Users\yannb\Documents\1. Programmation\2. projet - site trading\Trading_app_version4\venv\Lib\site-packages\django\db\models\manager.py", line 87, in manager_method
    return getattr(self.get_queryset(), name)(*args, **kwargs)
           ~~~~~~~~~~~~~~~~~~~~~~~~~~~~~~~~~~^^^^^^^^^^^^^^^^^
  File "C:\Users\yannb\Documents\1. Programmation\2. projet - site trading\Trading_app_version4\venv\Lib\site-packages\django\db\models\query.py", line 1918, in _insert
    return query.get_compiler(using=using).execute_sql(returning_fields)
           ~~~~~~~~~~~~~~~~~~~~~~~~~~~~~~~~~~~~~~~~~~~^^^^^^^^^^^^^^^^^^
  File "C:\Users\yannb\Documents\1. Programmation\2. projet - site trading\Trading_app_version4\venv\Lib\site-packages\django\db\models\sql\compiler.py", line 1925, in execute_sql
    cursor.execute(sql, params)
    ~~~~~~~~~~~~~~^^^^^^^^^^^^^
  File "C:\Users\yannb\Documents\1. Programmation\2. projet - site trading\Trading_app_version4\venv\Lib\site-packages\django\db\backends\utils.py", line 122, in execute
    return super().execute(sql, params)
           ~~~~~~~~~~~~~~~^^^^^^^^^^^^^
  File "C:\Users\yannb\Documents\1. Programmation\2. projet - site trading\Trading_app_version4\venv\Lib\site-packages\django\db\backends\utils.py", line 79, in execute
    return self._execute_with_wrappers(
           ~~~~~~~~~~~~~~~~~~~~~~~~~~~^
        sql, params, many=False, executor=self._execute
        ^^^^^^^^^^^^^^^^^^^^^^^^^^^^^^^^^^^^^^^^^^^^^^^
    )
    ^
  File "C:\Users\yannb\Documents\1. Programmation\2. projet - site trading\Trading_app_version4\venv\Lib\site-packages\django\db\backends\utils.py", line 92, in _execute_with_wrappers
    return executor(sql, params, many, context)
  File "C:\Users\yannb\Documents\1. Programmation\2. projet - site trading\Trading_app_version4\venv\Lib\site-packages\django\db\backends\utils.py", line 99, in _execute
    self.db.validate_no_broken_transaction()
    ~~~~~~~~~~~~~~~~~~~~~~~~~~~~~~~~~~~~~~^^
  File "C:\Users\yannb\Documents\1. Programmation\2. projet - site trading\Trading_app_version4\venv\Lib\site-packages\django\db\backends\base\base.py", line 521, in validate_no_broken_transaction
    raise TransactionManagementError(
    ...<2 lines>...
    ) from self.rollback_exc
django.db.transaction.TransactionManagementError: An error occurred in the current transaction. You can't execute queries until the end of the 'atomic' block.

The above exception was the direct cause of the following exception:

Traceback (most recent call last):
  File "C:\Users\yannb\Documents\1. Programmation\2. projet - site trading\Trading_app_version4\backend\apps\trading\services\sync\trade_sync_service.py", line 157, in _sync_trades
    result = self._sync_single_trade(
        broker_account=broker_account,
        broker_trade=broker_trade,
    )
  File "C:\Users\yannb\Documents\1. Programmation\2. projet - site trading\Trading_app_version4\backend\apps\trading\services\sync\trade_sync_service.py", line 204, in _sync_single_trade
    ).first()
      ~~~~~^^
  File "C:\Users\yannb\Documents\1. Programmation\2. projet - site trading\Trading_app_version4\venv\Lib\site-packages\django\db\models\query.py", line 1145, in first
    for obj in queryset[:1]:
               ~~~~~~~~^^^^
  File "C:\Users\yannb\Documents\1. Programmation\2. projet - site trading\Trading_app_version4\venv\Lib\site-packages\django\db\models\query.py", line 390, in __iter__
    self._fetch_all()
    ~~~~~~~~~~~~~~~^^
  File "C:\Users\yannb\Documents\1. Programmation\2. projet - site trading\Trading_app_version4\venv\Lib\site-packages\django\db\models\query.py", line 2000, in _fetch_all
    self._result_cache = list(self._iterable_class(self))
                         ~~~~^^^^^^^^^^^^^^^^^^^^^^^^^^^^
  File "C:\Users\yannb\Documents\1. Programmation\2. projet - site trading\Trading_app_version4\venv\Lib\site-packages\django\db\models\query.py", line 95, in __iter__
    results = compiler.execute_sql(
        chunked_fetch=self.chunked_fetch, chunk_size=self.chunk_size
    )
  File "C:\Users\yannb\Documents\1. Programmation\2. projet - site trading\Trading_app_version4\venv\Lib\site-packages\django\db\models\sql\compiler.py", line 1624, in execute_sql
    cursor.execute(sql, params)
    ~~~~~~~~~~~~~~^^^^^^^^^^^^^
  File "C:\Users\yannb\Documents\1. Programmation\2. projet - site trading\Trading_app_version4\venv\Lib\site-packages\django\db\backends\utils.py", line 122, in execute
    return super().execute(sql, params)
           ~~~~~~~~~~~~~~~^^^^^^^^^^^^^
  File "C:\Users\yannb\Documents\1. Programmation\2. projet - site trading\Trading_app_version4\venv\Lib\site-packages\django\db\backends\utils.py", line 79, in execute
    return self._execute_with_wrappers(
           ~~~~~~~~~~~~~~~~~~~~~~~~~~~^
        sql, params, many=False, executor=self._execute
        ^^^^^^^^^^^^^^^^^^^^^^^^^^^^^^^^^^^^^^^^^^^^^^^
    )
    ^
  File "C:\Users\yannb\Documents\1. Programmation\2. projet - site trading\Trading_app_version4\venv\Lib\site-packages\django\db\backends\utils.py", line 92, in _execute_with_wrappers
    return executor(sql, params, many, context)
  File "C:\Users\yannb\Documents\1. Programmation\2. projet - site trading\Trading_app_version4\venv\Lib\site-packages\django\db\backends\utils.py", line 99, in _execute
    self.db.validate_no_broken_transaction()
    ~~~~~~~~~~~~~~~~~~~~~~~~~~~~~~~~~~~~~~^^
  File "C:\Users\yannb\Documents\1. Programmation\2. projet - site trading\Trading_app_version4\venv\Lib\site-packages\django\db\backends\base\base.py", line 521, in validate_no_broken_transaction
    raise TransactionManagementError(
    ...<2 lines>...
    ) from self.rollback_exc
django.db.transaction.TransactionManagementError: An error occurred in the current transaction. You can't execute queries until the end of the 'atomic' block.
[ERROR   ] 2026-01-02 15:26:34 | trading.sync.TradeSyncService  | _log_error:94 | ❌ Failed to sync trade 6436034088_5332113701: An error occurred in the current transaction. You can't execute queries until the end of the 'atomic' block.
Traceback (most recent call last):
  File "C:\Users\yannb\Documents\1. Programmation\2. projet - site trading\Trading_app_version4\venv\Lib\site-packages\django\db\backends\utils.py", line 105, in _execute
    return self.cursor.execute(sql, params)
           ~~~~~~~~~~~~~~~~~~~^^^^^^^^^^^^^
psycopg2.errors.UniqueViolation: duplicate key value violates unique constraint "trading_allassets_symbol_platform_3833b47a_uniq"
DETAIL:  Key (symbol, platform)=(AAPL:xnas, SAXO) already exists.


The above exception was the direct cause of the following exception:

Traceback (most recent call last):
  File "C:\Users\yannb\Documents\1. Programmation\2. projet - site trading\Trading_app_version4\backend\apps\trading\services\sync\trade_sync_service.py", line 381, in _get_or_create_all_asset
    all_asset = AllAssets.objects.create(
        symbol=broker_asset.symbol,  # Le vrai symbole, pas "UIC_xxxx"
    ...<10 lines>...
        saxo_country_code=raw_data.get('country_code', ''),
    )
  File "C:\Users\yannb\Documents\1. Programmation\2. projet - site trading\Trading_app_version4\venv\Lib\site-packages\django\db\models\manager.py", line 87, in manager_method
    return getattr(self.get_queryset(), name)(*args, **kwargs)
           ~~~~~~~~~~~~~~~~~~~~~~~~~~~~~~~~~~^^^^^^^^^^^^^^^^^
  File "C:\Users\yannb\Documents\1. Programmation\2. projet - site trading\Trading_app_version4\venv\Lib\site-packages\django\db\models\query.py", line 669, in create
    obj.save(force_insert=True, using=self.db)
    ~~~~~~~~^^^^^^^^^^^^^^^^^^^^^^^^^^^^^^^^^^
  File "C:\Users\yannb\Documents\1. Programmation\2. projet - site trading\Trading_app_version4\venv\Lib\site-packages\django\db\models\base.py", line 874, in save
    self.save_base(
    ~~~~~~~~~~~~~~^
        using=using,
        ^^^^^^^^^^^^
    ...<2 lines>...
        update_fields=update_fields,
        ^^^^^^^^^^^^^^^^^^^^^^^^^^^^
    )
    ^
  File "C:\Users\yannb\Documents\1. Programmation\2. projet - site trading\Trading_app_version4\venv\Lib\site-packages\django\db\models\base.py", line 966, in save_base
    updated = self._save_table(
        raw,
    ...<4 lines>...
        update_fields,
    )
  File "C:\Users\yannb\Documents\1. Programmation\2. projet - site trading\Trading_app_version4\venv\Lib\site-packages\django\db\models\base.py", line 1167, in _save_table
    results = self._do_insert(
        cls._base_manager, using, insert_fields, returning_fields, raw
    )
  File "C:\Users\yannb\Documents\1. Programmation\2. projet - site trading\Trading_app_version4\venv\Lib\site-packages\django\db\models\base.py", line 1218, in _do_insert
    return manager._insert(
           ~~~~~~~~~~~~~~~^
        [self],
        ^^^^^^^
    ...<3 lines>...
        raw=raw,
        ^^^^^^^^
    )
    ^
  File "C:\Users\yannb\Documents\1. Programmation\2. projet - site trading\Trading_app_version4\venv\Lib\site-packages\django\db\models\manager.py", line 87, in manager_method
    return getattr(self.get_queryset(), name)(*args, **kwargs)
           ~~~~~~~~~~~~~~~~~~~~~~~~~~~~~~~~~~^^^^^^^^^^^^^^^^^
  File "C:\Users\yannb\Documents\1. Programmation\2. projet - site trading\Trading_app_version4\venv\Lib\site-packages\django\db\models\query.py", line 1918, in _insert
    return query.get_compiler(using=using).execute_sql(returning_fields)
           ~~~~~~~~~~~~~~~~~~~~~~~~~~~~~~~~~~~~~~~~~~~^^^^^^^^^^^^^^^^^^
  File "C:\Users\yannb\Documents\1. Programmation\2. projet - site trading\Trading_app_version4\venv\Lib\site-packages\django\db\models\sql\compiler.py", line 1925, in execute_sql
    cursor.execute(sql, params)
    ~~~~~~~~~~~~~~^^^^^^^^^^^^^
  File "C:\Users\yannb\Documents\1. Programmation\2. projet - site trading\Trading_app_version4\venv\Lib\site-packages\django\db\backends\utils.py", line 122, in execute
    return super().execute(sql, params)
           ~~~~~~~~~~~~~~~^^^^^^^^^^^^^
  File "C:\Users\yannb\Documents\1. Programmation\2. projet - site trading\Trading_app_version4\venv\Lib\site-packages\django\db\backends\utils.py", line 79, in execute
    return self._execute_with_wrappers(
           ~~~~~~~~~~~~~~~~~~~~~~~~~~~^
        sql, params, many=False, executor=self._execute
        ^^^^^^^^^^^^^^^^^^^^^^^^^^^^^^^^^^^^^^^^^^^^^^^
    )
    ^
  File "C:\Users\yannb\Documents\1. Programmation\2. projet - site trading\Trading_app_version4\venv\Lib\site-packages\django\db\backends\utils.py", line 92, in _execute_with_wrappers
    return executor(sql, params, many, context)
  File "C:\Users\yannb\Documents\1. Programmation\2. projet - site trading\Trading_app_version4\venv\Lib\site-packages\django\db\backends\utils.py", line 100, in _execute
    with self.db.wrap_database_errors:
         ^^^^^^^^^^^^^^^^^^^^^^^^^^^^
  File "C:\Users\yannb\Documents\1. Programmation\2. projet - site trading\Trading_app_version4\venv\Lib\site-packages\django\db\utils.py", line 94, in __exit__
    raise dj_exc_value.with_traceback(traceback) from exc_value
  File "C:\Users\yannb\Documents\1. Programmation\2. projet - site trading\Trading_app_version4\venv\Lib\site-packages\django\db\backends\utils.py", line 105, in _execute
    return self.cursor.execute(sql, params)
           ~~~~~~~~~~~~~~~~~~~^^^^^^^^^^^^^
django.db.utils.IntegrityError: duplicate key value violates unique constraint "trading_allassets_symbol_platform_3833b47a_uniq"
DETAIL:  Key (symbol, platform)=(AAPL:xnas, SAXO) already exists.


The above exception was the direct cause of the following exception:

Traceback (most recent call last):
  File "C:\Users\yannb\Documents\1. Programmation\2. projet - site trading\Trading_app_version4\backend\apps\trading\services\sync\trade_sync_service.py", line 428, in _get_or_create_all_asset
    all_asset = AllAssets.objects.create(**create_kwargs)
  File "C:\Users\yannb\Documents\1. Programmation\2. projet - site trading\Trading_app_version4\venv\Lib\site-packages\django\db\models\manager.py", line 87, in manager_method
    return getattr(self.get_queryset(), name)(*args, **kwargs)
           ~~~~~~~~~~~~~~~~~~~~~~~~~~~~~~~~~~^^^^^^^^^^^^^^^^^
  File "C:\Users\yannb\Documents\1. Programmation\2. projet - site trading\Trading_app_version4\venv\Lib\site-packages\django\db\models\query.py", line 669, in create
    obj.save(force_insert=True, using=self.db)
    ~~~~~~~~^^^^^^^^^^^^^^^^^^^^^^^^^^^^^^^^^^
  File "C:\Users\yannb\Documents\1. Programmation\2. projet - site trading\Trading_app_version4\venv\Lib\site-packages\django\db\models\base.py", line 874, in save
    self.save_base(
    ~~~~~~~~~~~~~~^
        using=using,
        ^^^^^^^^^^^^
    ...<2 lines>...
        update_fields=update_fields,
        ^^^^^^^^^^^^^^^^^^^^^^^^^^^^
    )
    ^
  File "C:\Users\yannb\Documents\1. Programmation\2. projet - site trading\Trading_app_version4\venv\Lib\site-packages\django\db\models\base.py", line 966, in save_base
    updated = self._save_table(
        raw,
    ...<4 lines>...
        update_fields,
    )
  File "C:\Users\yannb\Documents\1. Programmation\2. projet - site trading\Trading_app_version4\venv\Lib\site-packages\django\db\models\base.py", line 1167, in _save_table
    results = self._do_insert(
        cls._base_manager, using, insert_fields, returning_fields, raw
    )
  File "C:\Users\yannb\Documents\1. Programmation\2. projet - site trading\Trading_app_version4\venv\Lib\site-packages\django\db\models\base.py", line 1218, in _do_insert
    return manager._insert(
           ~~~~~~~~~~~~~~~^
        [self],
        ^^^^^^^
    ...<3 lines>...
        raw=raw,
        ^^^^^^^^
    )
    ^
  File "C:\Users\yannb\Documents\1. Programmation\2. projet - site trading\Trading_app_version4\venv\Lib\site-packages\django\db\models\manager.py", line 87, in manager_method
    return getattr(self.get_queryset(), name)(*args, **kwargs)
           ~~~~~~~~~~~~~~~~~~~~~~~~~~~~~~~~~~^^^^^^^^^^^^^^^^^
  File "C:\Users\yannb\Documents\1. Programmation\2. projet - site trading\Trading_app_version4\venv\Lib\site-packages\django\db\models\query.py", line 1918, in _insert
    return query.get_compiler(using=using).execute_sql(returning_fields)
           ~~~~~~~~~~~~~~~~~~~~~~~~~~~~~~~~~~~~~~~~~~~^^^^^^^^^^^^^^^^^^
  File "C:\Users\yannb\Documents\1. Programmation\2. projet - site trading\Trading_app_version4\venv\Lib\site-packages\django\db\models\sql\compiler.py", line 1925, in execute_sql
    cursor.execute(sql, params)
    ~~~~~~~~~~~~~~^^^^^^^^^^^^^
  File "C:\Users\yannb\Documents\1. Programmation\2. projet - site trading\Trading_app_version4\venv\Lib\site-packages\django\db\backends\utils.py", line 122, in execute
    return super().execute(sql, params)
           ~~~~~~~~~~~~~~~^^^^^^^^^^^^^
  File "C:\Users\yannb\Documents\1. Programmation\2. projet - site trading\Trading_app_version4\venv\Lib\site-packages\django\db\backends\utils.py", line 79, in execute
    return self._execute_with_wrappers(
           ~~~~~~~~~~~~~~~~~~~~~~~~~~~^
        sql, params, many=False, executor=self._execute
        ^^^^^^^^^^^^^^^^^^^^^^^^^^^^^^^^^^^^^^^^^^^^^^^
    )
    ^
  File "C:\Users\yannb\Documents\1. Programmation\2. projet - site trading\Trading_app_version4\venv\Lib\site-packages\django\db\backends\utils.py", line 92, in _execute_with_wrappers
    return executor(sql, params, many, context)
  File "C:\Users\yannb\Documents\1. Programmation\2. projet - site trading\Trading_app_version4\venv\Lib\site-packages\django\db\backends\utils.py", line 99, in _execute
    self.db.validate_no_broken_transaction()
    ~~~~~~~~~~~~~~~~~~~~~~~~~~~~~~~~~~~~~~^^
  File "C:\Users\yannb\Documents\1. Programmation\2. projet - site trading\Trading_app_version4\venv\Lib\site-packages\django\db\backends\base\base.py", line 521, in validate_no_broken_transaction
    raise TransactionManagementError(
    ...<2 lines>...
    ) from self.rollback_exc
django.db.transaction.TransactionManagementError: An error occurred in the current transaction. You can't execute queries until the end of the 'atomic' block.

The above exception was the direct cause of the following exception:

Traceback (most recent call last):
  File "C:\Users\yannb\Documents\1. Programmation\2. projet - site trading\Trading_app_version4\backend\apps\trading\services\sync\trade_sync_service.py", line 157, in _sync_trades
    result = self._sync_single_trade(
        broker_account=broker_account,
        broker_trade=broker_trade,
    )
  File "C:\Users\yannb\Documents\1. Programmation\2. projet - site trading\Trading_app_version4\backend\apps\trading\services\sync\trade_sync_service.py", line 204, in _sync_single_trade
    ).first()
      ~~~~~^^
  File "C:\Users\yannb\Documents\1. Programmation\2. projet - site trading\Trading_app_version4\venv\Lib\site-packages\django\db\models\query.py", line 1145, in first
    for obj in queryset[:1]:
               ~~~~~~~~^^^^
  File "C:\Users\yannb\Documents\1. Programmation\2. projet - site trading\Trading_app_version4\venv\Lib\site-packages\django\db\models\query.py", line 390, in __iter__
    self._fetch_all()
    ~~~~~~~~~~~~~~~^^
  File "C:\Users\yannb\Documents\1. Programmation\2. projet - site trading\Trading_app_version4\venv\Lib\site-packages\django\db\models\query.py", line 2000, in _fetch_all
    self._result_cache = list(self._iterable_class(self))
                         ~~~~^^^^^^^^^^^^^^^^^^^^^^^^^^^^
  File "C:\Users\yannb\Documents\1. Programmation\2. projet - site trading\Trading_app_version4\venv\Lib\site-packages\django\db\models\query.py", line 95, in __iter__
    results = compiler.execute_sql(
        chunked_fetch=self.chunked_fetch, chunk_size=self.chunk_size
    )
  File "C:\Users\yannb\Documents\1. Programmation\2. projet - site trading\Trading_app_version4\venv\Lib\site-packages\django\db\models\sql\compiler.py", line 1624, in execute_sql
    cursor.execute(sql, params)
    ~~~~~~~~~~~~~~^^^^^^^^^^^^^
  File "C:\Users\yannb\Documents\1. Programmation\2. projet - site trading\Trading_app_version4\venv\Lib\site-packages\django\db\backends\utils.py", line 122, in execute
    return super().execute(sql, params)
           ~~~~~~~~~~~~~~~^^^^^^^^^^^^^
  File "C:\Users\yannb\Documents\1. Programmation\2. projet - site trading\Trading_app_version4\venv\Lib\site-packages\django\db\backends\utils.py", line 79, in execute
    return self._execute_with_wrappers(
           ~~~~~~~~~~~~~~~~~~~~~~~~~~~^
        sql, params, many=False, executor=self._execute
        ^^^^^^^^^^^^^^^^^^^^^^^^^^^^^^^^^^^^^^^^^^^^^^^
    )
    ^
  File "C:\Users\yannb\Documents\1. Programmation\2. projet - site trading\Trading_app_version4\venv\Lib\site-packages\django\db\backends\utils.py", line 92, in _execute_with_wrappers
    return executor(sql, params, many, context)
  File "C:\Users\yannb\Documents\1. Programmation\2. projet - site trading\Trading_app_version4\venv\Lib\site-packages\django\db\backends\utils.py", line 99, in _execute
    self.db.validate_no_broken_transaction()
    ~~~~~~~~~~~~~~~~~~~~~~~~~~~~~~~~~~~~~~^^
  File "C:\Users\yannb\Documents\1. Programmation\2. projet - site trading\Trading_app_version4\venv\Lib\site-packages\django\db\backends\base\base.py", line 521, in validate_no_broken_transaction
    raise TransactionManagementError(
    ...<2 lines>...
    ) from self.rollback_exc
django.db.transaction.TransactionManagementError: An error occurred in the current transaction. You can't execute queries until the end of the 'atomic' block.
[INFO    ] 2026-01-02 15:26:34 | trading.sync.TradeSyncService  | _log_complete:115 | 🏁 trades sync completed: 0 created, 0 updated, 8 errors (3.08s)
[INFO    ] 2026-01-02 15:26:49 | trading.sync.TradeSyncService  | _log_start:77 | 🔄 Starting trade sync for Saxo Bank
[INFO    ] 2026-01-02 15:26:51 | trading.sync.TradeSyncService  | sync:87 | Retrieved 8 trades from SAXO
[WARNING ] 2026-01-02 15:26:52 | trading.sync.TradeSyncService  | _get_or_create_all_asset:401 | Failed to retrieve asset from API for UIC 211: duplicate key value violates unique constraint "trading_allassets_symbol_platform_3833b47a_uniq"
DETAIL:  Key (symbol, platform)=(AAPL:xnas, SAXO) already exists.
. Creating minimal AllAsset.
[WARNING ] 2026-01-02 15:26:52 | trading.sync.TradeSyncService  | _get_or_create_all_asset:408 | AllAsset not found for AAPL (SAXO). Creating minimal AllAsset. Consider running asset sync first.
[ERROR   ] 2026-01-02 15:26:52 | trading.sync.TradeSyncService  | _get_or_create_all_asset:432 | Failed to create AllAsset for AAPL (SAXO): An error occurred in the current transaction. You can't execute queries until the end of the 'atomic' block.
Traceback (most recent call last):
  File "C:\Users\yannb\Documents\1. Programmation\2. projet - site trading\Trading_app_version4\venv\Lib\site-packages\django\db\backends\utils.py", line 105, in _execute
    return self.cursor.execute(sql, params)
           ~~~~~~~~~~~~~~~~~~~^^^^^^^^^^^^^
psycopg2.errors.UniqueViolation: duplicate key value violates unique constraint "trading_allassets_symbol_platform_3833b47a_uniq"
DETAIL:  Key (symbol, platform)=(AAPL:xnas, SAXO) already exists.


The above exception was the direct cause of the following exception:

Traceback (most recent call last):
  File "C:\Users\yannb\Documents\1. Programmation\2. projet - site trading\Trading_app_version4\backend\apps\trading\services\sync\trade_sync_service.py", line 381, in _get_or_create_all_asset
    all_asset = AllAssets.objects.create(
        symbol=broker_asset.symbol,  # Le vrai symbole, pas "UIC_xxxx"
    ...<10 lines>...
        saxo_country_code=raw_data.get('country_code', ''),
    )
  File "C:\Users\yannb\Documents\1. Programmation\2. projet - site trading\Trading_app_version4\venv\Lib\site-packages\django\db\models\manager.py", line 87, in manager_method
    return getattr(self.get_queryset(), name)(*args, **kwargs)
           ~~~~~~~~~~~~~~~~~~~~~~~~~~~~~~~~~~^^^^^^^^^^^^^^^^^
  File "C:\Users\yannb\Documents\1. Programmation\2. projet - site trading\Trading_app_version4\venv\Lib\site-packages\django\db\models\query.py", line 669, in create
    obj.save(force_insert=True, using=self.db)
    ~~~~~~~~^^^^^^^^^^^^^^^^^^^^^^^^^^^^^^^^^^
  File "C:\Users\yannb\Documents\1. Programmation\2. projet - site trading\Trading_app_version4\venv\Lib\site-packages\django\db\models\base.py", line 874, in save
    self.save_base(
    ~~~~~~~~~~~~~~^
        using=using,
        ^^^^^^^^^^^^
    ...<2 lines>...
        update_fields=update_fields,
        ^^^^^^^^^^^^^^^^^^^^^^^^^^^^
    )
    ^
  File "C:\Users\yannb\Documents\1. Programmation\2. projet - site trading\Trading_app_version4\venv\Lib\site-packages\django\db\models\base.py", line 966, in save_base
    updated = self._save_table(
        raw,
    ...<4 lines>...
        update_fields,
    )
  File "C:\Users\yannb\Documents\1. Programmation\2. projet - site trading\Trading_app_version4\venv\Lib\site-packages\django\db\models\base.py", line 1167, in _save_table
    results = self._do_insert(
        cls._base_manager, using, insert_fields, returning_fields, raw
    )
  File "C:\Users\yannb\Documents\1. Programmation\2. projet - site trading\Trading_app_version4\venv\Lib\site-packages\django\db\models\base.py", line 1218, in _do_insert
    return manager._insert(
           ~~~~~~~~~~~~~~~^
        [self],
        ^^^^^^^
    ...<3 lines>...
        raw=raw,
        ^^^^^^^^
    )
    ^
  File "C:\Users\yannb\Documents\1. Programmation\2. projet - site trading\Trading_app_version4\venv\Lib\site-packages\django\db\models\manager.py", line 87, in manager_method
    return getattr(self.get_queryset(), name)(*args, **kwargs)
           ~~~~~~~~~~~~~~~~~~~~~~~~~~~~~~~~~~^^^^^^^^^^^^^^^^^
  File "C:\Users\yannb\Documents\1. Programmation\2. projet - site trading\Trading_app_version4\venv\Lib\site-packages\django\db\models\query.py", line 1918, in _insert
    return query.get_compiler(using=using).execute_sql(returning_fields)
           ~~~~~~~~~~~~~~~~~~~~~~~~~~~~~~~~~~~~~~~~~~~^^^^^^^^^^^^^^^^^^
  File "C:\Users\yannb\Documents\1. Programmation\2. projet - site trading\Trading_app_version4\venv\Lib\site-packages\django\db\models\sql\compiler.py", line 1925, in execute_sql
    cursor.execute(sql, params)
    ~~~~~~~~~~~~~~^^^^^^^^^^^^^
  File "C:\Users\yannb\Documents\1. Programmation\2. projet - site trading\Trading_app_version4\venv\Lib\site-packages\django\db\backends\utils.py", line 122, in execute
    return super().execute(sql, params)
           ~~~~~~~~~~~~~~~^^^^^^^^^^^^^
  File "C:\Users\yannb\Documents\1. Programmation\2. projet - site trading\Trading_app_version4\venv\Lib\site-packages\django\db\backends\utils.py", line 79, in execute
    return self._execute_with_wrappers(
           ~~~~~~~~~~~~~~~~~~~~~~~~~~~^
        sql, params, many=False, executor=self._execute
        ^^^^^^^^^^^^^^^^^^^^^^^^^^^^^^^^^^^^^^^^^^^^^^^
    )
    ^
  File "C:\Users\yannb\Documents\1. Programmation\2. projet - site trading\Trading_app_version4\venv\Lib\site-packages\django\db\backends\utils.py", line 92, in _execute_with_wrappers
    return executor(sql, params, many, context)
  File "C:\Users\yannb\Documents\1. Programmation\2. projet - site trading\Trading_app_version4\venv\Lib\site-packages\django\db\backends\utils.py", line 100, in _execute
    with self.db.wrap_database_errors:
         ^^^^^^^^^^^^^^^^^^^^^^^^^^^^
  File "C:\Users\yannb\Documents\1. Programmation\2. projet - site trading\Trading_app_version4\venv\Lib\site-packages\django\db\utils.py", line 94, in __exit__
    raise dj_exc_value.with_traceback(traceback) from exc_value
  File "C:\Users\yannb\Documents\1. Programmation\2. projet - site trading\Trading_app_version4\venv\Lib\site-packages\django\db\backends\utils.py", line 105, in _execute
    return self.cursor.execute(sql, params)
           ~~~~~~~~~~~~~~~~~~~^^^^^^^^^^^^^
django.db.utils.IntegrityError: duplicate key value violates unique constraint "trading_allassets_symbol_platform_3833b47a_uniq"
DETAIL:  Key (symbol, platform)=(AAPL:xnas, SAXO) already exists.


The above exception was the direct cause of the following exception:

Traceback (most recent call last):
  File "C:\Users\yannb\Documents\1. Programmation\2. projet - site trading\Trading_app_version4\backend\apps\trading\services\sync\trade_sync_service.py", line 428, in _get_or_create_all_asset
    all_asset = AllAssets.objects.create(**create_kwargs)
  File "C:\Users\yannb\Documents\1. Programmation\2. projet - site trading\Trading_app_version4\venv\Lib\site-packages\django\db\models\manager.py", line 87, in manager_method
    return getattr(self.get_queryset(), name)(*args, **kwargs)
           ~~~~~~~~~~~~~~~~~~~~~~~~~~~~~~~~~~^^^^^^^^^^^^^^^^^
  File "C:\Users\yannb\Documents\1. Programmation\2. projet - site trading\Trading_app_version4\venv\Lib\site-packages\django\db\models\query.py", line 669, in create
    obj.save(force_insert=True, using=self.db)
    ~~~~~~~~^^^^^^^^^^^^^^^^^^^^^^^^^^^^^^^^^^
  File "C:\Users\yannb\Documents\1. Programmation\2. projet - site trading\Trading_app_version4\venv\Lib\site-packages\django\db\models\base.py", line 874, in save
    self.save_base(
    ~~~~~~~~~~~~~~^
        using=using,
        ^^^^^^^^^^^^
    ...<2 lines>...
        update_fields=update_fields,
        ^^^^^^^^^^^^^^^^^^^^^^^^^^^^
    )
    ^
  File "C:\Users\yannb\Documents\1. Programmation\2. projet - site trading\Trading_app_version4\venv\Lib\site-packages\django\db\models\base.py", line 966, in save_base
    updated = self._save_table(
        raw,
    ...<4 lines>...
        update_fields,
    )
  File "C:\Users\yannb\Documents\1. Programmation\2. projet - site trading\Trading_app_version4\venv\Lib\site-packages\django\db\models\base.py", line 1167, in _save_table
    results = self._do_insert(
        cls._base_manager, using, insert_fields, returning_fields, raw
    )
  File "C:\Users\yannb\Documents\1. Programmation\2. projet - site trading\Trading_app_version4\venv\Lib\site-packages\django\db\models\base.py", line 1218, in _do_insert
    return manager._insert(
           ~~~~~~~~~~~~~~~^
        [self],
        ^^^^^^^
    ...<3 lines>...
        raw=raw,
        ^^^^^^^^
    )
    ^
  File "C:\Users\yannb\Documents\1. Programmation\2. projet - site trading\Trading_app_version4\venv\Lib\site-packages\django\db\models\manager.py", line 87, in manager_method
    return getattr(self.get_queryset(), name)(*args, **kwargs)
           ~~~~~~~~~~~~~~~~~~~~~~~~~~~~~~~~~~^^^^^^^^^^^^^^^^^
  File "C:\Users\yannb\Documents\1. Programmation\2. projet - site trading\Trading_app_version4\venv\Lib\site-packages\django\db\models\query.py", line 1918, in _insert
    return query.get_compiler(using=using).execute_sql(returning_fields)
           ~~~~~~~~~~~~~~~~~~~~~~~~~~~~~~~~~~~~~~~~~~~^^^^^^^^^^^^^^^^^^
  File "C:\Users\yannb\Documents\1. Programmation\2. projet - site trading\Trading_app_version4\venv\Lib\site-packages\django\db\models\sql\compiler.py", line 1925, in execute_sql
    cursor.execute(sql, params)
    ~~~~~~~~~~~~~~^^^^^^^^^^^^^
  File "C:\Users\yannb\Documents\1. Programmation\2. projet - site trading\Trading_app_version4\venv\Lib\site-packages\django\db\backends\utils.py", line 122, in execute
    return super().execute(sql, params)
           ~~~~~~~~~~~~~~~^^^^^^^^^^^^^
  File "C:\Users\yannb\Documents\1. Programmation\2. projet - site trading\Trading_app_version4\venv\Lib\site-packages\django\db\backends\utils.py", line 79, in execute
    return self._execute_with_wrappers(
           ~~~~~~~~~~~~~~~~~~~~~~~~~~~^
        sql, params, many=False, executor=self._execute
        ^^^^^^^^^^^^^^^^^^^^^^^^^^^^^^^^^^^^^^^^^^^^^^^
    )
    ^
  File "C:\Users\yannb\Documents\1. Programmation\2. projet - site trading\Trading_app_version4\venv\Lib\site-packages\django\db\backends\utils.py", line 92, in _execute_with_wrappers
    return executor(sql, params, many, context)
  File "C:\Users\yannb\Documents\1. Programmation\2. projet - site trading\Trading_app_version4\venv\Lib\site-packages\django\db\backends\utils.py", line 99, in _execute
    self.db.validate_no_broken_transaction()
    ~~~~~~~~~~~~~~~~~~~~~~~~~~~~~~~~~~~~~~^^
  File "C:\Users\yannb\Documents\1. Programmation\2. projet - site trading\Trading_app_version4\venv\Lib\site-packages\django\db\backends\base\base.py", line 521, in validate_no_broken_transaction
    raise TransactionManagementError(
    ...<2 lines>...
    ) from self.rollback_exc
django.db.transaction.TransactionManagementError: An error occurred in the current transaction. You can't execute queries until the end of the 'atomic' block.
[ERROR   ] 2026-01-02 15:26:52 | trading.sync.TradeSyncService  | _log_error:94 | ❌ Failed to sync trade 6526462956_5355533876: Could not find or create AllAsset: AAPL
Traceback (most recent call last):
  File "C:\Users\yannb\Documents\1. Programmation\2. projet - site trading\Trading_app_version4\backend\apps\trading\services\sync\trade_sync_service.py", line 157, in _sync_trades
    result = self._sync_single_trade(
        broker_account=broker_account,
        broker_trade=broker_trade,
    )
  File "C:\Users\yannb\Documents\1. Programmation\2. projet - site trading\Trading_app_version4\backend\apps\trading\services\sync\trade_sync_service.py", line 237, in _sync_single_trade
    raise ValueError(f"Could not find or create AllAsset: {broker_trade.symbol}")
ValueError: Could not find or create AllAsset: AAPL
[ERROR   ] 2026-01-02 15:26:52 | trading.sync.TradeSyncService  | _log_error:94 | ❌ Failed to sync trade 6525989102_5355537762: An error occurred in the current transaction. You can't execute queries until the end of the 'atomic' block.
Traceback (most recent call last):
  File "C:\Users\yannb\Documents\1. Programmation\2. projet - site trading\Trading_app_version4\venv\Lib\site-packages\django\db\backends\utils.py", line 105, in _execute
    return self.cursor.execute(sql, params)
           ~~~~~~~~~~~~~~~~~~~^^^^^^^^^^^^^
psycopg2.errors.UniqueViolation: duplicate key value violates unique constraint "trading_allassets_symbol_platform_3833b47a_uniq"
DETAIL:  Key (symbol, platform)=(AAPL:xnas, SAXO) already exists.


The above exception was the direct cause of the following exception:

Traceback (most recent call last):
  File "C:\Users\yannb\Documents\1. Programmation\2. projet - site trading\Trading_app_version4\backend\apps\trading\services\sync\trade_sync_service.py", line 381, in _get_or_create_all_asset
    all_asset = AllAssets.objects.create(
        symbol=broker_asset.symbol,  # Le vrai symbole, pas "UIC_xxxx"
    ...<10 lines>...
        saxo_country_code=raw_data.get('country_code', ''),
    )
  File "C:\Users\yannb\Documents\1. Programmation\2. projet - site trading\Trading_app_version4\venv\Lib\site-packages\django\db\models\manager.py", line 87, in manager_method
    return getattr(self.get_queryset(), name)(*args, **kwargs)
           ~~~~~~~~~~~~~~~~~~~~~~~~~~~~~~~~~~^^^^^^^^^^^^^^^^^
  File "C:\Users\yannb\Documents\1. Programmation\2. projet - site trading\Trading_app_version4\venv\Lib\site-packages\django\db\models\query.py", line 669, in create
    obj.save(force_insert=True, using=self.db)
    ~~~~~~~~^^^^^^^^^^^^^^^^^^^^^^^^^^^^^^^^^^
  File "C:\Users\yannb\Documents\1. Programmation\2. projet - site trading\Trading_app_version4\venv\Lib\site-packages\django\db\models\base.py", line 874, in save
    self.save_base(
    ~~~~~~~~~~~~~~^
        using=using,
        ^^^^^^^^^^^^
    ...<2 lines>...
        update_fields=update_fields,
        ^^^^^^^^^^^^^^^^^^^^^^^^^^^^
    )
    ^
  File "C:\Users\yannb\Documents\1. Programmation\2. projet - site trading\Trading_app_version4\venv\Lib\site-packages\django\db\models\base.py", line 966, in save_base
    updated = self._save_table(
        raw,
    ...<4 lines>...
        update_fields,
    )
  File "C:\Users\yannb\Documents\1. Programmation\2. projet - site trading\Trading_app_version4\venv\Lib\site-packages\django\db\models\base.py", line 1167, in _save_table
    results = self._do_insert(
        cls._base_manager, using, insert_fields, returning_fields, raw
    )
  File "C:\Users\yannb\Documents\1. Programmation\2. projet - site trading\Trading_app_version4\venv\Lib\site-packages\django\db\models\base.py", line 1218, in _do_insert
    return manager._insert(
           ~~~~~~~~~~~~~~~^
        [self],
        ^^^^^^^
    ...<3 lines>...
        raw=raw,
        ^^^^^^^^
    )
    ^
  File "C:\Users\yannb\Documents\1. Programmation\2. projet - site trading\Trading_app_version4\venv\Lib\site-packages\django\db\models\manager.py", line 87, in manager_method
    return getattr(self.get_queryset(), name)(*args, **kwargs)
           ~~~~~~~~~~~~~~~~~~~~~~~~~~~~~~~~~~^^^^^^^^^^^^^^^^^
  File "C:\Users\yannb\Documents\1. Programmation\2. projet - site trading\Trading_app_version4\venv\Lib\site-packages\django\db\models\query.py", line 1918, in _insert
    return query.get_compiler(using=using).execute_sql(returning_fields)
           ~~~~~~~~~~~~~~~~~~~~~~~~~~~~~~~~~~~~~~~~~~~^^^^^^^^^^^^^^^^^^
  File "C:\Users\yannb\Documents\1. Programmation\2. projet - site trading\Trading_app_version4\venv\Lib\site-packages\django\db\models\sql\compiler.py", line 1925, in execute_sql
    cursor.execute(sql, params)
    ~~~~~~~~~~~~~~^^^^^^^^^^^^^
  File "C:\Users\yannb\Documents\1. Programmation\2. projet - site trading\Trading_app_version4\venv\Lib\site-packages\django\db\backends\utils.py", line 122, in execute
    return super().execute(sql, params)
           ~~~~~~~~~~~~~~~^^^^^^^^^^^^^
  File "C:\Users\yannb\Documents\1. Programmation\2. projet - site trading\Trading_app_version4\venv\Lib\site-packages\django\db\backends\utils.py", line 79, in execute
    return self._execute_with_wrappers(
           ~~~~~~~~~~~~~~~~~~~~~~~~~~~^
        sql, params, many=False, executor=self._execute
        ^^^^^^^^^^^^^^^^^^^^^^^^^^^^^^^^^^^^^^^^^^^^^^^
    )
    ^
  File "C:\Users\yannb\Documents\1. Programmation\2. projet - site trading\Trading_app_version4\venv\Lib\site-packages\django\db\backends\utils.py", line 92, in _execute_with_wrappers
    return executor(sql, params, many, context)
  File "C:\Users\yannb\Documents\1. Programmation\2. projet - site trading\Trading_app_version4\venv\Lib\site-packages\django\db\backends\utils.py", line 100, in _execute
    with self.db.wrap_database_errors:
         ^^^^^^^^^^^^^^^^^^^^^^^^^^^^
  File "C:\Users\yannb\Documents\1. Programmation\2. projet - site trading\Trading_app_version4\venv\Lib\site-packages\django\db\utils.py", line 94, in __exit__
    raise dj_exc_value.with_traceback(traceback) from exc_value
  File "C:\Users\yannb\Documents\1. Programmation\2. projet - site trading\Trading_app_version4\venv\Lib\site-packages\django\db\backends\utils.py", line 105, in _execute
    return self.cursor.execute(sql, params)
           ~~~~~~~~~~~~~~~~~~~^^^^^^^^^^^^^
django.db.utils.IntegrityError: duplicate key value violates unique constraint "trading_allassets_symbol_platform_3833b47a_uniq"
DETAIL:  Key (symbol, platform)=(AAPL:xnas, SAXO) already exists.


The above exception was the direct cause of the following exception:

Traceback (most recent call last):
  File "C:\Users\yannb\Documents\1. Programmation\2. projet - site trading\Trading_app_version4\backend\apps\trading\services\sync\trade_sync_service.py", line 428, in _get_or_create_all_asset
    all_asset = AllAssets.objects.create(**create_kwargs)
  File "C:\Users\yannb\Documents\1. Programmation\2. projet - site trading\Trading_app_version4\venv\Lib\site-packages\django\db\models\manager.py", line 87, in manager_method
    return getattr(self.get_queryset(), name)(*args, **kwargs)
           ~~~~~~~~~~~~~~~~~~~~~~~~~~~~~~~~~~^^^^^^^^^^^^^^^^^
  File "C:\Users\yannb\Documents\1. Programmation\2. projet - site trading\Trading_app_version4\venv\Lib\site-packages\django\db\models\query.py", line 669, in create
    obj.save(force_insert=True, using=self.db)
    ~~~~~~~~^^^^^^^^^^^^^^^^^^^^^^^^^^^^^^^^^^
  File "C:\Users\yannb\Documents\1. Programmation\2. projet - site trading\Trading_app_version4\venv\Lib\site-packages\django\db\models\base.py", line 874, in save
    self.save_base(
    ~~~~~~~~~~~~~~^
        using=using,
        ^^^^^^^^^^^^
    ...<2 lines>...
        update_fields=update_fields,
        ^^^^^^^^^^^^^^^^^^^^^^^^^^^^
    )
    ^
  File "C:\Users\yannb\Documents\1. Programmation\2. projet - site trading\Trading_app_version4\venv\Lib\site-packages\django\db\models\base.py", line 966, in save_base
    updated = self._save_table(
        raw,
    ...<4 lines>...
        update_fields,
    )
  File "C:\Users\yannb\Documents\1. Programmation\2. projet - site trading\Trading_app_version4\venv\Lib\site-packages\django\db\models\base.py", line 1167, in _save_table
    results = self._do_insert(
        cls._base_manager, using, insert_fields, returning_fields, raw
    )
  File "C:\Users\yannb\Documents\1. Programmation\2. projet - site trading\Trading_app_version4\venv\Lib\site-packages\django\db\models\base.py", line 1218, in _do_insert
    return manager._insert(
           ~~~~~~~~~~~~~~~^
        [self],
        ^^^^^^^
    ...<3 lines>...
        raw=raw,
        ^^^^^^^^
    )
    ^
  File "C:\Users\yannb\Documents\1. Programmation\2. projet - site trading\Trading_app_version4\venv\Lib\site-packages\django\db\models\manager.py", line 87, in manager_method
    return getattr(self.get_queryset(), name)(*args, **kwargs)
           ~~~~~~~~~~~~~~~~~~~~~~~~~~~~~~~~~~^^^^^^^^^^^^^^^^^
  File "C:\Users\yannb\Documents\1. Programmation\2. projet - site trading\Trading_app_version4\venv\Lib\site-packages\django\db\models\query.py", line 1918, in _insert
    return query.get_compiler(using=using).execute_sql(returning_fields)
           ~~~~~~~~~~~~~~~~~~~~~~~~~~~~~~~~~~~~~~~~~~~^^^^^^^^^^^^^^^^^^
  File "C:\Users\yannb\Documents\1. Programmation\2. projet - site trading\Trading_app_version4\venv\Lib\site-packages\django\db\models\sql\compiler.py", line 1925, in execute_sql
    cursor.execute(sql, params)
    ~~~~~~~~~~~~~~^^^^^^^^^^^^^
  File "C:\Users\yannb\Documents\1. Programmation\2. projet - site trading\Trading_app_version4\venv\Lib\site-packages\django\db\backends\utils.py", line 122, in execute
    return super().execute(sql, params)
           ~~~~~~~~~~~~~~~^^^^^^^^^^^^^
  File "C:\Users\yannb\Documents\1. Programmation\2. projet - site trading\Trading_app_version4\venv\Lib\site-packages\django\db\backends\utils.py", line 79, in execute
    return self._execute_with_wrappers(
           ~~~~~~~~~~~~~~~~~~~~~~~~~~~^
        sql, params, many=False, executor=self._execute
        ^^^^^^^^^^^^^^^^^^^^^^^^^^^^^^^^^^^^^^^^^^^^^^^
    )
    ^
  File "C:\Users\yannb\Documents\1. Programmation\2. projet - site trading\Trading_app_version4\venv\Lib\site-packages\django\db\backends\utils.py", line 92, in _execute_with_wrappers
    return executor(sql, params, many, context)
  File "C:\Users\yannb\Documents\1. Programmation\2. projet - site trading\Trading_app_version4\venv\Lib\site-packages\django\db\backends\utils.py", line 99, in _execute
    self.db.validate_no_broken_transaction()
    ~~~~~~~~~~~~~~~~~~~~~~~~~~~~~~~~~~~~~~^^
  File "C:\Users\yannb\Documents\1. Programmation\2. projet - site trading\Trading_app_version4\venv\Lib\site-packages\django\db\backends\base\base.py", line 521, in validate_no_broken_transaction
    raise TransactionManagementError(
    ...<2 lines>...
    ) from self.rollback_exc
django.db.transaction.TransactionManagementError: An error occurred in the current transaction. You can't execute queries until the end of the 'atomic' block.

The above exception was the direct cause of the following exception:

Traceback (most recent call last):
  File "C:\Users\yannb\Documents\1. Programmation\2. projet - site trading\Trading_app_version4\backend\apps\trading\services\sync\trade_sync_service.py", line 157, in _sync_trades
    result = self._sync_single_trade(
        broker_account=broker_account,
        broker_trade=broker_trade,
    )
  File "C:\Users\yannb\Documents\1. Programmation\2. projet - site trading\Trading_app_version4\backend\apps\trading\services\sync\trade_sync_service.py", line 204, in _sync_single_trade
    ).first()
      ~~~~~^^
  File "C:\Users\yannb\Documents\1. Programmation\2. projet - site trading\Trading_app_version4\venv\Lib\site-packages\django\db\models\query.py", line 1145, in first
    for obj in queryset[:1]:
               ~~~~~~~~^^^^
  File "C:\Users\yannb\Documents\1. Programmation\2. projet - site trading\Trading_app_version4\venv\Lib\site-packages\django\db\models\query.py", line 390, in __iter__
    self._fetch_all()
    ~~~~~~~~~~~~~~~^^
  File "C:\Users\yannb\Documents\1. Programmation\2. projet - site trading\Trading_app_version4\venv\Lib\site-packages\django\db\models\query.py", line 2000, in _fetch_all
    self._result_cache = list(self._iterable_class(self))
                         ~~~~^^^^^^^^^^^^^^^^^^^^^^^^^^^^
  File "C:\Users\yannb\Documents\1. Programmation\2. projet - site trading\Trading_app_version4\venv\Lib\site-packages\django\db\models\query.py", line 95, in __iter__
    results = compiler.execute_sql(
        chunked_fetch=self.chunked_fetch, chunk_size=self.chunk_size
    )
  File "C:\Users\yannb\Documents\1. Programmation\2. projet - site trading\Trading_app_version4\venv\Lib\site-packages\django\db\models\sql\compiler.py", line 1624, in execute_sql
    cursor.execute(sql, params)
    ~~~~~~~~~~~~~~^^^^^^^^^^^^^
  File "C:\Users\yannb\Documents\1. Programmation\2. projet - site trading\Trading_app_version4\venv\Lib\site-packages\django\db\backends\utils.py", line 122, in execute
    return super().execute(sql, params)
           ~~~~~~~~~~~~~~~^^^^^^^^^^^^^
  File "C:\Users\yannb\Documents\1. Programmation\2. projet - site trading\Trading_app_version4\venv\Lib\site-packages\django\db\backends\utils.py", line 79, in execute
    return self._execute_with_wrappers(
           ~~~~~~~~~~~~~~~~~~~~~~~~~~~^
        sql, params, many=False, executor=self._execute
        ^^^^^^^^^^^^^^^^^^^^^^^^^^^^^^^^^^^^^^^^^^^^^^^
    )
    ^
  File "C:\Users\yannb\Documents\1. Programmation\2. projet - site trading\Trading_app_version4\venv\Lib\site-packages\django\db\backends\utils.py", line 92, in _execute_with_wrappers
    return executor(sql, params, many, context)
  File "C:\Users\yannb\Documents\1. Programmation\2. projet - site trading\Trading_app_version4\venv\Lib\site-packages\django\db\backends\utils.py", line 99, in _execute
    self.db.validate_no_broken_transaction()
    ~~~~~~~~~~~~~~~~~~~~~~~~~~~~~~~~~~~~~~^^
  File "C:\Users\yannb\Documents\1. Programmation\2. projet - site trading\Trading_app_version4\venv\Lib\site-packages\django\db\backends\base\base.py", line 521, in validate_no_broken_transaction
    raise TransactionManagementError(
    ...<2 lines>...
    ) from self.rollback_exc
django.db.transaction.TransactionManagementError: An error occurred in the current transaction. You can't execute queries until the end of the 'atomic' block.
[ERROR   ] 2026-01-02 15:26:52 | trading.sync.TradeSyncService  | _log_error:94 | ❌ Failed to sync trade 6525989094_5355537760: An error occurred in the current transaction. You can't execute queries until the end of the 'atomic' block.
Traceback (most recent call last):
  File "C:\Users\yannb\Documents\1. Programmation\2. projet - site trading\Trading_app_version4\venv\Lib\site-packages\django\db\backends\utils.py", line 105, in _execute
    return self.cursor.execute(sql, params)
           ~~~~~~~~~~~~~~~~~~~^^^^^^^^^^^^^
psycopg2.errors.UniqueViolation: duplicate key value violates unique constraint "trading_allassets_symbol_platform_3833b47a_uniq"
DETAIL:  Key (symbol, platform)=(AAPL:xnas, SAXO) already exists.


The above exception was the direct cause of the following exception:

Traceback (most recent call last):
  File "C:\Users\yannb\Documents\1. Programmation\2. projet - site trading\Trading_app_version4\backend\apps\trading\services\sync\trade_sync_service.py", line 381, in _get_or_create_all_asset
    all_asset = AllAssets.objects.create(
        symbol=broker_asset.symbol,  # Le vrai symbole, pas "UIC_xxxx"
    ...<10 lines>...
        saxo_country_code=raw_data.get('country_code', ''),
    )
  File "C:\Users\yannb\Documents\1. Programmation\2. projet - site trading\Trading_app_version4\venv\Lib\site-packages\django\db\models\manager.py", line 87, in manager_method
    return getattr(self.get_queryset(), name)(*args, **kwargs)
           ~~~~~~~~~~~~~~~~~~~~~~~~~~~~~~~~~~^^^^^^^^^^^^^^^^^
  File "C:\Users\yannb\Documents\1. Programmation\2. projet - site trading\Trading_app_version4\venv\Lib\site-packages\django\db\models\query.py", line 669, in create
    obj.save(force_insert=True, using=self.db)
    ~~~~~~~~^^^^^^^^^^^^^^^^^^^^^^^^^^^^^^^^^^
  File "C:\Users\yannb\Documents\1. Programmation\2. projet - site trading\Trading_app_version4\venv\Lib\site-packages\django\db\models\base.py", line 874, in save
    self.save_base(
    ~~~~~~~~~~~~~~^
        using=using,
        ^^^^^^^^^^^^
    ...<2 lines>...
        update_fields=update_fields,
        ^^^^^^^^^^^^^^^^^^^^^^^^^^^^
    )
    ^
  File "C:\Users\yannb\Documents\1. Programmation\2. projet - site trading\Trading_app_version4\venv\Lib\site-packages\django\db\models\base.py", line 966, in save_base
    updated = self._save_table(
        raw,
    ...<4 lines>...
        update_fields,
    )
  File "C:\Users\yannb\Documents\1. Programmation\2. projet - site trading\Trading_app_version4\venv\Lib\site-packages\django\db\models\base.py", line 1167, in _save_table
    results = self._do_insert(
        cls._base_manager, using, insert_fields, returning_fields, raw
    )
  File "C:\Users\yannb\Documents\1. Programmation\2. projet - site trading\Trading_app_version4\venv\Lib\site-packages\django\db\models\base.py", line 1218, in _do_insert
    return manager._insert(
           ~~~~~~~~~~~~~~~^
        [self],
        ^^^^^^^
    ...<3 lines>...
        raw=raw,
        ^^^^^^^^
    )
    ^
  File "C:\Users\yannb\Documents\1. Programmation\2. projet - site trading\Trading_app_version4\venv\Lib\site-packages\django\db\models\manager.py", line 87, in manager_method
    return getattr(self.get_queryset(), name)(*args, **kwargs)
           ~~~~~~~~~~~~~~~~~~~~~~~~~~~~~~~~~~^^^^^^^^^^^^^^^^^
  File "C:\Users\yannb\Documents\1. Programmation\2. projet - site trading\Trading_app_version4\venv\Lib\site-packages\django\db\models\query.py", line 1918, in _insert
    return query.get_compiler(using=using).execute_sql(returning_fields)
           ~~~~~~~~~~~~~~~~~~~~~~~~~~~~~~~~~~~~~~~~~~~^^^^^^^^^^^^^^^^^^
  File "C:\Users\yannb\Documents\1. Programmation\2. projet - site trading\Trading_app_version4\venv\Lib\site-packages\django\db\models\sql\compiler.py", line 1925, in execute_sql
    cursor.execute(sql, params)
    ~~~~~~~~~~~~~~^^^^^^^^^^^^^
  File "C:\Users\yannb\Documents\1. Programmation\2. projet - site trading\Trading_app_version4\venv\Lib\site-packages\django\db\backends\utils.py", line 122, in execute
    return super().execute(sql, params)
           ~~~~~~~~~~~~~~~^^^^^^^^^^^^^
  File "C:\Users\yannb\Documents\1. Programmation\2. projet - site trading\Trading_app_version4\venv\Lib\site-packages\django\db\backends\utils.py", line 79, in execute
    return self._execute_with_wrappers(
           ~~~~~~~~~~~~~~~~~~~~~~~~~~~^
        sql, params, many=False, executor=self._execute
        ^^^^^^^^^^^^^^^^^^^^^^^^^^^^^^^^^^^^^^^^^^^^^^^
    )
    ^
  File "C:\Users\yannb\Documents\1. Programmation\2. projet - site trading\Trading_app_version4\venv\Lib\site-packages\django\db\backends\utils.py", line 92, in _execute_with_wrappers
    return executor(sql, params, many, context)
  File "C:\Users\yannb\Documents\1. Programmation\2. projet - site trading\Trading_app_version4\venv\Lib\site-packages\django\db\backends\utils.py", line 100, in _execute
    with self.db.wrap_database_errors:
         ^^^^^^^^^^^^^^^^^^^^^^^^^^^^
  File "C:\Users\yannb\Documents\1. Programmation\2. projet - site trading\Trading_app_version4\venv\Lib\site-packages\django\db\utils.py", line 94, in __exit__
    raise dj_exc_value.with_traceback(traceback) from exc_value
  File "C:\Users\yannb\Documents\1. Programmation\2. projet - site trading\Trading_app_version4\venv\Lib\site-packages\django\db\backends\utils.py", line 105, in _execute
    return self.cursor.execute(sql, params)
           ~~~~~~~~~~~~~~~~~~~^^^^^^^^^^^^^
django.db.utils.IntegrityError: duplicate key value violates unique constraint "trading_allassets_symbol_platform_3833b47a_uniq"
DETAIL:  Key (symbol, platform)=(AAPL:xnas, SAXO) already exists.


The above exception was the direct cause of the following exception:

Traceback (most recent call last):
  File "C:\Users\yannb\Documents\1. Programmation\2. projet - site trading\Trading_app_version4\backend\apps\trading\services\sync\trade_sync_service.py", line 428, in _get_or_create_all_asset
    all_asset = AllAssets.objects.create(**create_kwargs)
  File "C:\Users\yannb\Documents\1. Programmation\2. projet - site trading\Trading_app_version4\venv\Lib\site-packages\django\db\models\manager.py", line 87, in manager_method
    return getattr(self.get_queryset(), name)(*args, **kwargs)
           ~~~~~~~~~~~~~~~~~~~~~~~~~~~~~~~~~~^^^^^^^^^^^^^^^^^
  File "C:\Users\yannb\Documents\1. Programmation\2. projet - site trading\Trading_app_version4\venv\Lib\site-packages\django\db\models\query.py", line 669, in create
    obj.save(force_insert=True, using=self.db)
    ~~~~~~~~^^^^^^^^^^^^^^^^^^^^^^^^^^^^^^^^^^
  File "C:\Users\yannb\Documents\1. Programmation\2. projet - site trading\Trading_app_version4\venv\Lib\site-packages\django\db\models\base.py", line 874, in save
    self.save_base(
    ~~~~~~~~~~~~~~^
        using=using,
        ^^^^^^^^^^^^
    ...<2 lines>...
        update_fields=update_fields,
        ^^^^^^^^^^^^^^^^^^^^^^^^^^^^
    )
    ^
  File "C:\Users\yannb\Documents\1. Programmation\2. projet - site trading\Trading_app_version4\venv\Lib\site-packages\django\db\models\base.py", line 966, in save_base
    updated = self._save_table(
        raw,
    ...<4 lines>...
        update_fields,
    )
  File "C:\Users\yannb\Documents\1. Programmation\2. projet - site trading\Trading_app_version4\venv\Lib\site-packages\django\db\models\base.py", line 1167, in _save_table
    results = self._do_insert(
        cls._base_manager, using, insert_fields, returning_fields, raw
    )
  File "C:\Users\yannb\Documents\1. Programmation\2. projet - site trading\Trading_app_version4\venv\Lib\site-packages\django\db\models\base.py", line 1218, in _do_insert
    return manager._insert(
           ~~~~~~~~~~~~~~~^
        [self],
        ^^^^^^^
    ...<3 lines>...
        raw=raw,
        ^^^^^^^^
    )
    ^
  File "C:\Users\yannb\Documents\1. Programmation\2. projet - site trading\Trading_app_version4\venv\Lib\site-packages\django\db\models\manager.py", line 87, in manager_method
    return getattr(self.get_queryset(), name)(*args, **kwargs)
           ~~~~~~~~~~~~~~~~~~~~~~~~~~~~~~~~~~^^^^^^^^^^^^^^^^^
  File "C:\Users\yannb\Documents\1. Programmation\2. projet - site trading\Trading_app_version4\venv\Lib\site-packages\django\db\models\query.py", line 1918, in _insert
    return query.get_compiler(using=using).execute_sql(returning_fields)
           ~~~~~~~~~~~~~~~~~~~~~~~~~~~~~~~~~~~~~~~~~~~^^^^^^^^^^^^^^^^^^
  File "C:\Users\yannb\Documents\1. Programmation\2. projet - site trading\Trading_app_version4\venv\Lib\site-packages\django\db\models\sql\compiler.py", line 1925, in execute_sql
    cursor.execute(sql, params)
    ~~~~~~~~~~~~~~^^^^^^^^^^^^^
  File "C:\Users\yannb\Documents\1. Programmation\2. projet - site trading\Trading_app_version4\venv\Lib\site-packages\django\db\backends\utils.py", line 122, in execute
    return super().execute(sql, params)
           ~~~~~~~~~~~~~~~^^^^^^^^^^^^^
  File "C:\Users\yannb\Documents\1. Programmation\2. projet - site trading\Trading_app_version4\venv\Lib\site-packages\django\db\backends\utils.py", line 79, in execute
    return self._execute_with_wrappers(
           ~~~~~~~~~~~~~~~~~~~~~~~~~~~^
        sql, params, many=False, executor=self._execute
        ^^^^^^^^^^^^^^^^^^^^^^^^^^^^^^^^^^^^^^^^^^^^^^^
    )
    ^
  File "C:\Users\yannb\Documents\1. Programmation\2. projet - site trading\Trading_app_version4\venv\Lib\site-packages\django\db\backends\utils.py", line 92, in _execute_with_wrappers
    return executor(sql, params, many, context)
  File "C:\Users\yannb\Documents\1. Programmation\2. projet - site trading\Trading_app_version4\venv\Lib\site-packages\django\db\backends\utils.py", line 99, in _execute
    self.db.validate_no_broken_transaction()
    ~~~~~~~~~~~~~~~~~~~~~~~~~~~~~~~~~~~~~~^^
  File "C:\Users\yannb\Documents\1. Programmation\2. projet - site trading\Trading_app_version4\venv\Lib\site-packages\django\db\backends\base\base.py", line 521, in validate_no_broken_transaction
    raise TransactionManagementError(
    ...<2 lines>...
    ) from self.rollback_exc
django.db.transaction.TransactionManagementError: An error occurred in the current transaction. You can't execute queries until the end of the 'atomic' block.

The above exception was the direct cause of the following exception:

Traceback (most recent call last):
  File "C:\Users\yannb\Documents\1. Programmation\2. projet - site trading\Trading_app_version4\backend\apps\trading\services\sync\trade_sync_service.py", line 157, in _sync_trades
    result = self._sync_single_trade(
        broker_account=broker_account,
        broker_trade=broker_trade,
    )
  File "C:\Users\yannb\Documents\1. Programmation\2. projet - site trading\Trading_app_version4\backend\apps\trading\services\sync\trade_sync_service.py", line 204, in _sync_single_trade
    ).first()
      ~~~~~^^
  File "C:\Users\yannb\Documents\1. Programmation\2. projet - site trading\Trading_app_version4\venv\Lib\site-packages\django\db\models\query.py", line 1145, in first
    for obj in queryset[:1]:
               ~~~~~~~~^^^^
  File "C:\Users\yannb\Documents\1. Programmation\2. projet - site trading\Trading_app_version4\venv\Lib\site-packages\django\db\models\query.py", line 390, in __iter__
    self._fetch_all()
    ~~~~~~~~~~~~~~~^^
  File "C:\Users\yannb\Documents\1. Programmation\2. projet - site trading\Trading_app_version4\venv\Lib\site-packages\django\db\models\query.py", line 2000, in _fetch_all
    self._result_cache = list(self._iterable_class(self))
                         ~~~~^^^^^^^^^^^^^^^^^^^^^^^^^^^^
  File "C:\Users\yannb\Documents\1. Programmation\2. projet - site trading\Trading_app_version4\venv\Lib\site-packages\django\db\models\query.py", line 95, in __iter__
    results = compiler.execute_sql(
        chunked_fetch=self.chunked_fetch, chunk_size=self.chunk_size
    )
  File "C:\Users\yannb\Documents\1. Programmation\2. projet - site trading\Trading_app_version4\venv\Lib\site-packages\django\db\models\sql\compiler.py", line 1624, in execute_sql
    cursor.execute(sql, params)
    ~~~~~~~~~~~~~~^^^^^^^^^^^^^
  File "C:\Users\yannb\Documents\1. Programmation\2. projet - site trading\Trading_app_version4\venv\Lib\site-packages\django\db\backends\utils.py", line 122, in execute
    return super().execute(sql, params)
           ~~~~~~~~~~~~~~~^^^^^^^^^^^^^
  File "C:\Users\yannb\Documents\1. Programmation\2. projet - site trading\Trading_app_version4\venv\Lib\site-packages\django\db\backends\utils.py", line 79, in execute
    return self._execute_with_wrappers(
           ~~~~~~~~~~~~~~~~~~~~~~~~~~~^
        sql, params, many=False, executor=self._execute
        ^^^^^^^^^^^^^^^^^^^^^^^^^^^^^^^^^^^^^^^^^^^^^^^
    )
    ^
  File "C:\Users\yannb\Documents\1. Programmation\2. projet - site trading\Trading_app_version4\venv\Lib\site-packages\django\db\backends\utils.py", line 92, in _execute_with_wrappers
    return executor(sql, params, many, context)
  File "C:\Users\yannb\Documents\1. Programmation\2. projet - site trading\Trading_app_version4\venv\Lib\site-packages\django\db\backends\utils.py", line 99, in _execute
    self.db.validate_no_broken_transaction()
    ~~~~~~~~~~~~~~~~~~~~~~~~~~~~~~~~~~~~~~^^
  File "C:\Users\yannb\Documents\1. Programmation\2. projet - site trading\Trading_app_version4\venv\Lib\site-packages\django\db\backends\base\base.py", line 521, in validate_no_broken_transaction
    raise TransactionManagementError(
    ...<2 lines>...
    ) from self.rollback_exc
django.db.transaction.TransactionManagementError: An error occurred in the current transaction. You can't execute queries until the end of the 'atomic' block.
[ERROR   ] 2026-01-02 15:26:52 | trading.sync.TradeSyncService  | _log_error:94 | ❌ Failed to sync trade 6475879404_5342707954: An error occurred in the current transaction. You can't execute queries until the end of the 'atomic' block.
Traceback (most recent call last):
  File "C:\Users\yannb\Documents\1. Programmation\2. projet - site trading\Trading_app_version4\venv\Lib\site-packages\django\db\backends\utils.py", line 105, in _execute
    return self.cursor.execute(sql, params)
           ~~~~~~~~~~~~~~~~~~~^^^^^^^^^^^^^
psycopg2.errors.UniqueViolation: duplicate key value violates unique constraint "trading_allassets_symbol_platform_3833b47a_uniq"
DETAIL:  Key (symbol, platform)=(AAPL:xnas, SAXO) already exists.


The above exception was the direct cause of the following exception:

Traceback (most recent call last):
  File "C:\Users\yannb\Documents\1. Programmation\2. projet - site trading\Trading_app_version4\backend\apps\trading\services\sync\trade_sync_service.py", line 381, in _get_or_create_all_asset
    all_asset = AllAssets.objects.create(
        symbol=broker_asset.symbol,  # Le vrai symbole, pas "UIC_xxxx"
    ...<10 lines>...
        saxo_country_code=raw_data.get('country_code', ''),
    )
  File "C:\Users\yannb\Documents\1. Programmation\2. projet - site trading\Trading_app_version4\venv\Lib\site-packages\django\db\models\manager.py", line 87, in manager_method
    return getattr(self.get_queryset(), name)(*args, **kwargs)
           ~~~~~~~~~~~~~~~~~~~~~~~~~~~~~~~~~~^^^^^^^^^^^^^^^^^
  File "C:\Users\yannb\Documents\1. Programmation\2. projet - site trading\Trading_app_version4\venv\Lib\site-packages\django\db\models\query.py", line 669, in create
    obj.save(force_insert=True, using=self.db)
    ~~~~~~~~^^^^^^^^^^^^^^^^^^^^^^^^^^^^^^^^^^
  File "C:\Users\yannb\Documents\1. Programmation\2. projet - site trading\Trading_app_version4\venv\Lib\site-packages\django\db\models\base.py", line 874, in save
    self.save_base(
    ~~~~~~~~~~~~~~^
        using=using,
        ^^^^^^^^^^^^
    ...<2 lines>...
        update_fields=update_fields,
        ^^^^^^^^^^^^^^^^^^^^^^^^^^^^
    )
    ^
  File "C:\Users\yannb\Documents\1. Programmation\2. projet - site trading\Trading_app_version4\venv\Lib\site-packages\django\db\models\base.py", line 966, in save_base
    updated = self._save_table(
        raw,
    ...<4 lines>...
        update_fields,
    )
  File "C:\Users\yannb\Documents\1. Programmation\2. projet - site trading\Trading_app_version4\venv\Lib\site-packages\django\db\models\base.py", line 1167, in _save_table
    results = self._do_insert(
        cls._base_manager, using, insert_fields, returning_fields, raw
    )
  File "C:\Users\yannb\Documents\1. Programmation\2. projet - site trading\Trading_app_version4\venv\Lib\site-packages\django\db\models\base.py", line 1218, in _do_insert
    return manager._insert(
           ~~~~~~~~~~~~~~~^
        [self],
        ^^^^^^^
    ...<3 lines>...
        raw=raw,
        ^^^^^^^^
    )
    ^
  File "C:\Users\yannb\Documents\1. Programmation\2. projet - site trading\Trading_app_version4\venv\Lib\site-packages\django\db\models\manager.py", line 87, in manager_method
    return getattr(self.get_queryset(), name)(*args, **kwargs)
           ~~~~~~~~~~~~~~~~~~~~~~~~~~~~~~~~~~^^^^^^^^^^^^^^^^^
  File "C:\Users\yannb\Documents\1. Programmation\2. projet - site trading\Trading_app_version4\venv\Lib\site-packages\django\db\models\query.py", line 1918, in _insert
    return query.get_compiler(using=using).execute_sql(returning_fields)
           ~~~~~~~~~~~~~~~~~~~~~~~~~~~~~~~~~~~~~~~~~~~^^^^^^^^^^^^^^^^^^
  File "C:\Users\yannb\Documents\1. Programmation\2. projet - site trading\Trading_app_version4\venv\Lib\site-packages\django\db\models\sql\compiler.py", line 1925, in execute_sql
    cursor.execute(sql, params)
    ~~~~~~~~~~~~~~^^^^^^^^^^^^^
  File "C:\Users\yannb\Documents\1. Programmation\2. projet - site trading\Trading_app_version4\venv\Lib\site-packages\django\db\backends\utils.py", line 122, in execute
    return super().execute(sql, params)
           ~~~~~~~~~~~~~~~^^^^^^^^^^^^^
  File "C:\Users\yannb\Documents\1. Programmation\2. projet - site trading\Trading_app_version4\venv\Lib\site-packages\django\db\backends\utils.py", line 79, in execute
    return self._execute_with_wrappers(
           ~~~~~~~~~~~~~~~~~~~~~~~~~~~^
        sql, params, many=False, executor=self._execute
        ^^^^^^^^^^^^^^^^^^^^^^^^^^^^^^^^^^^^^^^^^^^^^^^
    )
    ^
  File "C:\Users\yannb\Documents\1. Programmation\2. projet - site trading\Trading_app_version4\venv\Lib\site-packages\django\db\backends\utils.py", line 92, in _execute_with_wrappers
    return executor(sql, params, many, context)
  File "C:\Users\yannb\Documents\1. Programmation\2. projet - site trading\Trading_app_version4\venv\Lib\site-packages\django\db\backends\utils.py", line 100, in _execute
    with self.db.wrap_database_errors:
         ^^^^^^^^^^^^^^^^^^^^^^^^^^^^
  File "C:\Users\yannb\Documents\1. Programmation\2. projet - site trading\Trading_app_version4\venv\Lib\site-packages\django\db\utils.py", line 94, in __exit__
    raise dj_exc_value.with_traceback(traceback) from exc_value
  File "C:\Users\yannb\Documents\1. Programmation\2. projet - site trading\Trading_app_version4\venv\Lib\site-packages\django\db\backends\utils.py", line 105, in _execute
    return self.cursor.execute(sql, params)
           ~~~~~~~~~~~~~~~~~~~^^^^^^^^^^^^^
django.db.utils.IntegrityError: duplicate key value violates unique constraint "trading_allassets_symbol_platform_3833b47a_uniq"
DETAIL:  Key (symbol, platform)=(AAPL:xnas, SAXO) already exists.


The above exception was the direct cause of the following exception:

Traceback (most recent call last):
  File "C:\Users\yannb\Documents\1. Programmation\2. projet - site trading\Trading_app_version4\backend\apps\trading\services\sync\trade_sync_service.py", line 428, in _get_or_create_all_asset
    all_asset = AllAssets.objects.create(**create_kwargs)
  File "C:\Users\yannb\Documents\1. Programmation\2. projet - site trading\Trading_app_version4\venv\Lib\site-packages\django\db\models\manager.py", line 87, in manager_method
    return getattr(self.get_queryset(), name)(*args, **kwargs)
           ~~~~~~~~~~~~~~~~~~~~~~~~~~~~~~~~~~^^^^^^^^^^^^^^^^^
  File "C:\Users\yannb\Documents\1. Programmation\2. projet - site trading\Trading_app_version4\venv\Lib\site-packages\django\db\models\query.py", line 669, in create
    obj.save(force_insert=True, using=self.db)
    ~~~~~~~~^^^^^^^^^^^^^^^^^^^^^^^^^^^^^^^^^^
  File "C:\Users\yannb\Documents\1. Programmation\2. projet - site trading\Trading_app_version4\venv\Lib\site-packages\django\db\models\base.py", line 874, in save
    self.save_base(
    ~~~~~~~~~~~~~~^
        using=using,
        ^^^^^^^^^^^^
    ...<2 lines>...
        update_fields=update_fields,
        ^^^^^^^^^^^^^^^^^^^^^^^^^^^^
    )
    ^
  File "C:\Users\yannb\Documents\1. Programmation\2. projet - site trading\Trading_app_version4\venv\Lib\site-packages\django\db\models\base.py", line 966, in save_base
    updated = self._save_table(
        raw,
    ...<4 lines>...
        update_fields,
    )
  File "C:\Users\yannb\Documents\1. Programmation\2. projet - site trading\Trading_app_version4\venv\Lib\site-packages\django\db\models\base.py", line 1167, in _save_table
    results = self._do_insert(
        cls._base_manager, using, insert_fields, returning_fields, raw
    )
  File "C:\Users\yannb\Documents\1. Programmation\2. projet - site trading\Trading_app_version4\venv\Lib\site-packages\django\db\models\base.py", line 1218, in _do_insert
    return manager._insert(
           ~~~~~~~~~~~~~~~^
        [self],
        ^^^^^^^
    ...<3 lines>...
        raw=raw,
        ^^^^^^^^
    )
    ^
  File "C:\Users\yannb\Documents\1. Programmation\2. projet - site trading\Trading_app_version4\venv\Lib\site-packages\django\db\models\manager.py", line 87, in manager_method
    return getattr(self.get_queryset(), name)(*args, **kwargs)
           ~~~~~~~~~~~~~~~~~~~~~~~~~~~~~~~~~~^^^^^^^^^^^^^^^^^
  File "C:\Users\yannb\Documents\1. Programmation\2. projet - site trading\Trading_app_version4\venv\Lib\site-packages\django\db\models\query.py", line 1918, in _insert
    return query.get_compiler(using=using).execute_sql(returning_fields)
           ~~~~~~~~~~~~~~~~~~~~~~~~~~~~~~~~~~~~~~~~~~~^^^^^^^^^^^^^^^^^^
  File "C:\Users\yannb\Documents\1. Programmation\2. projet - site trading\Trading_app_version4\venv\Lib\site-packages\django\db\models\sql\compiler.py", line 1925, in execute_sql
    cursor.execute(sql, params)
    ~~~~~~~~~~~~~~^^^^^^^^^^^^^
  File "C:\Users\yannb\Documents\1. Programmation\2. projet - site trading\Trading_app_version4\venv\Lib\site-packages\django\db\backends\utils.py", line 122, in execute
    return super().execute(sql, params)
           ~~~~~~~~~~~~~~~^^^^^^^^^^^^^
  File "C:\Users\yannb\Documents\1. Programmation\2. projet - site trading\Trading_app_version4\venv\Lib\site-packages\django\db\backends\utils.py", line 79, in execute
    return self._execute_with_wrappers(
           ~~~~~~~~~~~~~~~~~~~~~~~~~~~^
        sql, params, many=False, executor=self._execute
        ^^^^^^^^^^^^^^^^^^^^^^^^^^^^^^^^^^^^^^^^^^^^^^^
    )
    ^
  File "C:\Users\yannb\Documents\1. Programmation\2. projet - site trading\Trading_app_version4\venv\Lib\site-packages\django\db\backends\utils.py", line 92, in _execute_with_wrappers
    return executor(sql, params, many, context)
  File "C:\Users\yannb\Documents\1. Programmation\2. projet - site trading\Trading_app_version4\venv\Lib\site-packages\django\db\backends\utils.py", line 99, in _execute
    self.db.validate_no_broken_transaction()
    ~~~~~~~~~~~~~~~~~~~~~~~~~~~~~~~~~~~~~~^^
  File "C:\Users\yannb\Documents\1. Programmation\2. projet - site trading\Trading_app_version4\venv\Lib\site-packages\django\db\backends\base\base.py", line 521, in validate_no_broken_transaction
    raise TransactionManagementError(
    ...<2 lines>...
    ) from self.rollback_exc
django.db.transaction.TransactionManagementError: An error occurred in the current transaction. You can't execute queries until the end of the 'atomic' block.

The above exception was the direct cause of the following exception:

Traceback (most recent call last):
  File "C:\Users\yannb\Documents\1. Programmation\2. projet - site trading\Trading_app_version4\backend\apps\trading\services\sync\trade_sync_service.py", line 157, in _sync_trades
    result = self._sync_single_trade(
        broker_account=broker_account,
        broker_trade=broker_trade,
    )
  File "C:\Users\yannb\Documents\1. Programmation\2. projet - site trading\Trading_app_version4\backend\apps\trading\services\sync\trade_sync_service.py", line 204, in _sync_single_trade
    ).first()
      ~~~~~^^
  File "C:\Users\yannb\Documents\1. Programmation\2. projet - site trading\Trading_app_version4\venv\Lib\site-packages\django\db\models\query.py", line 1145, in first
    for obj in queryset[:1]:
               ~~~~~~~~^^^^
  File "C:\Users\yannb\Documents\1. Programmation\2. projet - site trading\Trading_app_version4\venv\Lib\site-packages\django\db\models\query.py", line 390, in __iter__
    self._fetch_all()
    ~~~~~~~~~~~~~~~^^
  File "C:\Users\yannb\Documents\1. Programmation\2. projet - site trading\Trading_app_version4\venv\Lib\site-packages\django\db\models\query.py", line 2000, in _fetch_all
    self._result_cache = list(self._iterable_class(self))
                         ~~~~^^^^^^^^^^^^^^^^^^^^^^^^^^^^
  File "C:\Users\yannb\Documents\1. Programmation\2. projet - site trading\Trading_app_version4\venv\Lib\site-packages\django\db\models\query.py", line 95, in __iter__
    results = compiler.execute_sql(
        chunked_fetch=self.chunked_fetch, chunk_size=self.chunk_size
    )
  File "C:\Users\yannb\Documents\1. Programmation\2. projet - site trading\Trading_app_version4\venv\Lib\site-packages\django\db\models\sql\compiler.py", line 1624, in execute_sql
    cursor.execute(sql, params)
    ~~~~~~~~~~~~~~^^^^^^^^^^^^^
  File "C:\Users\yannb\Documents\1. Programmation\2. projet - site trading\Trading_app_version4\venv\Lib\site-packages\django\db\backends\utils.py", line 122, in execute
    return super().execute(sql, params)
           ~~~~~~~~~~~~~~~^^^^^^^^^^^^^
  File "C:\Users\yannb\Documents\1. Programmation\2. projet - site trading\Trading_app_version4\venv\Lib\site-packages\django\db\backends\utils.py", line 79, in execute
    return self._execute_with_wrappers(
           ~~~~~~~~~~~~~~~~~~~~~~~~~~~^
        sql, params, many=False, executor=self._execute
        ^^^^^^^^^^^^^^^^^^^^^^^^^^^^^^^^^^^^^^^^^^^^^^^
    )
    ^
  File "C:\Users\yannb\Documents\1. Programmation\2. projet - site trading\Trading_app_version4\venv\Lib\site-packages\django\db\backends\utils.py", line 92, in _execute_with_wrappers
    return executor(sql, params, many, context)
  File "C:\Users\yannb\Documents\1. Programmation\2. projet - site trading\Trading_app_version4\venv\Lib\site-packages\django\db\backends\utils.py", line 99, in _execute
    self.db.validate_no_broken_transaction()
    ~~~~~~~~~~~~~~~~~~~~~~~~~~~~~~~~~~~~~~^^
  File "C:\Users\yannb\Documents\1. Programmation\2. projet - site trading\Trading_app_version4\venv\Lib\site-packages\django\db\backends\base\base.py", line 521, in validate_no_broken_transaction
    raise TransactionManagementError(
    ...<2 lines>...
    ) from self.rollback_exc
django.db.transaction.TransactionManagementError: An error occurred in the current transaction. You can't execute queries until the end of the 'atomic' block.
[ERROR   ] 2026-01-02 15:26:52 | trading.sync.TradeSyncService  | _log_error:94 | ❌ Failed to sync trade 6475877445_5342707956: An error occurred in the current transaction. You can't execute queries until the end of the 'atomic' block.
Traceback (most recent call last):
  File "C:\Users\yannb\Documents\1. Programmation\2. projet - site trading\Trading_app_version4\venv\Lib\site-packages\django\db\backends\utils.py", line 105, in _execute
    return self.cursor.execute(sql, params)
           ~~~~~~~~~~~~~~~~~~~^^^^^^^^^^^^^
psycopg2.errors.UniqueViolation: duplicate key value violates unique constraint "trading_allassets_symbol_platform_3833b47a_uniq"
DETAIL:  Key (symbol, platform)=(AAPL:xnas, SAXO) already exists.


The above exception was the direct cause of the following exception:

Traceback (most recent call last):
  File "C:\Users\yannb\Documents\1. Programmation\2. projet - site trading\Trading_app_version4\backend\apps\trading\services\sync\trade_sync_service.py", line 381, in _get_or_create_all_asset
    all_asset = AllAssets.objects.create(
        symbol=broker_asset.symbol,  # Le vrai symbole, pas "UIC_xxxx"
    ...<10 lines>...
        saxo_country_code=raw_data.get('country_code', ''),
    )
  File "C:\Users\yannb\Documents\1. Programmation\2. projet - site trading\Trading_app_version4\venv\Lib\site-packages\django\db\models\manager.py", line 87, in manager_method
    return getattr(self.get_queryset(), name)(*args, **kwargs)
           ~~~~~~~~~~~~~~~~~~~~~~~~~~~~~~~~~~^^^^^^^^^^^^^^^^^
  File "C:\Users\yannb\Documents\1. Programmation\2. projet - site trading\Trading_app_version4\venv\Lib\site-packages\django\db\models\query.py", line 669, in create
    obj.save(force_insert=True, using=self.db)
    ~~~~~~~~^^^^^^^^^^^^^^^^^^^^^^^^^^^^^^^^^^
  File "C:\Users\yannb\Documents\1. Programmation\2. projet - site trading\Trading_app_version4\venv\Lib\site-packages\django\db\models\base.py", line 874, in save
    self.save_base(
    ~~~~~~~~~~~~~~^
        using=using,
        ^^^^^^^^^^^^
    ...<2 lines>...
        update_fields=update_fields,
        ^^^^^^^^^^^^^^^^^^^^^^^^^^^^
    )
    ^
  File "C:\Users\yannb\Documents\1. Programmation\2. projet - site trading\Trading_app_version4\venv\Lib\site-packages\django\db\models\base.py", line 966, in save_base
    updated = self._save_table(
        raw,
    ...<4 lines>...
        update_fields,
    )
  File "C:\Users\yannb\Documents\1. Programmation\2. projet - site trading\Trading_app_version4\venv\Lib\site-packages\django\db\models\base.py", line 1167, in _save_table
    results = self._do_insert(
        cls._base_manager, using, insert_fields, returning_fields, raw
    )
  File "C:\Users\yannb\Documents\1. Programmation\2. projet - site trading\Trading_app_version4\venv\Lib\site-packages\django\db\models\base.py", line 1218, in _do_insert
    return manager._insert(
           ~~~~~~~~~~~~~~~^
        [self],
        ^^^^^^^
    ...<3 lines>...
        raw=raw,
        ^^^^^^^^
    )
    ^
  File "C:\Users\yannb\Documents\1. Programmation\2. projet - site trading\Trading_app_version4\venv\Lib\site-packages\django\db\models\manager.py", line 87, in manager_method
    return getattr(self.get_queryset(), name)(*args, **kwargs)
           ~~~~~~~~~~~~~~~~~~~~~~~~~~~~~~~~~~^^^^^^^^^^^^^^^^^
  File "C:\Users\yannb\Documents\1. Programmation\2. projet - site trading\Trading_app_version4\venv\Lib\site-packages\django\db\models\query.py", line 1918, in _insert
    return query.get_compiler(using=using).execute_sql(returning_fields)
           ~~~~~~~~~~~~~~~~~~~~~~~~~~~~~~~~~~~~~~~~~~~^^^^^^^^^^^^^^^^^^
  File "C:\Users\yannb\Documents\1. Programmation\2. projet - site trading\Trading_app_version4\venv\Lib\site-packages\django\db\models\sql\compiler.py", line 1925, in execute_sql
    cursor.execute(sql, params)
    ~~~~~~~~~~~~~~^^^^^^^^^^^^^
  File "C:\Users\yannb\Documents\1. Programmation\2. projet - site trading\Trading_app_version4\venv\Lib\site-packages\django\db\backends\utils.py", line 122, in execute
    return super().execute(sql, params)
           ~~~~~~~~~~~~~~~^^^^^^^^^^^^^
  File "C:\Users\yannb\Documents\1. Programmation\2. projet - site trading\Trading_app_version4\venv\Lib\site-packages\django\db\backends\utils.py", line 79, in execute
    return self._execute_with_wrappers(
           ~~~~~~~~~~~~~~~~~~~~~~~~~~~^
        sql, params, many=False, executor=self._execute
        ^^^^^^^^^^^^^^^^^^^^^^^^^^^^^^^^^^^^^^^^^^^^^^^
    )
    ^
  File "C:\Users\yannb\Documents\1. Programmation\2. projet - site trading\Trading_app_version4\venv\Lib\site-packages\django\db\backends\utils.py", line 92, in _execute_with_wrappers
    return executor(sql, params, many, context)
  File "C:\Users\yannb\Documents\1. Programmation\2. projet - site trading\Trading_app_version4\venv\Lib\site-packages\django\db\backends\utils.py", line 100, in _execute
    with self.db.wrap_database_errors:
         ^^^^^^^^^^^^^^^^^^^^^^^^^^^^
  File "C:\Users\yannb\Documents\1. Programmation\2. projet - site trading\Trading_app_version4\venv\Lib\site-packages\django\db\utils.py", line 94, in __exit__
    raise dj_exc_value.with_traceback(traceback) from exc_value
  File "C:\Users\yannb\Documents\1. Programmation\2. projet - site trading\Trading_app_version4\venv\Lib\site-packages\django\db\backends\utils.py", line 105, in _execute
    return self.cursor.execute(sql, params)
           ~~~~~~~~~~~~~~~~~~~^^^^^^^^^^^^^
django.db.utils.IntegrityError: duplicate key value violates unique constraint "trading_allassets_symbol_platform_3833b47a_uniq"
DETAIL:  Key (symbol, platform)=(AAPL:xnas, SAXO) already exists.


The above exception was the direct cause of the following exception:

Traceback (most recent call last):
  File "C:\Users\yannb\Documents\1. Programmation\2. projet - site trading\Trading_app_version4\backend\apps\trading\services\sync\trade_sync_service.py", line 428, in _get_or_create_all_asset
    all_asset = AllAssets.objects.create(**create_kwargs)
  File "C:\Users\yannb\Documents\1. Programmation\2. projet - site trading\Trading_app_version4\venv\Lib\site-packages\django\db\models\manager.py", line 87, in manager_method
    return getattr(self.get_queryset(), name)(*args, **kwargs)
           ~~~~~~~~~~~~~~~~~~~~~~~~~~~~~~~~~~^^^^^^^^^^^^^^^^^
  File "C:\Users\yannb\Documents\1. Programmation\2. projet - site trading\Trading_app_version4\venv\Lib\site-packages\django\db\models\query.py", line 669, in create
    obj.save(force_insert=True, using=self.db)
    ~~~~~~~~^^^^^^^^^^^^^^^^^^^^^^^^^^^^^^^^^^
  File "C:\Users\yannb\Documents\1. Programmation\2. projet - site trading\Trading_app_version4\venv\Lib\site-packages\django\db\models\base.py", line 874, in save
    self.save_base(
    ~~~~~~~~~~~~~~^
        using=using,
        ^^^^^^^^^^^^
    ...<2 lines>...
        update_fields=update_fields,
        ^^^^^^^^^^^^^^^^^^^^^^^^^^^^
    )
    ^
  File "C:\Users\yannb\Documents\1. Programmation\2. projet - site trading\Trading_app_version4\venv\Lib\site-packages\django\db\models\base.py", line 966, in save_base
    updated = self._save_table(
        raw,
    ...<4 lines>...
        update_fields,
    )
  File "C:\Users\yannb\Documents\1. Programmation\2. projet - site trading\Trading_app_version4\venv\Lib\site-packages\django\db\models\base.py", line 1167, in _save_table
    results = self._do_insert(
        cls._base_manager, using, insert_fields, returning_fields, raw
    )
  File "C:\Users\yannb\Documents\1. Programmation\2. projet - site trading\Trading_app_version4\venv\Lib\site-packages\django\db\models\base.py", line 1218, in _do_insert
    return manager._insert(
           ~~~~~~~~~~~~~~~^
        [self],
        ^^^^^^^
    ...<3 lines>...
        raw=raw,
        ^^^^^^^^
    )
    ^
  File "C:\Users\yannb\Documents\1. Programmation\2. projet - site trading\Trading_app_version4\venv\Lib\site-packages\django\db\models\manager.py", line 87, in manager_method
    return getattr(self.get_queryset(), name)(*args, **kwargs)
           ~~~~~~~~~~~~~~~~~~~~~~~~~~~~~~~~~~^^^^^^^^^^^^^^^^^
  File "C:\Users\yannb\Documents\1. Programmation\2. projet - site trading\Trading_app_version4\venv\Lib\site-packages\django\db\models\query.py", line 1918, in _insert
    return query.get_compiler(using=using).execute_sql(returning_fields)
           ~~~~~~~~~~~~~~~~~~~~~~~~~~~~~~~~~~~~~~~~~~~^^^^^^^^^^^^^^^^^^
  File "C:\Users\yannb\Documents\1. Programmation\2. projet - site trading\Trading_app_version4\venv\Lib\site-packages\django\db\models\sql\compiler.py", line 1925, in execute_sql
    cursor.execute(sql, params)
    ~~~~~~~~~~~~~~^^^^^^^^^^^^^
  File "C:\Users\yannb\Documents\1. Programmation\2. projet - site trading\Trading_app_version4\venv\Lib\site-packages\django\db\backends\utils.py", line 122, in execute
    return super().execute(sql, params)
           ~~~~~~~~~~~~~~~^^^^^^^^^^^^^
  File "C:\Users\yannb\Documents\1. Programmation\2. projet - site trading\Trading_app_version4\venv\Lib\site-packages\django\db\backends\utils.py", line 79, in execute
    return self._execute_with_wrappers(
           ~~~~~~~~~~~~~~~~~~~~~~~~~~~^
        sql, params, many=False, executor=self._execute
        ^^^^^^^^^^^^^^^^^^^^^^^^^^^^^^^^^^^^^^^^^^^^^^^
    )
    ^
  File "C:\Users\yannb\Documents\1. Programmation\2. projet - site trading\Trading_app_version4\venv\Lib\site-packages\django\db\backends\utils.py", line 92, in _execute_with_wrappers
    return executor(sql, params, many, context)
  File "C:\Users\yannb\Documents\1. Programmation\2. projet - site trading\Trading_app_version4\venv\Lib\site-packages\django\db\backends\utils.py", line 99, in _execute
    self.db.validate_no_broken_transaction()
    ~~~~~~~~~~~~~~~~~~~~~~~~~~~~~~~~~~~~~~^^
  File "C:\Users\yannb\Documents\1. Programmation\2. projet - site trading\Trading_app_version4\venv\Lib\site-packages\django\db\backends\base\base.py", line 521, in validate_no_broken_transaction
    raise TransactionManagementError(
    ...<2 lines>...
    ) from self.rollback_exc
django.db.transaction.TransactionManagementError: An error occurred in the current transaction. You can't execute queries until the end of the 'atomic' block.

The above exception was the direct cause of the following exception:

Traceback (most recent call last):
  File "C:\Users\yannb\Documents\1. Programmation\2. projet - site trading\Trading_app_version4\backend\apps\trading\services\sync\trade_sync_service.py", line 157, in _sync_trades
    result = self._sync_single_trade(
        broker_account=broker_account,
        broker_trade=broker_trade,
    )
  File "C:\Users\yannb\Documents\1. Programmation\2. projet - site trading\Trading_app_version4\backend\apps\trading\services\sync\trade_sync_service.py", line 204, in _sync_single_trade
    ).first()
      ~~~~~^^
  File "C:\Users\yannb\Documents\1. Programmation\2. projet - site trading\Trading_app_version4\venv\Lib\site-packages\django\db\models\query.py", line 1145, in first
    for obj in queryset[:1]:
               ~~~~~~~~^^^^
  File "C:\Users\yannb\Documents\1. Programmation\2. projet - site trading\Trading_app_version4\venv\Lib\site-packages\django\db\models\query.py", line 390, in __iter__
    self._fetch_all()
    ~~~~~~~~~~~~~~~^^
  File "C:\Users\yannb\Documents\1. Programmation\2. projet - site trading\Trading_app_version4\venv\Lib\site-packages\django\db\models\query.py", line 2000, in _fetch_all
    self._result_cache = list(self._iterable_class(self))
                         ~~~~^^^^^^^^^^^^^^^^^^^^^^^^^^^^
  File "C:\Users\yannb\Documents\1. Programmation\2. projet - site trading\Trading_app_version4\venv\Lib\site-packages\django\db\models\query.py", line 95, in __iter__
    results = compiler.execute_sql(
        chunked_fetch=self.chunked_fetch, chunk_size=self.chunk_size
    )
  File "C:\Users\yannb\Documents\1. Programmation\2. projet - site trading\Trading_app_version4\venv\Lib\site-packages\django\db\models\sql\compiler.py", line 1624, in execute_sql
    cursor.execute(sql, params)
    ~~~~~~~~~~~~~~^^^^^^^^^^^^^
  File "C:\Users\yannb\Documents\1. Programmation\2. projet - site trading\Trading_app_version4\venv\Lib\site-packages\django\db\backends\utils.py", line 122, in execute
    return super().execute(sql, params)
           ~~~~~~~~~~~~~~~^^^^^^^^^^^^^
  File "C:\Users\yannb\Documents\1. Programmation\2. projet - site trading\Trading_app_version4\venv\Lib\site-packages\django\db\backends\utils.py", line 79, in execute
    return self._execute_with_wrappers(
           ~~~~~~~~~~~~~~~~~~~~~~~~~~~^
        sql, params, many=False, executor=self._execute
        ^^^^^^^^^^^^^^^^^^^^^^^^^^^^^^^^^^^^^^^^^^^^^^^
    )
    ^
  File "C:\Users\yannb\Documents\1. Programmation\2. projet - site trading\Trading_app_version4\venv\Lib\site-packages\django\db\backends\utils.py", line 92, in _execute_with_wrappers
    return executor(sql, params, many, context)
  File "C:\Users\yannb\Documents\1. Programmation\2. projet - site trading\Trading_app_version4\venv\Lib\site-packages\django\db\backends\utils.py", line 99, in _execute
    self.db.validate_no_broken_transaction()
    ~~~~~~~~~~~~~~~~~~~~~~~~~~~~~~~~~~~~~~^^
  File "C:\Users\yannb\Documents\1. Programmation\2. projet - site trading\Trading_app_version4\venv\Lib\site-packages\django\db\backends\base\base.py", line 521, in validate_no_broken_transaction
    raise TransactionManagementError(
    ...<2 lines>...
    ) from self.rollback_exc
django.db.transaction.TransactionManagementError: An error occurred in the current transaction. You can't execute queries until the end of the 'atomic' block.
[ERROR   ] 2026-01-02 15:26:52 | trading.sync.TradeSyncService  | _log_error:94 | ❌ Failed to sync trade 6452969284_5336775444: An error occurred in the current transaction. You can't execute queries until the end of the 'atomic' block.
Traceback (most recent call last):
  File "C:\Users\yannb\Documents\1. Programmation\2. projet - site trading\Trading_app_version4\venv\Lib\site-packages\django\db\backends\utils.py", line 105, in _execute
    return self.cursor.execute(sql, params)
           ~~~~~~~~~~~~~~~~~~~^^^^^^^^^^^^^
psycopg2.errors.UniqueViolation: duplicate key value violates unique constraint "trading_allassets_symbol_platform_3833b47a_uniq"
DETAIL:  Key (symbol, platform)=(AAPL:xnas, SAXO) already exists.


The above exception was the direct cause of the following exception:

Traceback (most recent call last):
  File "C:\Users\yannb\Documents\1. Programmation\2. projet - site trading\Trading_app_version4\backend\apps\trading\services\sync\trade_sync_service.py", line 381, in _get_or_create_all_asset
    all_asset = AllAssets.objects.create(
        symbol=broker_asset.symbol,  # Le vrai symbole, pas "UIC_xxxx"
    ...<10 lines>...
        saxo_country_code=raw_data.get('country_code', ''),
    )
  File "C:\Users\yannb\Documents\1. Programmation\2. projet - site trading\Trading_app_version4\venv\Lib\site-packages\django\db\models\manager.py", line 87, in manager_method
    return getattr(self.get_queryset(), name)(*args, **kwargs)
           ~~~~~~~~~~~~~~~~~~~~~~~~~~~~~~~~~~^^^^^^^^^^^^^^^^^
  File "C:\Users\yannb\Documents\1. Programmation\2. projet - site trading\Trading_app_version4\venv\Lib\site-packages\django\db\models\query.py", line 669, in create
    obj.save(force_insert=True, using=self.db)
    ~~~~~~~~^^^^^^^^^^^^^^^^^^^^^^^^^^^^^^^^^^
  File "C:\Users\yannb\Documents\1. Programmation\2. projet - site trading\Trading_app_version4\venv\Lib\site-packages\django\db\models\base.py", line 874, in save
    self.save_base(
    ~~~~~~~~~~~~~~^
        using=using,
        ^^^^^^^^^^^^
    ...<2 lines>...
        update_fields=update_fields,
        ^^^^^^^^^^^^^^^^^^^^^^^^^^^^
    )
    ^
  File "C:\Users\yannb\Documents\1. Programmation\2. projet - site trading\Trading_app_version4\venv\Lib\site-packages\django\db\models\base.py", line 966, in save_base
    updated = self._save_table(
        raw,
    ...<4 lines>...
        update_fields,
    )
  File "C:\Users\yannb\Documents\1. Programmation\2. projet - site trading\Trading_app_version4\venv\Lib\site-packages\django\db\models\base.py", line 1167, in _save_table
    results = self._do_insert(
        cls._base_manager, using, insert_fields, returning_fields, raw
    )
  File "C:\Users\yannb\Documents\1. Programmation\2. projet - site trading\Trading_app_version4\venv\Lib\site-packages\django\db\models\base.py", line 1218, in _do_insert
    return manager._insert(
           ~~~~~~~~~~~~~~~^
        [self],
        ^^^^^^^
    ...<3 lines>...
        raw=raw,
        ^^^^^^^^
    )
    ^
  File "C:\Users\yannb\Documents\1. Programmation\2. projet - site trading\Trading_app_version4\venv\Lib\site-packages\django\db\models\manager.py", line 87, in manager_method
    return getattr(self.get_queryset(), name)(*args, **kwargs)
           ~~~~~~~~~~~~~~~~~~~~~~~~~~~~~~~~~~^^^^^^^^^^^^^^^^^
  File "C:\Users\yannb\Documents\1. Programmation\2. projet - site trading\Trading_app_version4\venv\Lib\site-packages\django\db\models\query.py", line 1918, in _insert
    return query.get_compiler(using=using).execute_sql(returning_fields)
           ~~~~~~~~~~~~~~~~~~~~~~~~~~~~~~~~~~~~~~~~~~~^^^^^^^^^^^^^^^^^^
  File "C:\Users\yannb\Documents\1. Programmation\2. projet - site trading\Trading_app_version4\venv\Lib\site-packages\django\db\models\sql\compiler.py", line 1925, in execute_sql
    cursor.execute(sql, params)
    ~~~~~~~~~~~~~~^^^^^^^^^^^^^
  File "C:\Users\yannb\Documents\1. Programmation\2. projet - site trading\Trading_app_version4\venv\Lib\site-packages\django\db\backends\utils.py", line 122, in execute
    return super().execute(sql, params)
           ~~~~~~~~~~~~~~~^^^^^^^^^^^^^
  File "C:\Users\yannb\Documents\1. Programmation\2. projet - site trading\Trading_app_version4\venv\Lib\site-packages\django\db\backends\utils.py", line 79, in execute
    return self._execute_with_wrappers(
           ~~~~~~~~~~~~~~~~~~~~~~~~~~~^
        sql, params, many=False, executor=self._execute
        ^^^^^^^^^^^^^^^^^^^^^^^^^^^^^^^^^^^^^^^^^^^^^^^
    )
    ^
  File "C:\Users\yannb\Documents\1. Programmation\2. projet - site trading\Trading_app_version4\venv\Lib\site-packages\django\db\backends\utils.py", line 92, in _execute_with_wrappers
    return executor(sql, params, many, context)
  File "C:\Users\yannb\Documents\1. Programmation\2. projet - site trading\Trading_app_version4\venv\Lib\site-packages\django\db\backends\utils.py", line 100, in _execute
    with self.db.wrap_database_errors:
         ^^^^^^^^^^^^^^^^^^^^^^^^^^^^
  File "C:\Users\yannb\Documents\1. Programmation\2. projet - site trading\Trading_app_version4\venv\Lib\site-packages\django\db\utils.py", line 94, in __exit__
    raise dj_exc_value.with_traceback(traceback) from exc_value
  File "C:\Users\yannb\Documents\1. Programmation\2. projet - site trading\Trading_app_version4\venv\Lib\site-packages\django\db\backends\utils.py", line 105, in _execute
    return self.cursor.execute(sql, params)
           ~~~~~~~~~~~~~~~~~~~^^^^^^^^^^^^^
django.db.utils.IntegrityError: duplicate key value violates unique constraint "trading_allassets_symbol_platform_3833b47a_uniq"
DETAIL:  Key (symbol, platform)=(AAPL:xnas, SAXO) already exists.


The above exception was the direct cause of the following exception:

Traceback (most recent call last):
  File "C:\Users\yannb\Documents\1. Programmation\2. projet - site trading\Trading_app_version4\backend\apps\trading\services\sync\trade_sync_service.py", line 428, in _get_or_create_all_asset
    all_asset = AllAssets.objects.create(**create_kwargs)
  File "C:\Users\yannb\Documents\1. Programmation\2. projet - site trading\Trading_app_version4\venv\Lib\site-packages\django\db\models\manager.py", line 87, in manager_method
    return getattr(self.get_queryset(), name)(*args, **kwargs)
           ~~~~~~~~~~~~~~~~~~~~~~~~~~~~~~~~~~^^^^^^^^^^^^^^^^^
  File "C:\Users\yannb\Documents\1. Programmation\2. projet - site trading\Trading_app_version4\venv\Lib\site-packages\django\db\models\query.py", line 669, in create
    obj.save(force_insert=True, using=self.db)
    ~~~~~~~~^^^^^^^^^^^^^^^^^^^^^^^^^^^^^^^^^^
  File "C:\Users\yannb\Documents\1. Programmation\2. projet - site trading\Trading_app_version4\venv\Lib\site-packages\django\db\models\base.py", line 874, in save
    self.save_base(
    ~~~~~~~~~~~~~~^
        using=using,
        ^^^^^^^^^^^^
    ...<2 lines>...
        update_fields=update_fields,
        ^^^^^^^^^^^^^^^^^^^^^^^^^^^^
    )
    ^
  File "C:\Users\yannb\Documents\1. Programmation\2. projet - site trading\Trading_app_version4\venv\Lib\site-packages\django\db\models\base.py", line 966, in save_base
    updated = self._save_table(
        raw,
    ...<4 lines>...
        update_fields,
    )
  File "C:\Users\yannb\Documents\1. Programmation\2. projet - site trading\Trading_app_version4\venv\Lib\site-packages\django\db\models\base.py", line 1167, in _save_table
    results = self._do_insert(
        cls._base_manager, using, insert_fields, returning_fields, raw
    )
  File "C:\Users\yannb\Documents\1. Programmation\2. projet - site trading\Trading_app_version4\venv\Lib\site-packages\django\db\models\base.py", line 1218, in _do_insert
    return manager._insert(
           ~~~~~~~~~~~~~~~^
        [self],
        ^^^^^^^
    ...<3 lines>...
        raw=raw,
        ^^^^^^^^
    )
    ^
  File "C:\Users\yannb\Documents\1. Programmation\2. projet - site trading\Trading_app_version4\venv\Lib\site-packages\django\db\models\manager.py", line 87, in manager_method
    return getattr(self.get_queryset(), name)(*args, **kwargs)
           ~~~~~~~~~~~~~~~~~~~~~~~~~~~~~~~~~~^^^^^^^^^^^^^^^^^
  File "C:\Users\yannb\Documents\1. Programmation\2. projet - site trading\Trading_app_version4\venv\Lib\site-packages\django\db\models\query.py", line 1918, in _insert
    return query.get_compiler(using=using).execute_sql(returning_fields)
           ~~~~~~~~~~~~~~~~~~~~~~~~~~~~~~~~~~~~~~~~~~~^^^^^^^^^^^^^^^^^^
  File "C:\Users\yannb\Documents\1. Programmation\2. projet - site trading\Trading_app_version4\venv\Lib\site-packages\django\db\models\sql\compiler.py", line 1925, in execute_sql
    cursor.execute(sql, params)
    ~~~~~~~~~~~~~~^^^^^^^^^^^^^
  File "C:\Users\yannb\Documents\1. Programmation\2. projet - site trading\Trading_app_version4\venv\Lib\site-packages\django\db\backends\utils.py", line 122, in execute
    return super().execute(sql, params)
           ~~~~~~~~~~~~~~~^^^^^^^^^^^^^
  File "C:\Users\yannb\Documents\1. Programmation\2. projet - site trading\Trading_app_version4\venv\Lib\site-packages\django\db\backends\utils.py", line 79, in execute
    return self._execute_with_wrappers(
           ~~~~~~~~~~~~~~~~~~~~~~~~~~~^
        sql, params, many=False, executor=self._execute
        ^^^^^^^^^^^^^^^^^^^^^^^^^^^^^^^^^^^^^^^^^^^^^^^
    )
    ^
  File "C:\Users\yannb\Documents\1. Programmation\2. projet - site trading\Trading_app_version4\venv\Lib\site-packages\django\db\backends\utils.py", line 92, in _execute_with_wrappers
    return executor(sql, params, many, context)
  File "C:\Users\yannb\Documents\1. Programmation\2. projet - site trading\Trading_app_version4\venv\Lib\site-packages\django\db\backends\utils.py", line 99, in _execute
    self.db.validate_no_broken_transaction()
    ~~~~~~~~~~~~~~~~~~~~~~~~~~~~~~~~~~~~~~^^
  File "C:\Users\yannb\Documents\1. Programmation\2. projet - site trading\Trading_app_version4\venv\Lib\site-packages\django\db\backends\base\base.py", line 521, in validate_no_broken_transaction
    raise TransactionManagementError(
    ...<2 lines>...
    ) from self.rollback_exc
django.db.transaction.TransactionManagementError: An error occurred in the current transaction. You can't execute queries until the end of the 'atomic' block.

The above exception was the direct cause of the following exception:

Traceback (most recent call last):
  File "C:\Users\yannb\Documents\1. Programmation\2. projet - site trading\Trading_app_version4\backend\apps\trading\services\sync\trade_sync_service.py", line 157, in _sync_trades
    result = self._sync_single_trade(
        broker_account=broker_account,
        broker_trade=broker_trade,
    )
  File "C:\Users\yannb\Documents\1. Programmation\2. projet - site trading\Trading_app_version4\backend\apps\trading\services\sync\trade_sync_service.py", line 204, in _sync_single_trade
    ).first()
      ~~~~~^^
  File "C:\Users\yannb\Documents\1. Programmation\2. projet - site trading\Trading_app_version4\venv\Lib\site-packages\django\db\models\query.py", line 1145, in first
    for obj in queryset[:1]:
               ~~~~~~~~^^^^
  File "C:\Users\yannb\Documents\1. Programmation\2. projet - site trading\Trading_app_version4\venv\Lib\site-packages\django\db\models\query.py", line 390, in __iter__
    self._fetch_all()
    ~~~~~~~~~~~~~~~^^
  File "C:\Users\yannb\Documents\1. Programmation\2. projet - site trading\Trading_app_version4\venv\Lib\site-packages\django\db\models\query.py", line 2000, in _fetch_all
    self._result_cache = list(self._iterable_class(self))
                         ~~~~^^^^^^^^^^^^^^^^^^^^^^^^^^^^
  File "C:\Users\yannb\Documents\1. Programmation\2. projet - site trading\Trading_app_version4\venv\Lib\site-packages\django\db\models\query.py", line 95, in __iter__
    results = compiler.execute_sql(
        chunked_fetch=self.chunked_fetch, chunk_size=self.chunk_size
    )
  File "C:\Users\yannb\Documents\1. Programmation\2. projet - site trading\Trading_app_version4\venv\Lib\site-packages\django\db\models\sql\compiler.py", line 1624, in execute_sql
    cursor.execute(sql, params)
    ~~~~~~~~~~~~~~^^^^^^^^^^^^^
  File "C:\Users\yannb\Documents\1. Programmation\2. projet - site trading\Trading_app_version4\venv\Lib\site-packages\django\db\backends\utils.py", line 122, in execute
    return super().execute(sql, params)
           ~~~~~~~~~~~~~~~^^^^^^^^^^^^^
  File "C:\Users\yannb\Documents\1. Programmation\2. projet - site trading\Trading_app_version4\venv\Lib\site-packages\django\db\backends\utils.py", line 79, in execute
    return self._execute_with_wrappers(
           ~~~~~~~~~~~~~~~~~~~~~~~~~~~^
        sql, params, many=False, executor=self._execute
        ^^^^^^^^^^^^^^^^^^^^^^^^^^^^^^^^^^^^^^^^^^^^^^^
    )
    ^
  File "C:\Users\yannb\Documents\1. Programmation\2. projet - site trading\Trading_app_version4\venv\Lib\site-packages\django\db\backends\utils.py", line 92, in _execute_with_wrappers
    return executor(sql, params, many, context)
  File "C:\Users\yannb\Documents\1. Programmation\2. projet - site trading\Trading_app_version4\venv\Lib\site-packages\django\db\backends\utils.py", line 99, in _execute
    self.db.validate_no_broken_transaction()
    ~~~~~~~~~~~~~~~~~~~~~~~~~~~~~~~~~~~~~~^^
  File "C:\Users\yannb\Documents\1. Programmation\2. projet - site trading\Trading_app_version4\venv\Lib\site-packages\django\db\backends\base\base.py", line 521, in validate_no_broken_transaction
    raise TransactionManagementError(
    ...<2 lines>...
    ) from self.rollback_exc
django.db.transaction.TransactionManagementError: An error occurred in the current transaction. You can't execute queries until the end of the 'atomic' block.
[ERROR   ] 2026-01-02 15:26:52 | trading.sync.TradeSyncService  | _log_error:94 | ❌ Failed to sync trade 6442596974_5333880900: An error occurred in the current transaction. You can't execute queries until the end of the 'atomic' block.
Traceback (most recent call last):
  File "C:\Users\yannb\Documents\1. Programmation\2. projet - site trading\Trading_app_version4\venv\Lib\site-packages\django\db\backends\utils.py", line 105, in _execute
    return self.cursor.execute(sql, params)
           ~~~~~~~~~~~~~~~~~~~^^^^^^^^^^^^^
psycopg2.errors.UniqueViolation: duplicate key value violates unique constraint "trading_allassets_symbol_platform_3833b47a_uniq"
DETAIL:  Key (symbol, platform)=(AAPL:xnas, SAXO) already exists.


The above exception was the direct cause of the following exception:

Traceback (most recent call last):
  File "C:\Users\yannb\Documents\1. Programmation\2. projet - site trading\Trading_app_version4\backend\apps\trading\services\sync\trade_sync_service.py", line 381, in _get_or_create_all_asset
    all_asset = AllAssets.objects.create(
        symbol=broker_asset.symbol,  # Le vrai symbole, pas "UIC_xxxx"
    ...<10 lines>...
        saxo_country_code=raw_data.get('country_code', ''),
    )
  File "C:\Users\yannb\Documents\1. Programmation\2. projet - site trading\Trading_app_version4\venv\Lib\site-packages\django\db\models\manager.py", line 87, in manager_method
    return getattr(self.get_queryset(), name)(*args, **kwargs)
           ~~~~~~~~~~~~~~~~~~~~~~~~~~~~~~~~~~^^^^^^^^^^^^^^^^^
  File "C:\Users\yannb\Documents\1. Programmation\2. projet - site trading\Trading_app_version4\venv\Lib\site-packages\django\db\models\query.py", line 669, in create
    obj.save(force_insert=True, using=self.db)
    ~~~~~~~~^^^^^^^^^^^^^^^^^^^^^^^^^^^^^^^^^^
  File "C:\Users\yannb\Documents\1. Programmation\2. projet - site trading\Trading_app_version4\venv\Lib\site-packages\django\db\models\base.py", line 874, in save
    self.save_base(
    ~~~~~~~~~~~~~~^
        using=using,
        ^^^^^^^^^^^^
    ...<2 lines>...
        update_fields=update_fields,
        ^^^^^^^^^^^^^^^^^^^^^^^^^^^^
    )
    ^
  File "C:\Users\yannb\Documents\1. Programmation\2. projet - site trading\Trading_app_version4\venv\Lib\site-packages\django\db\models\base.py", line 966, in save_base
    updated = self._save_table(
        raw,
    ...<4 lines>...
        update_fields,
    )
  File "C:\Users\yannb\Documents\1. Programmation\2. projet - site trading\Trading_app_version4\venv\Lib\site-packages\django\db\models\base.py", line 1167, in _save_table
    results = self._do_insert(
        cls._base_manager, using, insert_fields, returning_fields, raw
    )
  File "C:\Users\yannb\Documents\1. Programmation\2. projet - site trading\Trading_app_version4\venv\Lib\site-packages\django\db\models\base.py", line 1218, in _do_insert
    return manager._insert(
           ~~~~~~~~~~~~~~~^
        [self],
        ^^^^^^^
    ...<3 lines>...
        raw=raw,
        ^^^^^^^^
    )
    ^
  File "C:\Users\yannb\Documents\1. Programmation\2. projet - site trading\Trading_app_version4\venv\Lib\site-packages\django\db\models\manager.py", line 87, in manager_method
    return getattr(self.get_queryset(), name)(*args, **kwargs)
           ~~~~~~~~~~~~~~~~~~~~~~~~~~~~~~~~~~^^^^^^^^^^^^^^^^^
  File "C:\Users\yannb\Documents\1. Programmation\2. projet - site trading\Trading_app_version4\venv\Lib\site-packages\django\db\models\query.py", line 1918, in _insert
    return query.get_compiler(using=using).execute_sql(returning_fields)
           ~~~~~~~~~~~~~~~~~~~~~~~~~~~~~~~~~~~~~~~~~~~^^^^^^^^^^^^^^^^^^
  File "C:\Users\yannb\Documents\1. Programmation\2. projet - site trading\Trading_app_version4\venv\Lib\site-packages\django\db\models\sql\compiler.py", line 1925, in execute_sql
    cursor.execute(sql, params)
    ~~~~~~~~~~~~~~^^^^^^^^^^^^^
  File "C:\Users\yannb\Documents\1. Programmation\2. projet - site trading\Trading_app_version4\venv\Lib\site-packages\django\db\backends\utils.py", line 122, in execute
    return super().execute(sql, params)
           ~~~~~~~~~~~~~~~^^^^^^^^^^^^^
  File "C:\Users\yannb\Documents\1. Programmation\2. projet - site trading\Trading_app_version4\venv\Lib\site-packages\django\db\backends\utils.py", line 79, in execute
    return self._execute_with_wrappers(
           ~~~~~~~~~~~~~~~~~~~~~~~~~~~^
        sql, params, many=False, executor=self._execute
        ^^^^^^^^^^^^^^^^^^^^^^^^^^^^^^^^^^^^^^^^^^^^^^^
    )
    ^
  File "C:\Users\yannb\Documents\1. Programmation\2. projet - site trading\Trading_app_version4\venv\Lib\site-packages\django\db\backends\utils.py", line 92, in _execute_with_wrappers
    return executor(sql, params, many, context)
  File "C:\Users\yannb\Documents\1. Programmation\2. projet - site trading\Trading_app_version4\venv\Lib\site-packages\django\db\backends\utils.py", line 100, in _execute
    with self.db.wrap_database_errors:
         ^^^^^^^^^^^^^^^^^^^^^^^^^^^^
  File "C:\Users\yannb\Documents\1. Programmation\2. projet - site trading\Trading_app_version4\venv\Lib\site-packages\django\db\utils.py", line 94, in __exit__
    raise dj_exc_value.with_traceback(traceback) from exc_value
  File "C:\Users\yannb\Documents\1. Programmation\2. projet - site trading\Trading_app_version4\venv\Lib\site-packages\django\db\backends\utils.py", line 105, in _execute
    return self.cursor.execute(sql, params)
           ~~~~~~~~~~~~~~~~~~~^^^^^^^^^^^^^
django.db.utils.IntegrityError: duplicate key value violates unique constraint "trading_allassets_symbol_platform_3833b47a_uniq"
DETAIL:  Key (symbol, platform)=(AAPL:xnas, SAXO) already exists.


The above exception was the direct cause of the following exception:

Traceback (most recent call last):
  File "C:\Users\yannb\Documents\1. Programmation\2. projet - site trading\Trading_app_version4\backend\apps\trading\services\sync\trade_sync_service.py", line 428, in _get_or_create_all_asset
    all_asset = AllAssets.objects.create(**create_kwargs)
  File "C:\Users\yannb\Documents\1. Programmation\2. projet - site trading\Trading_app_version4\venv\Lib\site-packages\django\db\models\manager.py", line 87, in manager_method
    return getattr(self.get_queryset(), name)(*args, **kwargs)
           ~~~~~~~~~~~~~~~~~~~~~~~~~~~~~~~~~~^^^^^^^^^^^^^^^^^
  File "C:\Users\yannb\Documents\1. Programmation\2. projet - site trading\Trading_app_version4\venv\Lib\site-packages\django\db\models\query.py", line 669, in create
    obj.save(force_insert=True, using=self.db)
    ~~~~~~~~^^^^^^^^^^^^^^^^^^^^^^^^^^^^^^^^^^
  File "C:\Users\yannb\Documents\1. Programmation\2. projet - site trading\Trading_app_version4\venv\Lib\site-packages\django\db\models\base.py", line 874, in save
    self.save_base(
    ~~~~~~~~~~~~~~^
        using=using,
        ^^^^^^^^^^^^
    ...<2 lines>...
        update_fields=update_fields,
        ^^^^^^^^^^^^^^^^^^^^^^^^^^^^
    )
    ^
  File "C:\Users\yannb\Documents\1. Programmation\2. projet - site trading\Trading_app_version4\venv\Lib\site-packages\django\db\models\base.py", line 966, in save_base
    updated = self._save_table(
        raw,
    ...<4 lines>...
        update_fields,
    )
  File "C:\Users\yannb\Documents\1. Programmation\2. projet - site trading\Trading_app_version4\venv\Lib\site-packages\django\db\models\base.py", line 1167, in _save_table
    results = self._do_insert(
        cls._base_manager, using, insert_fields, returning_fields, raw
    )
  File "C:\Users\yannb\Documents\1. Programmation\2. projet - site trading\Trading_app_version4\venv\Lib\site-packages\django\db\models\base.py", line 1218, in _do_insert
    return manager._insert(
           ~~~~~~~~~~~~~~~^
        [self],
        ^^^^^^^
    ...<3 lines>...
        raw=raw,
        ^^^^^^^^
    )
    ^
  File "C:\Users\yannb\Documents\1. Programmation\2. projet - site trading\Trading_app_version4\venv\Lib\site-packages\django\db\models\manager.py", line 87, in manager_method
    return getattr(self.get_queryset(), name)(*args, **kwargs)
           ~~~~~~~~~~~~~~~~~~~~~~~~~~~~~~~~~~^^^^^^^^^^^^^^^^^
  File "C:\Users\yannb\Documents\1. Programmation\2. projet - site trading\Trading_app_version4\venv\Lib\site-packages\django\db\models\query.py", line 1918, in _insert
    return query.get_compiler(using=using).execute_sql(returning_fields)
           ~~~~~~~~~~~~~~~~~~~~~~~~~~~~~~~~~~~~~~~~~~~^^^^^^^^^^^^^^^^^^
  File "C:\Users\yannb\Documents\1. Programmation\2. projet - site trading\Trading_app_version4\venv\Lib\site-packages\django\db\models\sql\compiler.py", line 1925, in execute_sql
    cursor.execute(sql, params)
    ~~~~~~~~~~~~~~^^^^^^^^^^^^^
  File "C:\Users\yannb\Documents\1. Programmation\2. projet - site trading\Trading_app_version4\venv\Lib\site-packages\django\db\backends\utils.py", line 122, in execute
    return super().execute(sql, params)
           ~~~~~~~~~~~~~~~^^^^^^^^^^^^^
  File "C:\Users\yannb\Documents\1. Programmation\2. projet - site trading\Trading_app_version4\venv\Lib\site-packages\django\db\backends\utils.py", line 79, in execute
    return self._execute_with_wrappers(
           ~~~~~~~~~~~~~~~~~~~~~~~~~~~^
        sql, params, many=False, executor=self._execute
        ^^^^^^^^^^^^^^^^^^^^^^^^^^^^^^^^^^^^^^^^^^^^^^^
    )
    ^
  File "C:\Users\yannb\Documents\1. Programmation\2. projet - site trading\Trading_app_version4\venv\Lib\site-packages\django\db\backends\utils.py", line 92, in _execute_with_wrappers
    return executor(sql, params, many, context)
  File "C:\Users\yannb\Documents\1. Programmation\2. projet - site trading\Trading_app_version4\venv\Lib\site-packages\django\db\backends\utils.py", line 99, in _execute
    self.db.validate_no_broken_transaction()
    ~~~~~~~~~~~~~~~~~~~~~~~~~~~~~~~~~~~~~~^^
  File "C:\Users\yannb\Documents\1. Programmation\2. projet - site trading\Trading_app_version4\venv\Lib\site-packages\django\db\backends\base\base.py", line 521, in validate_no_broken_transaction
    raise TransactionManagementError(
    ...<2 lines>...
    ) from self.rollback_exc
django.db.transaction.TransactionManagementError: An error occurred in the current transaction. You can't execute queries until the end of the 'atomic' block.

The above exception was the direct cause of the following exception:

Traceback (most recent call last):
  File "C:\Users\yannb\Documents\1. Programmation\2. projet - site trading\Trading_app_version4\backend\apps\trading\services\sync\trade_sync_service.py", line 157, in _sync_trades
    result = self._sync_single_trade(
        broker_account=broker_account,
        broker_trade=broker_trade,
    )
  File "C:\Users\yannb\Documents\1. Programmation\2. projet - site trading\Trading_app_version4\backend\apps\trading\services\sync\trade_sync_service.py", line 204, in _sync_single_trade
    ).first()
      ~~~~~^^
  File "C:\Users\yannb\Documents\1. Programmation\2. projet - site trading\Trading_app_version4\venv\Lib\site-packages\django\db\models\query.py", line 1145, in first
    for obj in queryset[:1]:
               ~~~~~~~~^^^^
  File "C:\Users\yannb\Documents\1. Programmation\2. projet - site trading\Trading_app_version4\venv\Lib\site-packages\django\db\models\query.py", line 390, in __iter__
    self._fetch_all()
    ~~~~~~~~~~~~~~~^^
  File "C:\Users\yannb\Documents\1. Programmation\2. projet - site trading\Trading_app_version4\venv\Lib\site-packages\django\db\models\query.py", line 2000, in _fetch_all
    self._result_cache = list(self._iterable_class(self))
                         ~~~~^^^^^^^^^^^^^^^^^^^^^^^^^^^^
  File "C:\Users\yannb\Documents\1. Programmation\2. projet - site trading\Trading_app_version4\venv\Lib\site-packages\django\db\models\query.py", line 95, in __iter__
    results = compiler.execute_sql(
        chunked_fetch=self.chunked_fetch, chunk_size=self.chunk_size
    )
  File "C:\Users\yannb\Documents\1. Programmation\2. projet - site trading\Trading_app_version4\venv\Lib\site-packages\django\db\models\sql\compiler.py", line 1624, in execute_sql
    cursor.execute(sql, params)
    ~~~~~~~~~~~~~~^^^^^^^^^^^^^
  File "C:\Users\yannb\Documents\1. Programmation\2. projet - site trading\Trading_app_version4\venv\Lib\site-packages\django\db\backends\utils.py", line 122, in execute
    return super().execute(sql, params)
           ~~~~~~~~~~~~~~~^^^^^^^^^^^^^
  File "C:\Users\yannb\Documents\1. Programmation\2. projet - site trading\Trading_app_version4\venv\Lib\site-packages\django\db\backends\utils.py", line 79, in execute
    return self._execute_with_wrappers(
           ~~~~~~~~~~~~~~~~~~~~~~~~~~~^
        sql, params, many=False, executor=self._execute
        ^^^^^^^^^^^^^^^^^^^^^^^^^^^^^^^^^^^^^^^^^^^^^^^
    )
    ^
  File "C:\Users\yannb\Documents\1. Programmation\2. projet - site trading\Trading_app_version4\venv\Lib\site-packages\django\db\backends\utils.py", line 92, in _execute_with_wrappers
    return executor(sql, params, many, context)
  File "C:\Users\yannb\Documents\1. Programmation\2. projet - site trading\Trading_app_version4\venv\Lib\site-packages\django\db\backends\utils.py", line 99, in _execute
    self.db.validate_no_broken_transaction()
    ~~~~~~~~~~~~~~~~~~~~~~~~~~~~~~~~~~~~~~^^
  File "C:\Users\yannb\Documents\1. Programmation\2. projet - site trading\Trading_app_version4\venv\Lib\site-packages\django\db\backends\base\base.py", line 521, in validate_no_broken_transaction
    raise TransactionManagementError(
    ...<2 lines>...
    ) from self.rollback_exc
django.db.transaction.TransactionManagementError: An error occurred in the current transaction. You can't execute queries until the end of the 'atomic' block.
[ERROR   ] 2026-01-02 15:26:52 | trading.sync.TradeSyncService  | _log_error:94 | ❌ Failed to sync trade 6436034088_5332113701: An error occurred in the current transaction. You can't execute queries until the end of the 'atomic' block.
Traceback (most recent call last):
  File "C:\Users\yannb\Documents\1. Programmation\2. projet - site trading\Trading_app_version4\venv\Lib\site-packages\django\db\backends\utils.py", line 105, in _execute
    return self.cursor.execute(sql, params)
           ~~~~~~~~~~~~~~~~~~~^^^^^^^^^^^^^
psycopg2.errors.UniqueViolation: duplicate key value violates unique constraint "trading_allassets_symbol_platform_3833b47a_uniq"
DETAIL:  Key (symbol, platform)=(AAPL:xnas, SAXO) already exists.


The above exception was the direct cause of the following exception:

Traceback (most recent call last):
  File "C:\Users\yannb\Documents\1. Programmation\2. projet - site trading\Trading_app_version4\backend\apps\trading\services\sync\trade_sync_service.py", line 381, in _get_or_create_all_asset
    all_asset = AllAssets.objects.create(
        symbol=broker_asset.symbol,  # Le vrai symbole, pas "UIC_xxxx"
    ...<10 lines>...
        saxo_country_code=raw_data.get('country_code', ''),
    )
  File "C:\Users\yannb\Documents\1. Programmation\2. projet - site trading\Trading_app_version4\venv\Lib\site-packages\django\db\models\manager.py", line 87, in manager_method
    return getattr(self.get_queryset(), name)(*args, **kwargs)
           ~~~~~~~~~~~~~~~~~~~~~~~~~~~~~~~~~~^^^^^^^^^^^^^^^^^
  File "C:\Users\yannb\Documents\1. Programmation\2. projet - site trading\Trading_app_version4\venv\Lib\site-packages\django\db\models\query.py", line 669, in create
    obj.save(force_insert=True, using=self.db)
    ~~~~~~~~^^^^^^^^^^^^^^^^^^^^^^^^^^^^^^^^^^
  File "C:\Users\yannb\Documents\1. Programmation\2. projet - site trading\Trading_app_version4\venv\Lib\site-packages\django\db\models\base.py", line 874, in save
    self.save_base(
    ~~~~~~~~~~~~~~^
        using=using,
        ^^^^^^^^^^^^
    ...<2 lines>...
        update_fields=update_fields,
        ^^^^^^^^^^^^^^^^^^^^^^^^^^^^
    )
    ^
  File "C:\Users\yannb\Documents\1. Programmation\2. projet - site trading\Trading_app_version4\venv\Lib\site-packages\django\db\models\base.py", line 966, in save_base
    updated = self._save_table(
        raw,
    ...<4 lines>...
        update_fields,
    )
  File "C:\Users\yannb\Documents\1. Programmation\2. projet - site trading\Trading_app_version4\venv\Lib\site-packages\django\db\models\base.py", line 1167, in _save_table
    results = self._do_insert(
        cls._base_manager, using, insert_fields, returning_fields, raw
    )
  File "C:\Users\yannb\Documents\1. Programmation\2. projet - site trading\Trading_app_version4\venv\Lib\site-packages\django\db\models\base.py", line 1218, in _do_insert
    return manager._insert(
           ~~~~~~~~~~~~~~~^
        [self],
        ^^^^^^^
    ...<3 lines>...
        raw=raw,
        ^^^^^^^^
    )
    ^
  File "C:\Users\yannb\Documents\1. Programmation\2. projet - site trading\Trading_app_version4\venv\Lib\site-packages\django\db\models\manager.py", line 87, in manager_method
    return getattr(self.get_queryset(), name)(*args, **kwargs)
           ~~~~~~~~~~~~~~~~~~~~~~~~~~~~~~~~~~^^^^^^^^^^^^^^^^^
  File "C:\Users\yannb\Documents\1. Programmation\2. projet - site trading\Trading_app_version4\venv\Lib\site-packages\django\db\models\query.py", line 1918, in _insert
    return query.get_compiler(using=using).execute_sql(returning_fields)
           ~~~~~~~~~~~~~~~~~~~~~~~~~~~~~~~~~~~~~~~~~~~^^^^^^^^^^^^^^^^^^
  File "C:\Users\yannb\Documents\1. Programmation\2. projet - site trading\Trading_app_version4\venv\Lib\site-packages\django\db\models\sql\compiler.py", line 1925, in execute_sql
    cursor.execute(sql, params)
    ~~~~~~~~~~~~~~^^^^^^^^^^^^^
  File "C:\Users\yannb\Documents\1. Programmation\2. projet - site trading\Trading_app_version4\venv\Lib\site-packages\django\db\backends\utils.py", line 122, in execute
    return super().execute(sql, params)
           ~~~~~~~~~~~~~~~^^^^^^^^^^^^^
  File "C:\Users\yannb\Documents\1. Programmation\2. projet - site trading\Trading_app_version4\venv\Lib\site-packages\django\db\backends\utils.py", line 79, in execute
    return self._execute_with_wrappers(
           ~~~~~~~~~~~~~~~~~~~~~~~~~~~^
        sql, params, many=False, executor=self._execute
        ^^^^^^^^^^^^^^^^^^^^^^^^^^^^^^^^^^^^^^^^^^^^^^^
    )
    ^
  File "C:\Users\yannb\Documents\1. Programmation\2. projet - site trading\Trading_app_version4\venv\Lib\site-packages\django\db\backends\utils.py", line 92, in _execute_with_wrappers
    return executor(sql, params, many, context)
  File "C:\Users\yannb\Documents\1. Programmation\2. projet - site trading\Trading_app_version4\venv\Lib\site-packages\django\db\backends\utils.py", line 100, in _execute
    with self.db.wrap_database_errors:
         ^^^^^^^^^^^^^^^^^^^^^^^^^^^^
  File "C:\Users\yannb\Documents\1. Programmation\2. projet - site trading\Trading_app_version4\venv\Lib\site-packages\django\db\utils.py", line 94, in __exit__
    raise dj_exc_value.with_traceback(traceback) from exc_value
  File "C:\Users\yannb\Documents\1. Programmation\2. projet - site trading\Trading_app_version4\venv\Lib\site-packages\django\db\backends\utils.py", line 105, in _execute
    return self.cursor.execute(sql, params)
           ~~~~~~~~~~~~~~~~~~~^^^^^^^^^^^^^
django.db.utils.IntegrityError: duplicate key value violates unique constraint "trading_allassets_symbol_platform_3833b47a_uniq"
DETAIL:  Key (symbol, platform)=(AAPL:xnas, SAXO) already exists.


The above exception was the direct cause of the following exception:

Traceback (most recent call last):
  File "C:\Users\yannb\Documents\1. Programmation\2. projet - site trading\Trading_app_version4\backend\apps\trading\services\sync\trade_sync_service.py", line 428, in _get_or_create_all_asset
    all_asset = AllAssets.objects.create(**create_kwargs)
  File "C:\Users\yannb\Documents\1. Programmation\2. projet - site trading\Trading_app_version4\venv\Lib\site-packages\django\db\models\manager.py", line 87, in manager_method
    return getattr(self.get_queryset(), name)(*args, **kwargs)
           ~~~~~~~~~~~~~~~~~~~~~~~~~~~~~~~~~~^^^^^^^^^^^^^^^^^
  File "C:\Users\yannb\Documents\1. Programmation\2. projet - site trading\Trading_app_version4\venv\Lib\site-packages\django\db\models\query.py", line 669, in create
    obj.save(force_insert=True, using=self.db)
    ~~~~~~~~^^^^^^^^^^^^^^^^^^^^^^^^^^^^^^^^^^
  File "C:\Users\yannb\Documents\1. Programmation\2. projet - site trading\Trading_app_version4\venv\Lib\site-packages\django\db\models\base.py", line 874, in save
    self.save_base(
    ~~~~~~~~~~~~~~^
        using=using,
        ^^^^^^^^^^^^
    ...<2 lines>...
        update_fields=update_fields,
        ^^^^^^^^^^^^^^^^^^^^^^^^^^^^
    )
    ^
  File "C:\Users\yannb\Documents\1. Programmation\2. projet - site trading\Trading_app_version4\venv\Lib\site-packages\django\db\models\base.py", line 966, in save_base
    updated = self._save_table(
        raw,
    ...<4 lines>...
        update_fields,
    )
  File "C:\Users\yannb\Documents\1. Programmation\2. projet - site trading\Trading_app_version4\venv\Lib\site-packages\django\db\models\base.py", line 1167, in _save_table
    results = self._do_insert(
        cls._base_manager, using, insert_fields, returning_fields, raw
    )
  File "C:\Users\yannb\Documents\1. Programmation\2. projet - site trading\Trading_app_version4\venv\Lib\site-packages\django\db\models\base.py", line 1218, in _do_insert
    return manager._insert(
           ~~~~~~~~~~~~~~~^
        [self],
        ^^^^^^^
    ...<3 lines>...
        raw=raw,
        ^^^^^^^^
    )
    ^
  File "C:\Users\yannb\Documents\1. Programmation\2. projet - site trading\Trading_app_version4\venv\Lib\site-packages\django\db\models\manager.py", line 87, in manager_method
    return getattr(self.get_queryset(), name)(*args, **kwargs)
           ~~~~~~~~~~~~~~~~~~~~~~~~~~~~~~~~~~^^^^^^^^^^^^^^^^^
  File "C:\Users\yannb\Documents\1. Programmation\2. projet - site trading\Trading_app_version4\venv\Lib\site-packages\django\db\models\query.py", line 1918, in _insert
    return query.get_compiler(using=using).execute_sql(returning_fields)
           ~~~~~~~~~~~~~~~~~~~~~~~~~~~~~~~~~~~~~~~~~~~^^^^^^^^^^^^^^^^^^
  File "C:\Users\yannb\Documents\1. Programmation\2. projet - site trading\Trading_app_version4\venv\Lib\site-packages\django\db\models\sql\compiler.py", line 1925, in execute_sql
    cursor.execute(sql, params)
    ~~~~~~~~~~~~~~^^^^^^^^^^^^^
  File "C:\Users\yannb\Documents\1. Programmation\2. projet - site trading\Trading_app_version4\venv\Lib\site-packages\django\db\backends\utils.py", line 122, in execute
    return super().execute(sql, params)
           ~~~~~~~~~~~~~~~^^^^^^^^^^^^^
  File "C:\Users\yannb\Documents\1. Programmation\2. projet - site trading\Trading_app_version4\venv\Lib\site-packages\django\db\backends\utils.py", line 79, in execute
    return self._execute_with_wrappers(
           ~~~~~~~~~~~~~~~~~~~~~~~~~~~^
        sql, params, many=False, executor=self._execute
        ^^^^^^^^^^^^^^^^^^^^^^^^^^^^^^^^^^^^^^^^^^^^^^^
    )
    ^
  File "C:\Users\yannb\Documents\1. Programmation\2. projet - site trading\Trading_app_version4\venv\Lib\site-packages\django\db\backends\utils.py", line 92, in _execute_with_wrappers
    return executor(sql, params, many, context)
  File "C:\Users\yannb\Documents\1. Programmation\2. projet - site trading\Trading_app_version4\venv\Lib\site-packages\django\db\backends\utils.py", line 99, in _execute
    self.db.validate_no_broken_transaction()
    ~~~~~~~~~~~~~~~~~~~~~~~~~~~~~~~~~~~~~~^^
  File "C:\Users\yannb\Documents\1. Programmation\2. projet - site trading\Trading_app_version4\venv\Lib\site-packages\django\db\backends\base\base.py", line 521, in validate_no_broken_transaction
    raise TransactionManagementError(
    ...<2 lines>...
    ) from self.rollback_exc
django.db.transaction.TransactionManagementError: An error occurred in the current transaction. You can't execute queries until the end of the 'atomic' block.

The above exception was the direct cause of the following exception:

Traceback (most recent call last):
  File "C:\Users\yannb\Documents\1. Programmation\2. projet - site trading\Trading_app_version4\backend\apps\trading\services\sync\trade_sync_service.py", line 157, in _sync_trades
    result = self._sync_single_trade(
        broker_account=broker_account,
        broker_trade=broker_trade,
    )
  File "C:\Users\yannb\Documents\1. Programmation\2. projet - site trading\Trading_app_version4\backend\apps\trading\services\sync\trade_sync_service.py", line 204, in _sync_single_trade
    ).first()
      ~~~~~^^
  File "C:\Users\yannb\Documents\1. Programmation\2. projet - site trading\Trading_app_version4\venv\Lib\site-packages\django\db\models\query.py", line 1145, in first
    for obj in queryset[:1]:
               ~~~~~~~~^^^^
  File "C:\Users\yannb\Documents\1. Programmation\2. projet - site trading\Trading_app_version4\venv\Lib\site-packages\django\db\models\query.py", line 390, in __iter__
    self._fetch_all()
    ~~~~~~~~~~~~~~~^^
  File "C:\Users\yannb\Documents\1. Programmation\2. projet - site trading\Trading_app_version4\venv\Lib\site-packages\django\db\models\query.py", line 2000, in _fetch_all
    self._result_cache = list(self._iterable_class(self))
                         ~~~~^^^^^^^^^^^^^^^^^^^^^^^^^^^^
  File "C:\Users\yannb\Documents\1. Programmation\2. projet - site trading\Trading_app_version4\venv\Lib\site-packages\django\db\models\query.py", line 95, in __iter__
    results = compiler.execute_sql(
        chunked_fetch=self.chunked_fetch, chunk_size=self.chunk_size
    )
  File "C:\Users\yannb\Documents\1. Programmation\2. projet - site trading\Trading_app_version4\venv\Lib\site-packages\django\db\models\sql\compiler.py", line 1624, in execute_sql
    cursor.execute(sql, params)
    ~~~~~~~~~~~~~~^^^^^^^^^^^^^
  File "C:\Users\yannb\Documents\1. Programmation\2. projet - site trading\Trading_app_version4\venv\Lib\site-packages\django\db\backends\utils.py", line 122, in execute
    return super().execute(sql, params)
           ~~~~~~~~~~~~~~~^^^^^^^^^^^^^
  File "C:\Users\yannb\Documents\1. Programmation\2. projet - site trading\Trading_app_version4\venv\Lib\site-packages\django\db\backends\utils.py", line 79, in execute
    return self._execute_with_wrappers(
           ~~~~~~~~~~~~~~~~~~~~~~~~~~~^
        sql, params, many=False, executor=self._execute
        ^^^^^^^^^^^^^^^^^^^^^^^^^^^^^^^^^^^^^^^^^^^^^^^
    )
    ^
  File "C:\Users\yannb\Documents\1. Programmation\2. projet - site trading\Trading_app_version4\venv\Lib\site-packages\django\db\backends\utils.py", line 92, in _execute_with_wrappers
    return executor(sql, params, many, context)
  File "C:\Users\yannb\Documents\1. Programmation\2. projet - site trading\Trading_app_version4\venv\Lib\site-packages\django\db\backends\utils.py", line 99, in _execute
    self.db.validate_no_broken_transaction()
    ~~~~~~~~~~~~~~~~~~~~~~~~~~~~~~~~~~~~~~^^
  File "C:\Users\yannb\Documents\1. Programmation\2. projet - site trading\Trading_app_version4\venv\Lib\site-packages\django\db\backends\base\base.py", line 521, in validate_no_broken_transaction
    raise TransactionManagementError(
    ...<2 lines>...
    ) from self.rollback_exc
django.db.transaction.TransactionManagementError: An error occurred in the current transaction. You can't execute queries until the end of the 'atomic' block.
[INFO    ] 2026-01-02 15:26:52 | trading.sync.TradeSyncService  | _log_complete:115 | 🏁 trades sync completed: 0 created, 0 updated, 8 errors (3.10s)
[INFO    ] 2026-01-02 15:31:22 | trading.sync.TradeSyncService  | _log_start:77 | 🔄 Starting trade sync for Saxo Bank
[ERROR   ] 2026-01-02 15:31:23 | trading.sync.TradeSyncService  | _log_error:94 | ❌ Trade sync failed: Authentication failed: Refresh token expired or invalid
Traceback (most recent call last):
  File "C:\Users\yannb\Documents\1. Programmation\2. projet - site trading\Trading_app_version4\backend\apps\trading\brokers\saxo.py", line 246, in _refresh_token
    response.raise_for_status()
    ~~~~~~~~~~~~~~~~~~~~~~~~~^^
  File "C:\Users\yannb\Documents\1. Programmation\2. projet - site trading\Trading_app_version4\venv\Lib\site-packages\requests\models.py", line 1026, in raise_for_status
    raise HTTPError(http_error_msg, response=self)
requests.exceptions.HTTPError: 401 Client Error: Unauthorized for url: https://live.logonvalidation.net/token

During handling of the above exception, another exception occurred:

Traceback (most recent call last):
  File "C:\Users\yannb\Documents\1. Programmation\2. projet - site trading\Trading_app_version4\backend\apps\trading\brokers\saxo.py", line 182, in authenticate
    return self._refresh_token()
           ~~~~~~~~~~~~~~~~~~~^^
  File "C:\Users\yannb\Documents\1. Programmation\2. projet - site trading\Trading_app_version4\backend\apps\trading\brokers\saxo.py", line 262, in _refresh_token
    raise BrokerAuthenticationError("Refresh token expired or invalid")
apps.trading.brokers.base.AuthenticationError: Refresh token expired or invalid

During handling of the above exception, another exception occurred:

Traceback (most recent call last):
  File "C:\Users\yannb\Documents\1. Programmation\2. projet - site trading\Trading_app_version4\backend\apps\trading\services\sync\trade_sync_service.py", line 75, in sync
    if not broker.authenticate():
           ~~~~~~~~~~~~~~~~~~~^^
  File "C:\Users\yannb\Documents\1. Programmation\2. projet - site trading\Trading_app_version4\backend\apps\trading\brokers\saxo.py", line 189, in authenticate
    raise BrokerAuthenticationError(f"Authentication failed: {e}")
apps.trading.brokers.base.AuthenticationError: Authentication failed: Refresh token expired or invalid
[INFO    ] 2026-01-02 15:35:35 | trading.sync.TradeSyncService  | _log_start:77 | 🔄 Starting trade sync for Saxo Bank
[INFO    ] 2026-01-02 15:35:36 | trading.sync.TradeSyncService  | sync:87 | Retrieved 8 trades from SAXO
[INFO    ] 2026-01-02 15:35:37 | trading.sync.TradeSyncService  | _get_or_create_all_asset:414 | Updated existing AllAsset from API for UIC 211: AAPL:xnas (Apple Inc.) - fields: ['market', 'saxo_exchange_id', 'saxo_country_code']
[INFO    ] 2026-01-02 15:35:38 | trading.sync.TradeSyncService  | _get_or_create_all_asset:414 | Updated existing AllAsset from API for UIC 9580372: TEP:xpar (Teleperformance SE) - fields: ['market', 'saxo_exchange_id', 'saxo_country_code']
[INFO    ] 2026-01-02 15:35:39 | trading.sync.TradeSyncService  | _get_or_create_all_asset:414 | Updated existing AllAsset from API for UIC 20088572: MP:xnys (MP Materials Corp.) - fields: ['market', 'saxo_exchange_id', 'saxo_country_code']
[INFO    ] 2026-01-02 15:35:40 | trading.sync.TradeSyncService  | _get_or_create_all_asset:414 | Updated existing AllAsset from API for UIC 48172478: USAR:xnas (USA Rare Earth Inc) - fields: ['market', 'saxo_exchange_id', 'saxo_country_code']
[INFO    ] 2026-01-02 15:35:40 | trading.sync.TradeSyncService  | _get_or_create_all_asset:414 | Updated existing AllAsset from API for UIC 602: NUE:xnys (Nucor Corp.) - fields: ['market', 'saxo_exchange_id', 'saxo_country_code']
[INFO    ] 2026-01-02 15:35:41 | trading.sync.TradeSyncService  | _get_or_create_all_asset:414 | Updated existing AllAsset from API for UIC 14042319: PAEEM:xpar (Amundi PEA Emergent MSCI Emerg ESG Trans UCITS ETF) - fields: ['market', 'saxo_exchange_id', 'saxo_country_code']
[INFO    ] 2026-01-02 15:35:42 | trading.sync.TradeSyncService  | _log_complete:115 | 🏁 trades sync completed: 8 created, 0 updated (7.09s)
[INFO    ] 2026-01-02 15:36:28 | trading.services.sync.all_asset_prices | sync_from_yahoo_finance:216 | Synced 251 price records for AAPL:xnas (Yahoo: AAPL, Total days: 251)
[INFO    ] 2026-01-02 15:36:29 | trading.services.sync.all_asset_prices | sync_from_yahoo_finance:216 | Synced 256 price records for TEP:xpar (Yahoo: TEP.PA, Total days: 256)
[INFO    ] 2026-01-02 15:36:30 | trading.services.sync.all_asset_prices | sync_from_yahoo_finance:216 | Synced 251 price records for MP:xnys (Yahoo: MP, Total days: 251)
[INFO    ] 2026-01-02 15:36:31 | trading.services.sync.all_asset_prices | sync_from_yahoo_finance:216 | Synced 251 price records for USAR:xnas (Yahoo: USAR, Total days: 251)
[INFO    ] 2026-01-02 15:36:36 | trading.services.sync.all_asset_prices | sync_from_yahoo_finance:216 | Synced 256 price records for PAEEM:xpar (Yahoo: PAEEM.PA, Total days: 256)
[INFO    ] 2026-01-02 15:36:38 | trading.services.sync.all_asset_prices | sync_from_yahoo_finance:216 | Synced 251 price records for NUE:xnys (Yahoo: NUE, Total days: 251)
[INFO    ] 2026-01-02 15:38:45 | trading.services.sync.all_asset_prices | sync_from_yahoo_finance:216 | Synced 251 price records for AAPL:xnas (Yahoo: AAPL, Total days: 251)
[INFO    ] 2026-01-02 15:42:04 | trading.services.sync.all_asset_prices | sync_from_yahoo_finance:216 | Synced 251 price records for AAPL:xnas (Yahoo: AAPL, Total days: 251)
[INFO    ] 2026-01-02 15:42:52 | trading.services.sync.all_asset_prices | sync_from_yahoo_finance:216 | Synced 251 price records for AAPL:xnas (Yahoo: AAPL, Total days: 251)
[INFO    ] 2026-01-02 15:44:39 | trading.services.sync.all_asset_prices | sync_from_yahoo_finance:216 | Synced 251 price records for AAPB:xnas (Yahoo: AAPB, Total days: 251)
[INFO    ] 2026-01-02 16:35:10 | trading.services.sync.all_asset_prices | sync_from_yahoo_finance:216 | Synced 251 price records for AAPL:xnas (Yahoo: AAPL, Total days: 251)
[INFO    ] 2026-01-02 16:40:26 | trading.services.sync.all_asset_prices | sync_from_yahoo_finance:216 | Synced 251 price records for AAPL:xnas (Yahoo: AAPL, Total days: 251)
[INFO    ] 2026-01-02 17:51:51 | trading.services.sync.all_asset_prices | sync_from_yahoo_finance:216 | Synced 251 price records for AAPL:xnas (Yahoo: AAPL, Total days: 251)
[INFO    ] 2026-01-02 17:56:27 | trading.services.sync.all_asset_prices | sync_from_yahoo_finance:216 | Synced 251 price records for AAPL:xnas (Yahoo: AAPL, Total days: 251)
[INFO    ] 2026-01-02 17:57:40 | trading.services.sync.all_asset_prices | sync_from_yahoo_finance:216 | Synced 251 price records for AAPL:xnas (Yahoo: AAPL, Total days: 251)
[INFO    ] 2026-01-02 17:58:25 | trading.services.sync.all_asset_prices | sync_from_yahoo_finance:216 | Synced 251 price records for AAPL:xnas (Yahoo: AAPL, Total days: 251)
[INFO    ] 2026-01-02 17:58:47 | trading.services.sync.all_asset_prices | sync_from_yahoo_finance:216 | Synced 251 price records for AAPL:xnas (Yahoo: AAPL, Total days: 251)
[INFO    ] 2026-01-02 19:35:12 | trading.sync.PositionSyncService | _log_start:77 | 🔄 Starting position sync for Saxo Bank
[INFO    ] 2026-01-02 19:35:12 | trading.sync.PositionSyncService | sync:91 | Retrieved 6 positions from SAXO
[INFO    ] 2026-01-02 19:35:12 | trading.sync.PositionSyncService | _sync_single_position:248 | Position with UIC fallback symbol: UIC_211, UIC=211, asset_type=Stock, will attempt to fetch real symbol from API
[INFO    ] 2026-01-02 19:35:13 | trading.sync.PositionSyncService | _get_or_create_all_asset:467 | Found AllAsset by UIC 211: AAPL:xnas (was looking for UIC_211)
[INFO    ] 2026-01-02 19:35:13 | trading.sync.PositionSyncService | _sync_single_position:330 | Updating existing position 39 for UIC_211 (side=LONG)
[INFO    ] 2026-01-02 19:35:13 | trading.sync.PositionSyncService | _sync_single_position:340 | Position 39 updated successfully: AAPL:xnas LONG qty=1.0
[INFO    ] 2026-01-02 19:35:13 | trading.sync.PositionSyncService | _sync_positions:177 | Updated position for UIC_211
[INFO    ] 2026-01-02 19:35:13 | trading.sync.PositionSyncService | _sync_single_position:248 | Position with UIC fallback symbol: UIC_9580372, UIC=9580372, asset_type=Stock, will attempt to fetch real symbol from API
[INFO    ] 2026-01-02 19:35:13 | trading.sync.PositionSyncService | _get_or_create_all_asset:467 | Found AllAsset by UIC 9580372: TEP:xpar (was looking for UIC_9580372)
[INFO    ] 2026-01-02 19:35:13 | trading.sync.PositionSyncService | _sync_single_position:330 | Updating existing position 45 for UIC_9580372 (side=LONG)
[INFO    ] 2026-01-02 19:35:13 | trading.sync.PositionSyncService | _sync_single_position:340 | Position 45 updated successfully: TEP:xpar LONG qty=3.0
[INFO    ] 2026-01-02 19:35:13 | trading.sync.PositionSyncService | _sync_positions:177 | Updated position for UIC_9580372
[INFO    ] 2026-01-02 19:35:13 | trading.sync.PositionSyncService | _sync_single_position:248 | Position with UIC fallback symbol: UIC_20088572, UIC=20088572, asset_type=Stock, will attempt to fetch real symbol from API
[INFO    ] 2026-01-02 19:35:13 | trading.sync.PositionSyncService | _get_or_create_all_asset:467 | Found AllAsset by UIC 20088572: MP:xnys (was looking for UIC_20088572)
[INFO    ] 2026-01-02 19:35:13 | trading.sync.PositionSyncService | _sync_single_position:330 | Updating existing position 46 for UIC_20088572 (side=LONG)
[INFO    ] 2026-01-02 19:35:13 | trading.sync.PositionSyncService | _sync_single_position:340 | Position 46 updated successfully: MP:xnys LONG qty=2.0
[INFO    ] 2026-01-02 19:35:13 | trading.sync.PositionSyncService | _sync_positions:177 | Updated position for UIC_20088572
[INFO    ] 2026-01-02 19:35:13 | trading.sync.PositionSyncService | _sync_single_position:248 | Position with UIC fallback symbol: UIC_48172478, UIC=48172478, asset_type=Stock, will attempt to fetch real symbol from API
[INFO    ] 2026-01-02 19:35:13 | trading.sync.PositionSyncService | _get_or_create_all_asset:467 | Found AllAsset by UIC 48172478: USAR:xnas (was looking for UIC_48172478)
[INFO    ] 2026-01-02 19:35:13 | trading.sync.PositionSyncService | _sync_single_position:330 | Updating existing position 47 for UIC_48172478 (side=LONG)
[INFO    ] 2026-01-02 19:35:13 | trading.sync.PositionSyncService | _sync_single_position:340 | Position 47 updated successfully: USAR:xnas LONG qty=6.0
[INFO    ] 2026-01-02 19:35:13 | trading.sync.PositionSyncService | _sync_positions:177 | Updated position for UIC_48172478
[INFO    ] 2026-01-02 19:35:13 | trading.sync.PositionSyncService | _sync_single_position:248 | Position with UIC fallback symbol: UIC_602, UIC=602, asset_type=Stock, will attempt to fetch real symbol from API
[INFO    ] 2026-01-02 19:35:14 | trading.sync.PositionSyncService | _get_or_create_all_asset:467 | Found AllAsset by UIC 602: NUE:xnys (was looking for UIC_602)
[INFO    ] 2026-01-02 19:35:14 | trading.sync.PositionSyncService | _sync_single_position:330 | Updating existing position 48 for UIC_602 (side=LONG)
[INFO    ] 2026-01-02 19:35:14 | trading.sync.PositionSyncService | _sync_single_position:340 | Position 48 updated successfully: NUE:xnys LONG qty=1.0
[INFO    ] 2026-01-02 19:35:14 | trading.sync.PositionSyncService | _sync_positions:177 | Updated position for UIC_602
[INFO    ] 2026-01-02 19:35:14 | trading.sync.PositionSyncService | _sync_single_position:248 | Position with UIC fallback symbol: UIC_14042319, UIC=14042319, asset_type=Etf, will attempt to fetch real symbol from API
[INFO    ] 2026-01-02 19:35:14 | trading.sync.PositionSyncService | _get_or_create_all_asset:467 | Found AllAsset by UIC 14042319: PAEEM:xpar (was looking for UIC_14042319)
[INFO    ] 2026-01-02 19:35:14 | trading.sync.PositionSyncService | _sync_single_position:330 | Updating existing position 49 for UIC_14042319 (side=LONG)
[INFO    ] 2026-01-02 19:35:14 | trading.sync.PositionSyncService | _sync_single_position:340 | Position 49 updated successfully: PAEEM:xpar LONG qty=6.0
[INFO    ] 2026-01-02 19:35:14 | trading.sync.PositionSyncService | _sync_positions:177 | Updated position for UIC_14042319
[INFO    ] 2026-01-02 19:35:14 | trading.sync.PositionSyncService | _log_complete:115 | 🏁 positions sync completed: 0 created, 6 updated (2.06s)
[INFO    ] 2026-01-03 00:26:40 | trading.services.sync.all_asset_prices | sync_from_yahoo_finance:216 | Synced 250 price records for AAPL:xnas (Yahoo: AAPL, Total days: 251)
